# English prefix	masculine	feminine	neuter	plural
Dark	Тёмный	Тёмная	Тёмное	Тёмные
Void	Пустотный	Пустотная	Пустотное	Пустотные
Fire	Огненный	Огненная	Огненное	Огненные
Magitek	Магитехнический	Магитехническая	Магитехническое	Магитехнические
Right	Правый	Правая	Правое	Правые
Left	Левый	Левая	Левое	Левые
Arcane	Тайный	Тайная	Тайное	Тайные
Ancient	Древний	Древняя	Древнее	Древние
Holy	Святой	Святая	Святое	Святые
Sanctified	Освящённый	Освящённая	Освящённое	Освящённые
Black	Чёрный	Чёрная	Чёрное	Чёрные
Alexandrian	Александрийский	Александрийская	Александрийское	Александрийские
Double	Двойной	Двойная	Двойное	Двойные
Ice	Ледяной	Ледяная	Ледяное	Ледяные
Divine	Божественный	Божественная	Божественное	Божественные
Light	Светлый	Светлая	Светлое	Светлые
Aetherial	Эфирный	Эфирная	Эфирное	Эфирные
Aetheric	Эфирный	Эфирная	Эфирное	Эфирные
Aether	Эфирный	Эфирная	Эфирное	Эфирные
True	Истинный	Истинная	Истинное	Истинные
Death	Смертельный	Смертельная	Смертельное	Смертельные
Heavy	Тяжёлый	Тяжёлая	Тяжёлое	Тяжёлые
Blazing	Пылающий	Пылающая	Пылающее	Пылающие
Lightning	Громовой	Громовая	Громовое	Громовые
Absolute	Абсолютный	Абсолютная	Абсолютное	Абсолютные
Burning	Горящий	Горящая	Горящее	Горящие
Deadly	Смертоносный	Смертоносная	Смертоносное	Смертоносные
Electric	Электрический	Электрическая	Электрическое	Электрические
Wild	Дикий	Дикая	Дикое	Дикие
Empty	Пустой	Пустая	Пустое	Пустые
Shadow	Теневой	Теневая	Теневое	Теневые
Ultimate	Предельный	Предельная	Предельное	Предельные
Allagan	Аллаганский	Аллаганская	Аллаганское	Аллаганские
Deep	Глубокий	Глубокая	Глубокое	Глубокие
Poison	Ядовитый	Ядовитая	Ядовитое	Ядовитые
Wicked	Зловещий	Зловещая	Зловещее	Зловещие
Explosive	Взрывной	Взрывная	Взрывное	Взрывные
Searing	Опаляющий	Опаляющая	Опаляющее	Опаляющие
Aetherochemical	Эфирохимический	Эфирохимическая	Эфирохимическое	Эфирохимические
Energy	Энергетический	Энергетическая	Энергетическое	Энергетические
Grand	Великий	Великая	Великое	Великие
Hot	Горячий	Горячая	Горячее	Горячие
Infernal	Адский	Адская	Адское	Адские
Iron	Железный	Железная	Железное	Железные
Piercing	Пронзающий	Пронзающая	Пронзающее	Пронзающие
Sacred	Священный	Священная	Священное	Священные
Venom	Ядовитый	Ядовитая	Ядовитое	Ядовитые
Elemental	Стихийный	Стихийная	Стихийное	Стихийные
Radiant	Сияющий	Сияющая	Сияющее	Сияющие
Tartarean	Тартарский	Тартарская	Тартарское	Тартарские
Wind	Ветровой	Ветровая	Ветровое	Ветровые
Baleful	Зловещий	Зловещая	Зловещее	Зловещие
Brutal	Жестокий	Жестокая	Жестокое	Жестокие
Chilling	Леденящий	Леденящая	Леденящее	Леденящие
Critical	Критический	Критическая	Критическое	Критические
Final	Последний	Последняя	Последнее	Последние
Howling	Воющий	Воющая	Воющее	Воющие
Mortal	Смертельный	Смертельная	Смертельное	Смертельные
Phantom	Призрачный	Призрачная	Призрачное	Призрачные
Raging	Яростный	Яростная	Яростное	Яростные
Rear	Задний	Задняя	Заднее	Задние
Spinning	Вращающийся	Вращающаяся	Вращающееся	Вращающиеся
Stone	Каменный	Каменная	Каменное	Каменные
Thunder	Громовой	Громовая	Громовое	Громовые
Triple	Тройной	Тройная	Тройное	Тройные
White	Белый	Белая	Белое	Белые
Cold	Холодный	Холодная	Холодное	Холодные
Cross	Перекрёстный	Перекрёстная	Перекрёстное	Перекрёстные
Demonic	Демонический	Демоническая	Демоническое	Демонические
Flame	Огненный	Огненная	Огненное	Огненные
Great	Великий	Великая	Великое	Великие
Lunar	Лунный	Лунная	Лунное	Лунные
Mimicked	Подражательный	Подражательная	Подражательное	Подражательные
Advanced	Продвинутый	Продвинутая	Продвинутое	Продвинутые
Aerial	Воздушный	Воздушная	Воздушное	Воздушные
Air	Воздушный	Воздушная	Воздушное	Воздушные
Accursed	Проклятый	Проклятая	Проклятое	Проклятые
Acid	Кислотный	Кислотная	Кислотное	Кислотные
Acidic	Кислотный	Кислотная	Кислотное	Кислотные
Acrid	Едкий	Едкая	Едкое	Едкие
Adamant	Адамантовый	Адамантовая	Адамантовое	Адамантовые
Adamantine	Адамантовый	Адамантовая	Адамантовое	Адамантовые
Alpha	Альфа-	Альфа-	Альфа-	Альфа-
Aquatic	Водный	Водная	Водное	Водные
Aqua	Водяной	Водяная	Водяное	Водяные
Aqueous	Водный	Водная	Водное	Водные
Apocalyptic	Апокалиптический	Апокалиптическая	Апокалиптическое	Апокалиптические
Arboreal	Древесный	Древесная	Древесное	Древесные
Archaic	Архаичный	Архаичная	Архаичное	Архаичные
Arctic	Арктический	Арктическая	Арктическое	Арктические
Ardent	Пылкий	Пылкая	Пылкое	Пылкие
Ardorous	Пламенный	Пламенная	Пламенное	Пламенные
Astral	Астральный	Астральная	Астральное	Астральные
Umbral	Теневой	Теневая	Теневое	Теневые
Auto	Автоматический	Автоматическая	Автоматическое	Автоматические
Articulated	Сочленённый	Сочленённая	Сочленённое	Сочленённые
Augmented	Усиленный	Усиленная	Усиленное	Усиленные
Brilliant	Блистательный	Блистательная	Блистательное	Блистательные
Burnished	Полированный	Полированная	Полированное	Полированные
Blinding	Ослепляющий	Ослепляющая	Ослепляющее	Ослепляющие
Bloody	Кровавый	Кровавая	Кровавое	Кровавые
Blood	Кровавый	Кровавая	Кровавое	Кровавые
Blue	Синий	Синяя	Синее	Синие
Red	Красный	Красная	Красное	Красные
Green	Зелёный	Зелёная	Зелёное	Зелёные
Yellow	Жёлтый	Жёлтая	Жёлтое	Жёлтые
Purple	Фиолетовый	Фиолетовая	Фиолетовое	Фиолетовые
Crimson	Багровый	Багровая	Багровое	Багровые
Scarlet	Алый	Алая	Алое	Алые
Emerald	Изумрудный	Изумрудная	Изумрудное	Изумрудные
Ruby	Рубиновый	Рубиновая	Рубиновое	Рубиновые
Topaz	Топазовый	Топазовая	Топазовое	Топазовые
Golden	Золотой	Золотая	Золотое	Золотые
Silver	Серебряный	Серебряная	Серебряное	Серебряные
Crystal	Кристальный	Кристальная	Кристальное	Кристальные
Cosmic	Космический	Космическая	Космическое	Космические
Deepest	Глубочайший	Глубочайшая	Глубочайшее	Глубочайшие
Dread	Ужасный	Ужасная	Ужасное	Ужасные
Dragon	Драконий	Драконья	Драконье	Драконьи
Draconic	Драконий	Драконья	Драконье	Драконьи
Draconian	Драконий	Драконья	Драконье	Драконьи
Dream	Сновидческий	Сновидческая	Сновидческое	Сновидческие
Electricity	Электрический	Электрическая	Электрическое	Электрические
Endless	Бесконечный	Бесконечная	Бесконечное	Бесконечные
Eternal	Вечный	Вечная	Вечное	Вечные
Fiery	Огненный	Огненная	Огненное	Огненные
Flaming	Пламенный	Пламенная	Пламенное	Пламенные
Frost	Морозный	Морозная	Морозное	Морозные
Frozen	Замёрзший	Замёрзшая	Замёрзшее	Замёрзшие
Glacial	Ледниковый	Ледниковая	Ледниковое	Ледниковые
Giant	Гигантский	Гигантская	Гигантское	Гигантские
Grim	Мрачный	Мрачная	Мрачное	Мрачные
Heavenly	Небесный	Небесная	Небесное	Небесные
Hellish	Адский	Адская	Адское	Адские
High	Высокий	Высокая	Высокое	Высокие
Low	Низкий	Низкая	Низкое	Низкие
Hyper	Сверхмощный	Сверхмощная	Сверхмощное	Сверхмощные
Large	Большой	Большая	Большое	Большие
Little	Малый	Малая	Малое	Малые
Mighty	Могучий	Могучая	Могучее	Могучие
Noxious	Ядовитый	Ядовитая	Ядовитое	Ядовитые
Poisonous	Ядовитый	Ядовитая	Ядовитое	Ядовитые
Primordial	Первозданный	Первозданная	Первозданное	Первозданные
Primal	Первобытный	Первобытная	Первобытное	Первобытные
Rapid	Быстрый	Быстрая	Быстрое	Быстрые
Refulgent	Блистающий	Блистающая	Блистающее	Блистающие
Rending	Раздирающий	Раздирающая	Раздирающее	Раздирающие
Savage	Свирепый	Свирепая	Свирепое	Свирепые
Scorching	Обжигающий	Обжигающая	Обжигающее	Обжигающие
Shining	Сияющий	Сияющая	Сияющее	Сияющие
Silent	Безмолвный	Безмолвная	Безмолвное	Безмолвные
Solar	Солнечный	Солнечная	Солнечное	Солнечные
Stellar	Звёздный	Звёздная	Звёздное	Звёздные
Sudden	Внезапный	Внезапная	Внезапное	Внезапные
Sweeping	Сметающий	Сметающая	Сметающее	Сметающие
Terrible	Ужасающий	Ужасающая	Ужасающее	Ужасающие
Thunderous	Громовой	Громовая	Громовое	Громовые
Unholy	Нечестивый	Нечестивая	Нечестивое	Нечестивые
Violent	Жестокий	Жестокая	Жестокое	Жестокие
Water	Водяной	Водяная	Водяное	Водяные
Whirling	Крутящийся	Крутящаяся	Крутящееся	Крутящиеся
Widening	Расширяющийся	Расширяющаяся	Расширяющееся	Расширяющиеся
Crystalline	Кристаллический	Кристаллическая	Кристаллическое	Кристаллические
Cursed	Проклятый	Проклятая	Проклятое	Проклятые
Earthen	Земляной	Земляная	Земляное	Земляные
Fluid	Жидкий	Жидкая	Жидкое	Жидкие
Forward	Передний	Передняя	Переднее	Передние
Stygian	Стигийский	Стигийская	Стигийское	Стигийские
Sublime	Возвышенный	Возвышенная	Возвышенное	Возвышенные
Big	Большой	Большая	Большое	Большие
Evil	Злой	Злая	Злое	Злые
Falling	Падающий	Падающая	Падающее	Падающие
Frigid	Студёный	Студёная	Студёное	Студёные
Heat	Тепловой	Тепловая	Тепловое	Тепловые
Laser	Лазерный	Лазерная	Лазерное	Лазерные
Leaping	Прыгающий	Прыгающая	Прыгающее	Прыгающие
Storm	Штормовой	Штормовая	Штормовое	Штормовые
Swift	Стремительный	Стремительная	Стремительное	Стремительные
Tidal	Приливный	Приливная	Приливное	Приливные
Toxic	Токсичный	Токсичная	Токсичное	Токсичные
Bitter	Горький	Горькая	Горькое	Горькие
Blighted	Осквернённый	Осквернённая	Осквернённое	Осквернённые
Crushing	Сокрушительный	Сокрушительная	Сокрушительное	Сокрушительные
False	Ложный	Ложная	Ложное	Ложные
Fell	Свирепый	Свирепая	Свирепое	Свирепые
Fourfold	Четверной	Четверная	Четверное	Четверные
Hard	Твёрдый	Твёрдая	Твёрдое	Твёрдые
Hollow	Полый	Полая	Полое	Полые
Inner	Внутренний	Внутренняя	Внутреннее	Внутренние
Roaring	Ревущий	Ревущая	Ревущее	Ревущие
Rock	Каменный	Каменная	Каменное	Каменные
Rolling	Катящийся	Катящаяся	Катящееся	Катящиеся
Rotten	Гнилой	Гнилая	Гнилое	Гнилые
Ruinous	Разрушительный	Разрушительная	Разрушительное	Разрушительные
Tiny	Крошечный	Крошечная	Крошечное	Крошечные
Turali	Туральский	Туральская	Туральское	Туральские
Twin	Двойной	Двойная	Двойное	Двойные
Chaotic	Хаотический	Хаотическая	Хаотическое	Хаотические
Colossal	Колоссальный	Колоссальная	Колоссальное	Колоссальные
Creeping	Ползучий	Ползучая	Ползучее	Ползучие
Dual	Двойной	Двойная	Двойное	Двойные
Earth	Земляной	Земляная	Земляное	Земляные
Esoteric	Тайный	Тайная	Тайное	Тайные
Last	Последний	Последняя	Последнее	Последние
Leftward	Левонаправленный	Левонаправленная	Левонаправленное	Левонаправленные
Rightward	Правонаправленный	Правонаправленная	Правонаправленное	Правонаправленные
Magic	Магический	Магическая	Магическое	Магические
Meteor	Метеорный	Метеорная	Метеорное	Метеорные
Missile	Ракетный	Ракетная	Ракетное	Ракетные
Optimized	Оптимизированный	Оптимизированная	Оптимизированное	Оптимизированные
Pom	Помпонный	Помпонная	Помпонное	Помпонные
Power	Мощный	Мощная	Мощное	Мощные
Pure	Чистый	Чистая	Чистое	Чистые
Quadruple	Четверной	Четверная	Четверное	Четверные
Quick	Быстрый	Быстрая	Быстрое	Быстрые
Reflected	Отражённый	Отражённая	Отражённое	Отражённые
Rising	Восходящий	Восходящая	Восходящее	Восходящие
Sand	Песчаный	Песчаная	Песчаное	Песчаные
Spiral	Спиральный	Спиральная	Спиральное	Спиральные
Static	Статический	Статическая	Статическое	Статические
Steel	Стальной	Стальная	Стальное	Стальные
Volcanic	Вулканический	Вулканическая	Вулканическое	Вулканические
Bestial	Звериный	Звериная	Звериное	Звериные
Collateral	Сопутствующий	Сопутствующая	Сопутствующее	Сопутствующие
Diamond	Алмазный	Алмазная	Алмазное	Алмазные
Dimensional	Пространственный	Пространственная	Пространственное	Пространственные
Dust	Пылевой	Пылевая	Пылевое	Пылевые
Electromagnetic	Электромагнитный	Электромагнитная	Электромагнитное	Электромагнитные
Emergency	Экстренный	Экстренная	Экстренное	Экстренные
Far	Дальний	Дальняя	Дальнее	Дальние
Fore	Передний	Передняя	Переднее	Передние
Full	Полный	Полная	Полное	Полные
Ghastly	Жуткий	Жуткая	Жуткое	Жуткие
Gravitational	Гравитационный	Гравитационная	Гравитационное	Гравитационные
Gravity	Гравитационный	Гравитационная	Гравитационное	Гравитационные
Greater	Большой	Большая	Большое	Большие
Homing	Самонаводящийся	Самонаводящаяся	Самонаводящееся	Самонаводящиеся
Lethal	Смертоносный	Смертоносная	Смертоносное	Смертоносные
Luminous	Светящийся	Светящаяся	Светящееся	Светящиеся
Noble	Благородный	Благородная	Благородное	Благородные
Petrifying	Окаменяющий	Окаменяющая	Окаменяющее	Окаменяющие
Plasma	Плазменный	Плазменная	Плазменное	Плазменные
Punishing	Карающий	Карающая	Карающее	Карающие
Relentless	Неустанный	Неустанная	Неустанное	Неустанные
Royal	Королевский	Королевская	Королевское	Королевские
Scalding	Обжигающий	Обжигающая	Обжигающее	Обжигающие
Sharp	Острый	Острая	Острое	Острые
Super	Сверхмощный	Сверхмощная	Сверхмощное	Сверхмощные
Azure	Лазурный	Лазурная	Лазурное	Лазурные
Biting	Кусающий	Кусающая	Кусающее	Кусающие
Bright	Яркий	Яркая	Яркое	Яркие
Broken	Сломанный	Сломанная	Сломанное	Сломанные
All-consuming	Всепоглощающий	Всепоглощающая	Всепоглощающее	Всепоглощающие
All-knowing	Всеведущий	Всеведущая	Всеведущее	Всеведущие
All-mighty	Всемогущий	Всемогущая	Всемогущее	Всемогущие
Alluring	Манящий	Манящая	Манящее	Манящие
Almighty	Всемогущий	Всемогущая	Всемогущее	Всемогущие
Amorphic	Бесформенный	Бесформенная	Бесформенное	Бесформенные
Amorphous	Аморфный	Аморфная	Аморфное	Аморфные
Anoxic	Бескислородный	Бескислородная	Бескислородное	Бескислородные
Antipodal	Противоположный	Противоположная	Противоположное	Противоположные
Apex	Высший	Высшая	Высшее	Высшие
Arbor	Древесный	Древесная	Древесное	Древесные
Artful	Искусный	Искусная	Искусное	Искусные
Artificial	Искусственный	Искусственная	Искусственное	Искусственные
Ascendant	Восходящий	Восходящая	Восходящее	Восходящие
Ascetic	Аскетический	Аскетическая	Аскетическое	Аскетические
Ashen	Пепельный	Пепельная	Пепельное	Пепельные
Ashing	Испепеляющий	Испепеляющая	Испепеляющее	Испепеляющие
Atmospheric	Атмосферный	Атмосферная	Атмосферное	Атмосферные
Atomic	Атомный	Атомная	Атомное	Атомные
Auroral	Рассветный	Рассветная	Рассветное	Рассветные
Authoritative	Властный	Властная	Властное	Властные
Automatic	Автоматический	Автоматическая	Автоматическое	Автоматические
Autumn	Осенний	Осенняя	Осеннее	Осенние
Autumnal	Осенний	Осенняя	Осеннее	Осенние
Awesome	Грозный	Грозная	Грозное	Грозные
Backward	Обратный	Обратная	Обратное	Обратные
Balanced	Уравновешенный	Уравновешенная	Уравновешенное	Уравновешенные
Ballistic	Баллистический	Баллистическая	Баллистическое	Баллистические
Banishing	Изгоняющий	Изгоняющая	Изгоняющее	Изгоняющие
Barbaric	Варварский	Варварская	Варварское	Варварские
Barbarous	Варварский	Варварская	Варварское	Варварские
Barbed	Колючий	Колючая	Колючее	Колючие
Beastly	Звериный	Звериная	Звериное	Звериные
Dead	Мёртвый	Мёртвая	Мёртвое	Мёртвые
Pyric	Огненный	Огненная	Огненное	Огненные
Sinbound	Скованный грехом	Скованная грехом	Скованное грехом	Скованные грехом
Thermal	Тепловой	Тепловая	Тепловое	Тепловые
Blizzard	Метельный	Метельная	Метельное	Метельные
Calamitous	Гибельный	Гибельная	Гибельное	Гибельные
Celestial	Небесный	Небесная	Небесное	Небесные
Cleansing	Очищающий	Очищающая	Очищающее	Очищающие
Delta	Дельта-	Дельта-	Дельта-	Дельта-
Feral	Звериный	Звериная	Звериное	Звериные
Gale	Шквальный	Шквальная	Шквальное	Шквальные
Gold	Золотой	Золотая	Золотое	Золотые
Hallowed	Священный	Священная	Священное	Священные
Massive	Массивный	Массивная	Массивное	Массивные
Meracydian	Мерацидийский	Мерацидийская	Мерацидийское	Мерацидийские
Mystic	Мистический	Мистическая	Мистическое	Мистические
Pitiless	Безжалостный	Безжалостная	Безжалостное	Безжалостные
Surface	Поверхностный	Поверхностная	Поверхностное	Поверхностные
Surging	Вздымающийся	Вздымающаяся	Вздымающееся	Вздымающиеся
Targeted	Прицельный	Прицельная	Прицельное	Прицельные
Vacuum	Вакуумный	Вакуумная	Вакуумное	Вакуумные
Blast	Взрывной	Взрывная	Взрывное	Взрывные
Blissful	Блаженный	Блаженная	Блаженное	Блаженные
Boulder	Валунный	Валунная	Валунное	Валунные
Bubble	Пузырьковый	Пузырьковая	Пузырьковое	Пузырьковые
Chain	Цепной	Цепная	Цепное	Цепные
Chaos	Хаотический	Хаотическая	Хаотическое	Хаотические
Chemical	Химический	Химическая	Химическое	Химические
Chthonic	Хтонический	Хтоническая	Хтоническое	Хтонические
Classical	Классический	Классическая	Классическое	Классические
Cyclonic	Циклонный	Циклонная	Циклонное	Циклонные
Dancing	Танцующий	Танцующая	Танцующее	Танцующие
Destructive	Разрушительный	Разрушительная	Разрушительное	Разрушительные
Ecliptic	Эклиптический	Эклиптическая	Эклиптическое	Эклиптические
Empyreal	Небесный	Небесная	Небесное	Небесные
Extreme	Предельный	Предельная	Предельное	Предельные
Flagrant	Вопиющий	Вопиющая	Вопиющее	Вопиющие
Flare	Вспыхивающий	Вспыхивающая	Вспыхивающее	Вспыхивающие
Flash	Мгновенный	Мгновенная	Мгновенное	Мгновенные
Fleeting	Мимолётный	Мимолётная	Мимолётное	Мимолётные
Freezing	Замораживающий	Замораживающая	Замораживающее	Замораживающие
Frenzied	Неистовый	Неистовая	Неистовое	Неистовые
Giga	Гига-	Гига-	Гига-	Гига-
Gigantic	Гигантский	Гигантская	Гигантское	Гигантские
Goblin	Гоблинский	Гоблинская	Гоблинское	Гоблинские
Incendiary	Зажигательный	Зажигательная	Зажигательное	Зажигательные
Infern	Адский	Адская	Адское	Адские
Intemperate	Неумеренный	Неумеренная	Неумеренное	Неумеренные
Levin	Громовой	Громовая	Громовое	Громовые
Magnetic	Магнитный	Магнитная	Магнитное	Магнитные
Main	Главный	Главная	Главное	Главные
Rushing	Стремительный	Стремительная	Стремительное	Стремительные
Sanguine	Кровавый	Кровавая	Кровавое	Кровавые
Seismic	Сейсмический	Сейсмическая	Сейсмическое	Сейсмические
Severed	Отсечённый	Отсечённая	Отсечённое	Отсечённые
Shifting	Меняющийся	Меняющаяся	Меняющееся	Меняющиеся
Shocking	Поражающий током	Поражающая током	Поражающее током	Поражающие током
Snow	Снежный	Снежная	Снежное	Снежные
Sonic	Звуковой	Звуковая	Звуковое	Звуковые
Sun	Солнечный	Солнечная	Солнечное	Солнечные
Tactical	Тактический	Тактическая	Тактическое	Тактические
Temporal	Временной	Временная	Временное	Временные
Terminal	Конечный	Конечная	Конечное	Конечные
Transcendent	Запредельный	Запредельная	Запредельное	Запредельные
Vengeful	Мстительный	Мстительная	Мстительное	Мстительные
Boundless	Безграничный	Безграничная	Безграничное	Безграничные
Bullish	Бычий	Бычья	Бычье	Бычьи
Centrifugal	Центробежный	Центробежная	Центробежное	Центробежные
Chill	Холодный	Холодная	Холодное	Холодные
Conceptual	Концептуальный	Концептуальная	Концептуальное	Концептуальные
Corrosive	Разъедающий	Разъедающая	Разъедающее	Разъедающие
Corrupting	Оскверняющий	Оскверняющая	Оскверняющее	Оскверняющие
Cosmo	Космический	Космическая	Космическое	Космические
Crackling	Трескучий	Трескучая	Трескучее	Трескучие
Crashing	Сокрушающий	Сокрушающая	Сокрушающее	Сокрушающие
Diffractive	Дифракционный	Дифракционная	Дифракционное	Дифракционные
Diffuse	Рассеянный	Рассеянная	Рассеянное	Рассеянные
Dirty	Грязный	Грязная	Грязное	Грязные
Dry	Сухой	Сухая	Сухое	Сухие
Emergent	Возникающий	Возникающая	Возникающее	Возникающие
Experimental	Экспериментальный	Экспериментальная	Экспериментальное	Экспериментальные
Fanged	Клыкастый	Клыкастая	Клыкастое	Клыкастые
Fatal	Роковой	Роковая	Роковое	Роковые
Fervid	Пылкий	Пылкая	Пылкое	Пылкие
Forcible	Принудительный	Принудительная	Принудительное	Принудительные
Forlorn	Покинутый	Покинутая	Покинутое	Покинутые
Foul	Скверный	Скверная	Скверное	Скверные
Furious	Яростный	Яростная	Яростное	Яростные
Gleaming	Сверкающий	Сверкающая	Сверкающее	Сверкающие
Heated	Раскалённый	Раскалённая	Раскалённое	Раскалённые
Heavensward	Устремлённый в небеса	Устремлённая в небеса	Устремлённое в небеса	Устремлённые в небеса
Hidden	Скрытый	Скрытая	Скрытое	Скрытые
High-powered	Высокомощный	Высокомощная	Высокомощное	Высокомощные
Hurricane	Ураганный	Ураганная	Ураганное	Ураганные
Imitation	Поддельный	Поддельная	Поддельное	Поддельные
Inescapable	Неотвратимый	Неотвратимая	Неотвратимое	Неотвратимые
Inevitable	Неизбежный	Неизбежная	Неизбежное	Неизбежные
Inferno	Адский	Адская	Адское	Адские
Inspirited	Воодушевлённый	Воодушевлённая	Воодушевлённое	Воодушевлённые
Ixali	Иксальский	Иксальская	Иксальское	Иксальские
Karmic	Кармический	Кармическая	Кармическое	Кармические
Keen	Острый	Острая	Острое	Острые
Killer	Убийственный	Убийственная	Убийственное	Убийственные
Lava	Лавовый	Лавовая	Лавовое	Лавовые
Lightless	Бессветный	Бессветная	Бессветное	Бессветные
Limitless	Беспредельный	Беспредельная	Беспредельное	Беспредельные
Lingering	Затяжной	Затяжная	Затяжное	Затяжные
Liquid	Жидкий	Жидкая	Жидкое	Жидкие
Living	Живой	Живая	Живое	Живые
Long	Длинный	Длинная	Длинное	Длинные
Looming	Надвигающийся	Надвигающаяся	Надвигающееся	Надвигающиеся
Mini	Малый	Малая	Малое	Малые
Mistic	Мистический	Мистическая	Мистическое	Мистические
Mistral	Мистральный	Мистральная	Мистральное	Мистральные
Mog	Муглский	Муглская	Муглское	Муглские
Mountain	Горный	Горная	Горное	Горные
Northern	Северный	Северная	Северное	Северные
Oil	Масляный	Масляная	Масляное	Масляные
Orogenic	Горообразующий	Горообразующая	Горообразующее	Горообразующие
Painful	Болезненный	Болезненная	Болезненное	Болезненные
Pandæmoniac	Пандемонический	Пандемоническая	Пандемоническое	Пандемонические
Photon	Фотонный	Фотонная	Фотонное	Фотонные
Plague	Чумной	Чумная	Чумное	Чумные
Plunging	Погружающийся	Погружающаяся	Погружающееся	Погружающиеся
Powerful	Мощный	Мощная	Мощное	Мощные
Preternatural	Сверхъестественный	Сверхъестественная	Сверхъестественное	Сверхъестественные
Pulse	Импульсный	Импульсная	Импульсное	Импульсные
Raw	Необузданный	Необузданная	Необузданное	Необузданные
Redfire	Красноогненный	Красноогненная	Красноогненное	Красноогненные
Regained	Вновь обретённый	Вновь обретённая	Вновь обретённое	Вновь обретённые
Ring	Кольцевой	Кольцевая	Кольцевое	Кольцевые
Ringing	Звенящий	Звенящая	Звенящее	Звенящие
Scathing	Обжигающий	Обжигающая	Обжигающее	Обжигающие
Scrap	Ломовой	Ломовая	Ломовое	Ломовые
Second	Второй	Вторая	Второе	Вторые
Sewage	Сточный	Сточная	Сточное	Сточные
Shattering	Раскалывающий	Раскалывающая	Раскалывающее	Раскалывающие
Shuddering	Содрогающийся	Содрогающаяся	Содрогающееся	Содрогающиеся
Sinister	Зловещий	Зловещая	Зловещее	Зловещие
Sparking	Искрящийся	Искрящаяся	Искрящееся	Искрящиеся
Spectral	Призрачный	Призрачная	Призрачное	Призрачные
Spirit	Духовный	Духовная	Духовное	Духовные
Spiteful	Злобный	Злобная	Злобное	Злобные
Split	Раздвоенный	Раздвоенная	Раздвоенное	Раздвоенные
Spore	Споровый	Споровая	Споровое	Споровые
Spring	Весенний	Весенняя	Весеннее	Весенние
Sticky	Липкий	Липкая	Липкое	Липкие
Stinging	Жалящий	Жалящая	Жалящее	Жалящие
Stray	Блуждающий	Блуждающая	Блуждающее	Блуждающие
Swirling	Кружащийся	Кружащаяся	Кружащееся	Кружащиеся
Synchronized	Синхронный	Синхронная	Синхронное	Синхронные
Tectonic	Тектонический	Тектоническая	Тектоническое	Тектонические
Tempestuous	Бурный	Бурная	Бурное	Бурные
Tera	Тера-	Тера-	Тера-	Тера-
Thermobaric	Термобарический	Термобарическая	Термобарическое	Термобарические
Threefold	Тройной	Тройная	Тройное	Тройные
Twisted	Искажённый	Искажённая	Искажённое	Искажённые
Twofold	Двойной	Двойная	Двойное	Двойные
Venomous	Ядовитый	Ядовитая	Ядовитое	Ядовитые
Verdant	Зеленеющий	Зеленеющая	Зеленеющее	Зеленеющие
Vorpal	Разящий	Разящая	Разящее	Разящие
Warm	Тёплый	Тёплая	Тёплое	Тёплые
Bad	Дурной	Дурная	Дурное	Дурные
Battle	Боевой	Боевая	Боевое	Боевые
Beguiling	Обольстительный	Обольстительная	Обольстительное	Обольстительные
Bewitching	Чарующий	Чарующая	Чарующее	Чарующие
Binding	Сковывающий	Сковывающая	Сковывающее	Сковывающие
Blackfire	Черноогненный	Черноогненная	Черноогненное	Черноогненные
Bleeding	Кровоточащий	Кровоточащая	Кровоточащее	Кровоточащие
Blessed	Благословенный	Благословенная	Благословенное	Благословенные
Blighting	Оскверняющий	Оскверняющая	Оскверняющее	Оскверняющие
Blistering	Обжигающий	Обжигающая	Обжигающее	Обжигающие
Brackish	Солоноватый	Солоноватая	Солоноватое	Солоноватые
Breaking	Ломающий	Ломающая	Ломающее	Ломающие
Brine	Соляной	Соляная	Соляное	Соляные
Hammer	Молотообразный	Молотообразная	Молотообразное	Молотообразные
Midnight	Полуночный	Полуночная	Полуночное	Полуночные
Superchain	Сверхцепной	Сверхцепная	Сверхцепное	Сверхцепные
Diabolic	Дьявольский	Дьявольская	Дьявольское	Дьявольские
Floral	Цветочный	Цветочная	Цветочное	Цветочные
Merciful	Милосердный	Милосердная	Милосердное	Милосердные
Moogle	Мугловый	Мугловая	Мугловое	Мугловые
Outer	Внешний	Внешняя	Внешнее	Внешние
Ravenous	Прожорливый	Прожорливая	Прожорливое	Прожорливые
Resounding	Громогласный	Громогласная	Громогласное	Громогласные
Roiling	Бурлящий	Бурлящая	Бурлящее	Бурлящие
Smiting	Разящий	Разящая	Разящее	Разящие
Twilight	Сумеречный	Сумеречная	Сумеречное	Сумеречные
Vertical	Вертикальный	Вертикальная	Вертикальное	Вертикальные
Visceral	Внутренний	Внутренняя	Внутреннее	Внутренние
Bog	Болотный	Болотная	Болотное	Болотные
Ceruleum	Церулеумный	Церулеумная	Церулеумное	Церулеумные
Chelic	Хелицерный	Хелицерная	Хелицерное	Хелицерные
Cruel	Жестокий	Жестокая	Жестокое	Жестокие
Defensive	Защитный	Защитная	Защитное	Защитные
Dense	Густой	Густая	Густое	Густые
Discordant	Разноголосый	Разноголосая	Разноголосое	Разноголосые
Doom	Роковой	Роковая	Роковое	Роковые
Doomvoid	Гибельно-пустотный	Гибельно-пустотная	Гибельно-пустотное	Гибельно-пустотные
Echoing	Отражённый эхом	Отражённая эхом	Отражённое эхом	Отражённые эхом
Fearsome	Устрашающий	Устрашающая	Устрашающее	Устрашающие
First	Первый	Первая	Первое	Первые
Flailing	Молотящий	Молотящая	Молотящее	Молотящие
Flying	Летящий	Летящая	Летящее	Летящие
Glacier	Ледниковый	Ледниковая	Ледниковое	Ледниковые
Granite	Гранитный	Гранитная	Гранитное	Гранитные
Ground	Наземный	Наземная	Наземное	Наземные
Hannish	Радз-ат-ханский	Радз-ат-ханская	Радз-ат-ханское	Радз-ат-ханские
Healing	Исцеляющий	Исцеляющая	Исцеляющее	Исцеляющие
Honeyed	Медовый	Медовая	Медовое	Медовые
Hysteric	Истерический	Истерическая	Истерическое	Истерические
Icy	Ледяной	Ледяная	Ледяное	Ледяные
Illusory	Иллюзорный	Иллюзорная	Иллюзорное	Иллюзорные
Impact	Ударный	Ударная	Ударное	Ударные
Ion	Ионный	Ионная	Ионное	Ионные
Lashing	Хлестающий	Хлестающая	Хлестающее	Хлестающие
Lateral	Боковой	Боковая	Боковое	Боковые
Laughing	Смеющийся	Смеющаяся	Смеющееся	Смеющиеся
Magicked	Магический	Магическая	Магическое	Магические
Moldy	Заплесневелый	Заплесневелая	Заплесневелое	Заплесневелые
Murky	Мутный	Мутная	Мутное	Мутные
Necrotic	Омертвляющий	Омертвляющая	Омертвляющее	Омертвляющие
Octuple	Восьмикратный	Восьмикратная	Восьмикратное	Восьмикратные
Odious	Отвратительный	Отвратительная	Отвратительное	Отвратительные
Onion	Луковый	Луковая	Луковое	Луковые
Pulverizing	Сокрушительный	Сокрушительная	Сокрушительное	Сокрушительные
Pyroclastic	Пирокластический	Пирокластическая	Пирокластическое	Пирокластические
Razor	Бритвенно-острый	Бритвенно-острая	Бритвенно-острое	Бритвенно-острые
Shattered	Разбитый	Разбитая	Разбитое	Разбитые
Sickly	Болезненный	Болезненная	Болезненное	Болезненные
Smoldering	Тлеющий	Тлеющая	Тлеющее	Тлеющие
Soaring	Парящий	Парящая	Парящее	Парящие
Somatic	Телесный	Телесная	Телесное	Телесные
Stalking	Преследующий	Преследующая	Преследующее	Преследующие
Striking	Разящий	Разящая	Разящее	Разящие
Stun	Оглушающий	Оглушающая	Оглушающее	Оглушающие
Supreme	Высший	Высшая	Высшее	Высшие
Sweet	Сладкий	Сладкая	Сладкое	Сладкие
Systematic	Систематический	Систематическая	Систематическое	Систематические
Tender	Нежный	Нежная	Нежное	Нежные
Third	Третий	Третья	Третье	Третьи
Throwing	Метательный	Метательная	Метательное	Метательные
Thrown	Метательный	Метательная	Метательное	Метательные
Ultra	Ультра-	Ультра-	Ультра-	Ультра-
Violet	Фиолетовый	Фиолетовая	Фиолетовое	Фиолетовые
Wandering	Блуждающий	Блуждающая	Блуждающее	Блуждающие
Waxing	Растущий	Растущая	Растущее	Растущие
Wide-angle	Широкоугольный	Широкоугольная	Широкоугольное	Широкоугольные
Basic	Базовый	Базовая	Базовое	Базовые
Beam	Лучевой	Лучевая	Лучевое	Лучевые
Beatific	Блаженный	Блаженная	Блаженное	Блаженные
Bloodied	Окровавленный	Окровавленная	Окровавленное	Окровавленные
Bombarian	Бомбарский	Бомбарская	Бомбарское	Бомбарские
Bone	Костяной	Костяная	Костяное	Костяные
Bracing	Бодрящий	Бодрящая	Бодрящее	Бодрящие
Brazen	Дерзкий	Дерзкая	Дерзкое	Дерзкие
Brittle	Хрупкий	Хрупкая	Хрупкое	Хрупкие
Bronze	Бронзовый	Бронзовая	Бронзовое	Бронзовые
Bull	Бычий	Бычья	Бычье	Бычьи
Cannon	Пушечный	Пушечная	Пушечное	Пушечные
Cataclysmic	Катастрофический	Катастрофическая	Катастрофическое	Катастрофические
Caustic	Едкий	Едкая	Едкое	Едкие
Cell	Клеточный	Клеточная	Клеточное	Клеточные
Centralized	Централизованный	Централизованная	Централизованное	Централизованные
Channeling	Направляющий	Направляющая	Направляющее	Направляющие
Charméd	Зачарованный	Зачарованная	Зачарованное	Зачарованные
Circle	Круговой	Круговая	Круговое	Круговые
Circling	Кружащийся	Кружащаяся	Кружащееся	Кружащиеся
Clear	Ясный	Ясная	Ясное	Ясные
Coffin	Гробовой	Гробовая	Гробовое	Гробовые
Coiled	Свитый	Свитая	Свитое	Свитые
Collective	Коллективный	Коллективная	Коллективное	Коллективные
Collider	Коллайдерный	Коллайдерная	Коллайдерное	Коллайдерные
Command	Командный	Командная	Командное	Командные
Cool	Прохладный	Прохладная	Прохладное	Прохладные
Crystallized	Кристаллизованный	Кристаллизованная	Кристаллизованное	Кристаллизованные
Cutting	Режущий	Режущая	Режущее	Режущие
Cyclone	Циклонный	Циклонная	Циклонное	Циклонные
Damning	Проклинающий	Проклинающая	Проклинающее	Проклинающие
Dawn	Рассветный	Рассветная	Рассветное	Рассветные
Deathly	Смертельный	Смертельная	Смертельное	Смертельные
Demi	Полу-	Полу-	Полу-	Полу-
Depth	Глубинный	Глубинная	Глубинное	Глубинные
Desert	Пустынный	Пустынная	Пустынное	Пустынные
Diffusion	Рассеянный	Рассеянная	Рассеянное	Рассеянные
Distant	Дальний	Дальняя	Дальнее	Дальние
Distress	Тревожный	Тревожная	Тревожное	Тревожные
Divisive	Разделяющий	Разделяющая	Разделяющее	Разделяющие
Dramatic	Драматический	Драматическая	Драматическое	Драматические
Drenching	Заливающий	Заливающая	Заливающее	Заливающие
Drill	Буровой	Буровая	Буровое	Буровые
Dull	Тупой	Тупая	Тупое	Тупые
Dusty	Пыльный	Пыльная	Пыльное	Пыльные
Dwarven	Дварфский	Дварфская	Дварфское	Дварфские
Dynamic	Динамический	Динамическая	Динамическое	Динамические
Echoed	Отражённый эхом	Отражённая эхом	Отражённое эхом	Отражённые эхом
Electrogenetic	Электрогенерирующий	Электрогенерирующая	Электрогенерирующее	Электрогенерирующие
Elementary	Стихийный	Стихийная	Стихийное	Стихийные
Enduring	Непреходящий	Непреходящая	Непреходящее	Непреходящие
Engulfing	Поглощающий	Поглощающая	Поглощающее	Поглощающие
Entropic	Энтропийный	Энтропийная	Энтропийное	Энтропийные
Eventide	Вечерний	Вечерняя	Вечернее	Вечерние
Extraplanar	Потусторонний	Потусторонняя	Потустороннее	Потусторонние
Extrasensory	Сверхчувственный	Сверхчувственная	Сверхчувственное	Сверхчувственные
Faerie	Феерический	Феерическая	Феерическое	Феерические
Fallen	Падший	Падшая	Падшее	Падшие
Fangward	Направленный к клыкам	Направленная к клыкам	Направленное к клыкам	Направленные к клыкам
Far-flung	Дальнобойный	Дальнобойная	Дальнобойное	Дальнобойные
Fast	Быстрый	Быстрая	Быстрое	Быстрые
Fevered	Лихорадочный	Лихорадочная	Лихорадочное	Лихорадочные
Fiendish	Демонический	Демоническая	Демоническое	Демонические
Firesteel	Огнестальной	Огнестальная	Огнестальное	Огнестальные
Flank	Фланговый	Фланговая	Фланговое	Фланговые
Fledgling	Неоперившийся	Неоперившаяся	Неоперившееся	Неоперившиеся
Flood	Потопный	Потопная	Потопное	Потопные
Fluke	Хвостовой	Хвостовая	Хвостовое	Хвостовые
Forceful	Мощный	Мощная	Мощное	Мощные
Fore-hind	Переднезадний	Переднезадняя	Переднезаднее	Переднезадние
Frightful	Ужасающий	Ужасающая	Ужасающее	Ужасающие
Frog	Лягушачий	Лягушачья	Лягушачье	Лягушачьи
Front	Передний	Передняя	Переднее	Передние
Fulgurous	Молниеносный	Молниеносная	Молниеносное	Молниеносные
Fulminous	Громовой	Громовая	Громовое	Громовые
Gathering	Собирающийся	Собирающаяся	Собирающееся	Собирающиеся
Gelid	Студёный	Студёная	Студёное	Студёные
Glass	Стеклянный	Стеклянная	Стеклянное	Стеклянные
Grave	Могильный	Могильная	Могильное	Могильные
Graviton	Гравитонный	Гравитонная	Гравитонное	Гравитонные
Guardian	Охранный	Охранная	Охранное	Охранные
Harrowing	Мучительный	Мучительная	Мучительное	Мучительные
Hateful	Ненавистный	Ненавистная	Ненавистное	Ненавистные
Hell	Адский	Адская	Адское	Адские
Hiemal	Зимний	Зимняя	Зимнее	Зимние
Hissing	Шипящий	Шипящая	Шипящее	Шипящие
Horizontal	Горизонтальный	Горизонтальная	Горизонтальное	Горизонтальные
Horrid	Жуткий	Жуткая	Жуткое	Жуткие
Hundredfold	Стократный	Стократная	Стократное	Стократные
Hydro	Водяной	Водяная	Водяное	Водяные
Hydrothermal	Гидротермальный	Гидротермальная	Гидротермальное	Гидротермальные
Hypercharged	Сверхзаряженный	Сверхзаряженная	Сверхзаряженное	Сверхзаряженные
Hypothermal	Гипотермический	Гипотермическая	Гипотермическое	Гипотермические
Idyllic	Идиллический	Идиллическая	Идиллическое	Идиллические
Imbued	Наполненный силой	Наполненная силой	Наполненное силой	Наполненные силой
Immortal	Бессмертный	Бессмертная	Бессмертное	Бессмертные
Imperial	Имперский	Имперская	Имперское	Имперские
Impulse	Импульсный	Импульсная	Импульсное	Импульсные
Impure	Нечистый	Нечистая	Нечистое	Нечистые
Inexorable	Неумолимый	Неумолимая	Неумолимое	Неумолимые
Infrared	Инфракрасный	Инфракрасная	Инфракрасное	Инфракрасные
Inviolate	Нерушимый	Нерушимая	Нерушимое	Нерушимые
Ireful	Гневный	Гневная	Гневное	Гневные
Irresistible	Неотразимый	Неотразимая	Неотразимое	Неотразимые
Lancing	Пронзающий	Пронзающая	Пронзающее	Пронзающие
Land	Земной	Земная	Земное	Земные
Left-Right	Левоправый	Левоправая	Левоправое	Левоправые
Lifeless	Безжизненный	Безжизненная	Безжизненное	Безжизненные
Lithic	Каменный	Каменная	Каменное	Каменные
Localized	Местный	Местная	Местное	Местные
Magical	Магический	Магическая	Магическое	Магические
Majestic	Величественный	Величественная	Величественное	Величественные
Malefic	Пагубный	Пагубная	Пагубное	Пагубные
Malevolent	Злобный	Злобная	Злобное	Злобные
Malicious	Зловредный	Зловредная	Зловредное	Зловредные
Mammoth	Исполинский	Исполинская	Исполинское	Исполинские
Mechanical	Механический	Механическая	Механическое	Механические
Mega	Мега-	Мега-	Мега-	Мега-
Mercurial	Ртутный	Ртутная	Ртутное	Ртутные
Mesmerizing	Гипнотический	Гипнотическая	Гипнотическое	Гипнотические
Miasmic	Миазматический	Миазматическая	Миазматическое	Миазматические
Millennial	Тысячелетний	Тысячелетняя	Тысячелетнее	Тысячелетние
Misguided	Ошибочный	Ошибочная	Ошибочное	Ошибочные
Mold	Плесневый	Плесневая	Плесневое	Плесневые
Mucus	Слизистый	Слизистая	Слизистое	Слизистые
Murderous	Убийственный	Убийственная	Убийственное	Убийственные
Mythril	Мифриловый	Мифриловая	Мифриловое	Мифриловые
Nanospore	Наноспоровый	Наноспоровая	Наноспоровое	Наноспоровые
Near	Ближний	Ближняя	Ближнее	Ближние
Negative	Отрицательный	Отрицательная	Отрицательное	Отрицательные
Nether	Потусторонний	Потусторонняя	Потустороннее	Потусторонние
