# Exact English prefix	Russian appended complement
Tail	хвостом
Manusya	манушьи
Goldor	Голдора
Lindwurm's	линдвурма
Gogo	Гого
Eden's	Эдема
Hunter's	охотника
Marx	Маркса
Ketu	Кету
Queen's	королевы
Rahu	Раху
Serpent's	змея
Tyrant's	тирана
Death's	смерти
Heros's	героя
Matron's	Матери
Theos's	бога
Thrall's	раба
Ultima	Ультимы
Eye	глаза
Heart	сердца
Blade	клинка
Needle	иглы
Feather	пера
Shield	щитом
Head	головой
Arm	рукой
Foot	ногой
Body	телом
Shell	панциря
Spine	хребта
Wing	крылом
Claw	когтями
Horn	рогом
Breath	дыхания
Nerve	нервов
Chakram	чакрама
Bomb	бомбы
Seed	семени
Fang	клыком
Heavens'	небес
Judgment	суда
Zombie	зомби
Dragon's	дракона
Hair	волосами
Hells'	преисподней
Knuckle	кулаком
Northswain's	Северного ковша
Shadow's	тени
Sun's	солнца
Sword	меча
Terror	ужаса
Turret	турели
Wildfire	лесного пожара
Wyvern's	виверны
Bahamut's	Бахамута
Barrage	шквала
Barrel	бочки
Bishop	Слона
Bit	дрона
Brain	мозга
Chainblade	цепным клинком
Chakra	чакры
Chi	ци
Citadel	цитадели
Dalamud	Даламуда
Debris	обломков
Fate	судьбы
Flamespire	огненного шпиля
Glory	славы
Hell's	преисподней
Ink	чернил
Levinblossom	громового цветка
Levinsphere	громовой сферы
Levinstrike	удара молнии
Light's	света
Lozatl's	Лосатля
Mantle	мантии
Megaflare	мегавспышки
Nature's	природы
Neck	шеи
