# English noun phrase	Russian nominative	grammatical gender: m/f/n/p
Flame	Пламя	n
Fire	Огонь	m
Breath	Дыхание	n
Burst	Взрыв	m
Light	Свет	m
Wave	Волна	f
Blade	Клинок	m
Blast	Взрыв	m
Slash	Разрез	m
Strike	Удар	m
Shot	Выстрел	m
Wind	Ветер	m
Ray	Луч	m
Charge	Натиск	m
Storm	Буря	f
Cannon	Пушка	f
Impact	Столкновение	n
Thunder	Гром	m
Flare	Вспышка	f
Beam	Луч	m
Laser	Лазер	m
Swipe	Взмах	m
Dawn	Рассвет	m
Swing	Замах	m
Roar	Рёв	m
Missile	Ракета	f
Edge	Лезвие	n
Blow	Удар	m
Death	Смерть	f
Claw	Коготь	m
Current	Поток	m
Bolt	Молния	f
Bomb	Бомба	f
Dive	Пике	n
Darkness	Тьма	f
Fury	Ярость	f
Heat	Жар	m
Surge	Всплеск	m
Pulse	Импульс	m
Water	Вода	f
Stream	Поток	m
Meteor	Метеор	m
Lightning	Молния	f
Gaze	Взгляд	m
Star	Звезда	f
Arrow	Стрела	f
Rage	Ярость	f
Blaze	Пламя	n
Flames	Пламя	n
Hammer	Молот	m
Force	Сила	f
Needles	Иглы	p
Shock	Разряд	m
Holy	Святость	f
Ice	Лёд	m
Shower	Ливень	m
Eruption	Извержение	n
Spark	Искра	f
Eye	Глаз	m
Ring	Кольцо	n
Shift	Сдвиг	m
Smash	Сокрушение	n
Cyclone	Циклон	m
Rain	Дождь	m
Sphere	Сфера	f
Stone	Камень	m
End	Конец	m
Earth	Земля	f
Kick	Удар ногой	m
Gale	Шквал	m
Will	Воля	f
Thrust	Выпад	m
Gravity	Гравитация	f
Explosion	Взрыв	m
Blaster	Бластер	m
Rush	Натиск	m
Trap	Ловушка	f
March	Марш	m
Shadow	Тень	f
Dance	Танец	m
Chaos	Хаос	m
Sweep	Размашистый взмах	m
Drop	Падение	n
Spray	Брызги	p
Embrace	Объятие	n
Judgment	Правосудие	n
Sword	Меч	m
Pain	Боль	f
Breeze	Бриз	m
Winds	Ветры	p
Attack	Атака	f
Stomp	Топот	m
Mist	Туман	m
Blizzard	Метель	f
Tide	Прилив	m
Frost	Мороз	m
Tail	Хвост	m
Barrage	Шквал	m
Scream	Крик	m
Cut	Разрез	m
Cloud	Облако	n
Assault	Нападение	n
Lance	Копьё	n
Rune	Руна	f
Song	Песня	f
Quake	Землетрясение	n
Spear	Копьё	n
Discharge	Разряд	m
Howl	Вой	m
Shriek	Вопль	m
Comet	Комета	f
Toss	Бросок	m
Wing	Крыло	n
Spin	Вращение	n
Miasma	Миазмы	p
Field	Поле	n
Tempest	Буря	f
Bloom	Цветение	n
Glare	Ослепительный свет	m
Release	Высвобождение	n
Tornado	Торнадо	m
Pyre	Костёр	m
Heart	Сердце	n
Cannons	Пушки	p
Dust	Пыль	f
Chain	Цепь	f
Crossing	Пересечение	n
Fang	Клык	m
Halo	Нимб	m
Break	Разлом	m
Wheel	Колесо	n
Slice	Разрез	m
Flood	Потоп	m
Brand	Клеймо	n
Leap	Прыжок	m
Circle	Круг	m
Needle	Игла	f
Drain	Поглощение	n
Bite	Укус	m
Call	Зов	m
Punch	Удар кулаком	m
Wings	Крылья	p
Aura	Аура	f
Sting	Жало	n
Flight	Полёт	m
Scourge	Бич	m
Vortex	Вихрь	m
Spit	Плевок	m
Sky	Небо	n
Soul	Душа	f
Purge	Очищение	n
Aero	Ветер	m
Wrath	Гнев	m
Hell	Ад	m
Plasma	Плазма	f
Armor	Броня	f
Faith	Вера	f
Gas	Газ	m
Flurry	Шквал	m
Harvest	Жатва	f
Moon	Луна	f
Dark	Тьма	f
Gleam	Блеск	m
Nights	Ночи	p
Levin	Молния	f
Formation	Построение	n
Rampage	Буйство	n
Heaven	Небеса	p
Radiance	Сияние	n
Cry	Крик	m
Pillar	Столп	m
Mercy	Милосердие	n
Bombardment	Бомбардировка	f
Gust	Порыв	m
Coil	Виток	m
Pursuit	Преследование	n
Ruin	Руина	f
Order	Приказ	m
Flail	Размахивание	n
Cross	Крест	m
Web	Паутина	f
Combustion	Воспламенение	n
Crush	Сокрушение	n
Shatter	Раскалывание	n
Power	Мощь	f
Implosion	Схлопывание	n
Agony	Агония	f
Arms	Оружие	n
Glory	Слава	f
Blessing	Благословение	n
Slam	Сокрушающий удар	m
Spread	Распространение	n
Sequence	Последовательность	f
Steel	Сталь	f
Drive	Натиск	m
Slaughter	Резня	f
Jump	Прыжок	m
Curse	Проклятие	n
Purgation	Очищение	n
Grace	Милость	f
Night	Ночь	f
Spirit	Дух	m
Fall	Падение	n
Magic	Магия	f
Buster	Крушитель	m
Cutter	Резак	m
Resonance	Резонанс	m
Mine	Мина	f
Fever	Лихорадка	f
Deluge	Потоп	m
Trail	След	m
Squall	Шквал	m
Glow	Свечение	n
Blows	Удары	p
Snap	Укус	m
Blood	Кровь	f
Forte	Форте	n
Void	Пустота	f
World	Мир	m
Burn	Ожог	m
Play	Игра	f
Grasp	Хватка	f
Program	Программа	f
Time	Время	n
Nova	Новая звезда	f
Spike	Шип	m
Crusher	Крушитель	m
Splitter	Раскалыватель	m
Land	Земля	f
Torment	Мучение	n
Whip	Хлыст	m
Smite	Сокрушение	n
Tsunami	Цунами	n
Maneuver	Манёвр	m
Flash	Вспышка	f
Terror	Ужас	m
Cure	Исцеление	n
Bio	Биояд	m
Fear	Страх	m
Despair	Отчаяние	n
Megaflare	Мегавспышка	f
Stoneskin	Каменная кожа	f
Dia	Сияние	n
Painflare	Вспышка боли	f
Swift	Проворство	n
Banish	Изгнание	n
Bonds	Узы	p
Glacier	Ледник	m
Graviga	Великая гравитация	f
Quaga	Великое землетрясение	n
Triad	Триада	f
Artillery	Артиллерия	f
Support	Поддержка	f
Shockwave	Ударная волна	f
Ball	Шар	m
Orb	Сфера	f
Barrier	Барьер	m
Bulwark	Оплот	m
Apocalypse	Апокалипсис	m
Authority	Власть	f
Benediction	Благословение	n
Conviction	Убеждённость	f
Zero	Ноль	m
Solace	Утешение	n
Volcano	Вулкан	m
Smog	Смог	m
Ray of Light	Луч света	m
Bullet	Пуля	f
Conversion	Преобразование	n
Disruption	Нарушение	n
Distribution	Распределение	n
Divide	Разделение	n
Exposure	Обнажение	n
Fissure	Трещина	f
Offering	Подношение	n
Pool	Омут	m
Pull	Притяжение	n
Shackles	Оковы	p
Stingers	Жала	p
Tear	Разрыв	m
Boom	Грохот	m
Chlamys	Хламида	f
Impulse	Импульс	m
Polyominoid	Полимино	n
Profusion	Изобилие	n
Sever	Отсечение	n
Amplification	Усиление	n
Explosive	Взрывчатка	f
Grenado	Граната	f
Reaction	Реакция	f
Residue	Остаток	m
Activation	Активация	f
Aggregation	Накопление	n
Armaments	Вооружение	n
Array	Массив	m
Beacon	Маяк	m
Blight	Порча	f
Channel	Канал	m
Control	Управление	n
Enhancement	Усиление	n
Intervention	Заступничество	n
Plot	Замысел	m
Point	Точка	f
Recoil	Отдача	f
Reprise	Реприза	f
Revelation	Откровение	n
Rule	Правило	n
Utterance	Изречение	n
Inferno	Пекло	n
Demolish	Разрушение	n
Dualcast	Двойное сотворение	n
Rockbreaker	Крушитель скал	m
Optical Laser	Оптический лазер	m
Death Ray	Луч смерти	m
Nox	Ночь	f
Relativity	Относительность	f
Suppression	Подавление	n
Particle Beam	Луч частиц	m
Teleport	Телепортация	f
Reaper	Жнец	m
Sun	Солнце	n
Echoes	Отзвуки	p
Outburst	Выброс	m
Quasar	Квазар	m
Fires	Огни	p
Becoming	Преображение	n
Sigh	Вздох	m
Tongue	Язык	m
Visage	Лик	m
Ooze	Слизь	f
Slaver	Слюна	f
Ambush	Засада	f
Offensive	Наступление	n
Dynamics	Динамика	f
Bend	Изгиб	m
Detonation	Детонация	f
Draw	Извлечение	n
Siphon	Вытягивание	n
Boon	Дар	m
Libra	Весы	p
Globe	Шар	m
Aquaveil	Водная завеса	f
Levitation	Левитация	f
Caress	Ласка	f
Arm	Рука	f
Art	Искусство	n
Motif	Мотив	m
Bits	Спутники	p
Trance	Транс	m
Fist	Кулак	m
Ward	Защита	f
Ouroboros	Уроборос	m
Thread	Нить	f
Effect	Эффект	m
Apex	Вершина	f
Carapace	Панцирь	m
Advance	Продвижение	n
Advent	Пришествие	n
Eclipse	Затмение	n
Rays	Лучи	p
Claws	Когти	p
Fists	Кулаки	p
Compression	Сжатие	n
Displacement	Смещение	n
Suffering	Страдание	n
Uprising	Восстание	n
Curtain	Завеса	f
Arts	Искусства	p
Drape	Покров	m
Uppercut	Удар снизу	m
Turret	Турель	f
Wreath	Венок	m
Slab	Плита	f
Splash	Всплеск	m
Auspice	Благой дух	m
Half	Половина	f
Bloodletting	Кровопускание	n
Blowout	Выброс	m
Firestorm	Огненная буря	f
Glint	Блеск	m
Nail	Гвоздь	m
Onslaught	Натиск	m
Swathe	Жатва	f
Burr	Колючка	f
Bellow	Рёв	m
Barbs	Колючки	p
Roiling	Бурление	n
Presence	Присутствие	n
Stench	Смрад	m
Illusion	Иллюзия	f
Lash	Хлёсткий удар	m
Maelstrom	Водоворот	m
Pinion	Маховое перо	n
Swoop	Пикирование	n
Remedy	Лекарство	n
Ballad	Баллада	f
Gash	Глубокий порез	m
Rend	Разрыв	m
Reave	Разорение	n
Foam	Пена	f
Petal	Лепесток	m
Petals	Лепестки	p
Leaves	Листья	p
Leaf	Лист	m
Spore	Спора	f
Spores	Споры	p
Plume	Перо	n
Plumage	Оперение	n
Feather	Перо	n
Feathers	Перья	p
Prison	Тюрьма	f
Prisoner	Пленник	m
Growth	Рост	m
Root	Корень	m
Roots	Корни	p
Sickle	Серп	m
Scythe	Коса	f
Enforcement	Принуждение	n
Disdain	Пренебрежение	n
Hand	Рука	f
Head	Голова	f
Calamity	Бедствие	n
Flarethrower	Пламемёт	m
Flamethrower	Огнемёт	m
Geyser	Гейзер	m
Jolt	Толчок	m
Tri-disaster	Тройное бедствие	n
Blossom	Цветок	m
Crossfire	Перекрёстный огонь	m
Belch	Отрыжка	f
Sonic Boom	Звуковой удар	m
Shackle	Окова	f
Ripper	Потрошитель	m
Carve	Высекание	n
Split	Разделение	n
Sup	Глоток	m
Share	Разделение	n
Tithe	Десятина	f
Forge	Кузня	f
Walker	Странник	m
Clap	Хлопок	m
Pounce	Прыжок	m
Scathe	Ожог	m
Seal	Печать	f
Wall	Стена	f
Whorl	Вихрь	m
Blastoff	Взлёт	m
Spitter	Плеватель	m
Spikes	Шипы	p
Fireball	Огненный шар	m
Darkflare	Тёмная вспышка	f
Backflip	Сальто назад	n
Backhand	Удар тыльной стороной руки	m
Bad-mouth	Злословие	n
Bailout	Экстренное спасение	n
Balance	Равновесие	n
Ballast	Балласт	m
Bangyzoom	Взрывной разгон	m
Banishga	Великое изгнание	n
Banishment	Изгнание	n
Barbeque	Поджаривание	n
Barkscore	Борозда на коре	f
Bastardbluss	Зловредный мушкетон	m
Batter	Избиение	n
Batterhorn	Таран рогом	m
Beakaxe	Клюв-топор	m
Beaksbane	Пагуба клюва	f
Bearclaw	Медвежий коготь	m
Beatdown	Избиение	n
Beckon	Подзывание	n
Befoulment	Осквернение	n
Bellows	Рёв	m
Benevolence	Благожелательность	f
Benight	Погружение во тьму	n
Besiegement	Осада	f
Bibliocide	Уничтожение книг	n
Bident	Двузубец	m
Bilgestorm	Трюмная буря	f
Bill	Удар клювом	m
Bio-arithmeticks	Биоарифметика	f
Blackbolt	Чёрная молния	f
Blackfire	Чёрное пламя	n
Blackout	Затемнение	n
Bladescatter	Разброс клинков	m
Bladestorm	Буря клинков	f
Bladewise	Вдоль клинка	n
Blastburn	Взрывной ожог	m
Blastpipe	Взрывная труба	f
Blazeloop	Пламенная петля	f
Bleat	Блеяние	n
Blinder	Ослепитель	m
Blindside	Удар из слепой зоны	m
Blitz	Молниеносный натиск	m
Blitzstrahl	Луч молнии	m
Bloodboil	Кипение крови	n
Bloodrake	Кровавое прочёсывание	n
Bloodshed	Кровопролитие	n
Bloodstain	Кровавое пятно	n
Bloomshower	Цветочный ливень	m
Blot	Клякса	f
Blowback	Отдача	f
Bludgeon	Удар дубиной	m
Blueblossoms	Синие цветы	p
Bodied	Телесный удар	m
Boltloop	Петля молнии	f
Bombardier	Бомбардир	m
Bombariboom	Бомбовый грохот	m
Bombination	Жужжание	n
Bombogenesis	Рождение бомб	n
Bombslinger	Бомбометатель	m
Bonebreaker	Костолом	m
Bonecrusher	Костедробитель	m
Bonecutter	Косторез	m
Boomcannon	Грохочущая пушка	f
Borehole	Буровая скважина	f
Boulder	Валун	m
Bouldercrush	Сокрушение валуном	n
Boulderdash	Каменный рывок	m
Brace	Упор	m
Bradamante	Брадаманта	f
Brainjack	Захват мозга	m
Brainshaker	Сотрясение мозга	n
Brainstorm	Мозговая буря	f
Brandfire	Клеймящий огонь	m
Bravado	Бравада	f
Breach	Прорыв	m
Breakbeak	Ломающий клюв	m
Breakga	Великое сокрушение	n
Breakthrough	Прорыв	m
Breathstroke	Удар дыханием	m
Brightblade	Яркий клинок	m
Brightburn	Яркий ожог	m
Brighteyes	Яркие глаза	p
Brightfire	Яркий огонь	m
Brightflame	Яркое пламя	n
Brightsphere	Яркая сфера	f
Brightstorm	Яркая буря	f
Brightwing	Яркое крыло	n
Brilliance	Блеск	m
Brushfire	Пожар в зарослях	m
Brutality	Жестокость	f
Budbutt	Удар бутоном	m
Bulldoze	Снос	m
Bunferno	Кроличье пекло	n
Bunmerang	Кроличий бумеранг	m
Burnout	Выгорание	n
Burrow	Закапывание	n
Bury	Погребение	n
Butcher	Разделка	f
Cachexia	Истощение	n
Cackle	Гогот	m
Cacophony	Какофония	f
Calcify	Кальцификация	f
Caliburni	Калибурн	m
Camaraderie	Товарищество	n
Camisado	Ночной налёт	m
Candlewick	Свечной фитиль	m
Canker	Язва	f
Cannibalize	Каннибализм	m
Cannonball	Пушечное ядро	n
Cannonbolt	Пушечная молния	f
Cannonspawn	Появление пушки	n
Canopy	Полог	m
Canyon	Каньон	m
Capitation	Отсечение головы	n
Captivity	Плен	m
Career	Стремительный бег	m
Carnage	Кровавая бойня	f
Carniflagration	Пожар плоти	m
Carpomission	Метание плодов	n
Castellation	Крепостное построение	n
Cat-a-clysm	Кошачий катаклизм	m
Catabasis	Нисхождение	n
Cataclysm	Катаклизм	m
Catapult	Катапульта	f
Catching	Ловля	f
Catechism	Катехизис	m
Caterwaul	Кошачий вопль	m
Catharsis	Очищение	n
Cauterize	Прижигание	n
Cavatina	Каватина	f
Celeris	Быстрота	f
Celestriad	Небесная триада	f
Censure	Порицание	n
Ceras	Рог	m
Chainsaw	Бензопила	f
Chalaza	Градина	f
Champ	Чавканье	n
Chandrahas	Чандрахас	m
Change	Перемена	f
Chaosphere	Сфера хаоса	f
Charcore	Обугленное ядро	n
Chariot	Колесница	f
Charplume	Обугленное перо	n
Charybdis	Харибда	f
Charybdistopia	Царство Харибды	n
Chaser	Преследователь	m
Cheimon	Зима	f
Chesed	Милосердие	n
Chill	Холод	m
Chillstorm	Студёная буря	f
Chiten-gaeshi	Ответное обращение земли	n
Chronofoil	Клинок времени	m
Churn	Бурление	n
Ciclicle	Ледяное вращение	n
Cintamani	Чинтамани	m
Citius	Быстрее	n
Clamor	Гвалт	m
Clamp	Зажим	m
Clasp	Захват	m
Clawful	Охапка когтей	f
Clawmarks	Следы когтей	p
Cleaning	Уборка	f
Cleanse	Очищение	n
Clearout	Полная зачистка	f
Cleaver	Тесак	m
Climb	Восхождение	n
Clobber	Колотушка	f
Cloudcover	Облачный покров	m
Cloudscourge	Облачный бич	m
Cloudsplitter	Раскалыватель облаков	m
Clutch	Хватка	f
Cockcrow	Петушиный крик	m
Cocopult	Кокосовая катапульта	f
Coerce	Принуждение	n
Coffinfiller	Наполнитель гробов	m
Cogwheel	Зубчатое колесо	n
Coherence	Согласованность	f
Coldblood	Холодная кровь	f
Collapse	Обрушение	n
Collision	Столкновение	n
Coloratura	Колоратура	f
Colosseum	Колизей	m
Combo	Комбинация	f
Cometite	Осколок кометы	m
Communion	Причащение	n
Compaction	Уплотнение	n
Compress	Сжатие	n
Concentrativity	Концентрация	f
Conception	Зачатие	n
Condemnation	Осуждение	n
Condescension	Снисхождение	n
Conductivity	Проводимость	f
Confessional	Исповедальня	f
Conflagrate	Воспламенение	n
Conflagration	Пожар	m
Conformity	Соответствие	n
Confound	Замешательство	n
Consecration	Освящение	n
Constrictor	Удав	m
Contamination	Заражение	n
Contrapasso	Соразмерное воздаяние	n
Convert	Преобразование	n
Copycat	Подражатель	m
Cordage	Такелаж	m
Corona	Корона	f
Coronach	Погребальный плач	m
Coronation	Коронация	f
Corrosion	Коррозия	f
Corruption	Порча	f
Corrupture	Разрыв порчи	m
Coryza	Насморк	m
Counterplay	Ответная игра	f
Countershade	Ответная тень	f
Countershot	Ответный выстрел	m
Crack	Трещина	f
Crash	Крушение	n
Crash-smash	Удар и сокрушение	n
Crater	Кратер	m
Cremate	Кремация	f
Croakdown	Квакающее низвержение	n
Crossblaze	Перекрёстное пламя	n
Crossbones	Скрещённые кости	p
Crossbreeze	Перекрёстный бриз	m
Crosshatch	Перекрёстная штриховка	f
Crosswind	Боковой ветер	m
Cruelty	Жестокость	f
Crunch	Хруст	m
Crusade	Крестовый поход	m
Crutch	Костыль	m
Cryonics	Крионика	f
Crypsis	Маскировка	f
Cryptcall	Зов склепа	m
Crystallize	Кристаллизация	f
Curiosity	Любопытство	n
Cursebind	Проклятые путы	p
Cycloswords	Круговорот мечей	m
Cytolysis	Цитолиз	m
Dactail	Хвостовой удар	m
Daggerflight	Полёт кинжала	m
Dartboard	Мишень	f
Daybreak	Рассвет	m
Deal	Раздача	f
Debilitator	Ослабитель	m
Decay	Разложение	n
Decimation	Истребление	n
Declaration	Объявление	n
Decollation	Обезглавливание	n
Decompress	Сброс давления	m
Deconceptualize	Разрушение концепции	n
Decoy	Приманка	f
Dedication	Посвящение	n
Deeproot	Глубокий корень	m
Defibrillate	Дефибрилляция	f
Deflagration	Взрывное горение	n
Deformation	Деформация	f
Demi-Aquarius	Малый Водолей	m
Demi-Aries	Малый Овен	m
Demi-Leo	Малый Лев	m
Demi-Virgo	Малая Дева	f
Demiblizzard	Полуметель	f
Demiburst	Полувзрыв	m
Demifire	Полуогонь	m
Demiflare	Полувспышка	f
Demigravity	Полугравитация	f
Demimagicks	Полумагия	f
Demonize	Демонизация	f
Demonography	Демонография	f
Demoralize	Деморализация	f
Dendrite	Дендрит	m
Deorbit	Сход с орбиты	m
Deployment	Развёртывание	n
Depress	Подавление	n
Deracinator	Выкорчёвыватель	m
Derail	Сход с рельсов	m
Descend	Нисхождение	n
Desolation	Опустошение	n
Desperation	Отчаяние	n
Destroy	Уничтожение	n
Destruct	Разрушение	n
Destruction	Разрушение	n
Detect	Обнаружение	n
Devastate	Опустошение	n
Devitalize	Лишение жизненных сил	n
Dharani	Дхарани	f
Dhrupad	Дхрупад	m
Diairesis	Разделение	n
Dialogos	Диалог	m
Diarchy	Двоевластие	n
Digest	Переваривание	n
Digititis	Воспаление пальцев	n
Dike	Справедливость	f
Dineis	Вихри	p
Disable	Обезвреживание	n
Disassembly	Разборка	f
Disaster	Бедствие	n
Discharger	Разрядник	m
Discipline	Дисциплина	f
Disclosure	Раскрытие	n
Discoid	Диск	m
Discontinue	Прекращение	n
Discordance	Несогласованность	f
Disgorge	Извержение	n
Disgust	Отвращение	n
Disinfection	Дезинфекция	f
Disintegrate	Распад	m
Disintegration	Дезинтеграция	f
Dismember	Расчленение	n
Dismemberment	Расчленение	n
Disparagement	Уничижение	n
Dispatch	Устранение	n
Dispersivity	Рассеивание	n
Dispose	Утилизация	f
Disquiet	Беспокойство	n
Disregard	Пренебрежение	n
Disrobe	Разоблачение	n
Disruptor	Разрушитель	m
Dissever	Рассечение	n
Dissipate	Рассеивание	n
Dissociation	Диссоциация	f
Dissonance	Диссонанс	m
Distortion	Искажение	n
Divebomb	Бомбардировка с пикирования	f
Diveboom	Взрывное пике	n
Divider	Разделитель	m
Divinity	Божественность	f
Do-re-misery	До-ре-страдание	n
Dollhouse	Кукольный дом	m
Dominion	Владычество	n
Donden-gaeshi	Внезапный переворот	m
Doomsay	Пророчество гибели	n
Doppelganger	Двойник	m
Doubling	Удвоение	n
Douse	Обливание	n
Downfall	Падение	n
Downhill	Спуск	m
Downpour	Ливень	m
Dragonkiller	Убийца драконов	m
Drainage	Осушение	n
Dread	Ужас	m
Dreadstorm	Буря ужаса	f
Dreadwash	Поток ужаса	m
Dreadwinder	Виток ужаса	m
Dredge	Черпание	n
Drench	Обливание	n
Dropsea	Падение моря	n
Drumbeat	Барабанный бой	m
Dualfire	Двойной огонь	m
Dualspell	Двойное заклинание	n
Dualstar	Двойная звезда	f
Ductus	Проводник	m
Duplicate	Дубликат	m
Duplicity	Двуличие	n
Duskblade	Сумеречный клинок	m
Earthbreaker	Разрушитель земли	m
Earthrender	Раздиратель земли	m
Earthrising	Вздымающаяся земля	f
Earthshake	Сотрясение земли	n
Eddy	Водоворот	m
Efface	Стирание	n
Effluvium	Миазмы	p
Eggnog	Яичный напиток	m
Egotism	Эгоизм	m
Eidos	Форма	f
Eikonizer	Воплотитель эйконов	m
Ein	Единство	n
Einherjar	Эйнхерий	m
Eironeia	Притворство	n
Ekstasis	Экстаз	m
Ektothermos	Внешний жар	m
Electray	Электрический луч	m
Electrification	Электрификация	f
Electrify	Электризация	f
Electrocute	Поражение током	n
Electromagnetism	Электромагнетизм	m
Electrothermia	Электротермия	f
Electrowhirl	Электрический вихрь	m
Elegeia	Элегия	f
Elenchos	Опровержение	n
Elimination	Устранение	n
Emblazon	Пылающее начертание	n
Eminence	Превосходство	n
Emptiness	Пустота	f
Enchain	Заковывание	n
Encierro	Бег быков	m
Encinder	Обращение в пепел	n
Encumber	Обременение	n
Endsong	Песнь конца	f
Energize	Наполнение энергией	n
Engetsu	Полная луна	f
Engorge	Поглощение до насыщения	n
Enkyo	Далёкое зеркало	n
Ennui	Скука	f
Enomotos	Клятвопреступник	m
Enrage	Неистовство	n
Ensnare	Заманивание в ловушку	n
Entangle	Опутывание	n
Entanglement	Запутывание	n
Enthrall	Порабощение	n
Enthrallment	Очарование	n
Entrance	Околдовывание	n
Entrap	Захват в ловушку	m
Entrapment	Ловушка	f
Entrench	Укрепление	n
Enumeration	Подсчёт	m
Envenomate	Отравление	n
Ephemerality	Мимолётность	f
Epicenter	Эпицентр	m
Epidemic	Эпидемия	f
Epigonoi	Потомки	p
Epigraph	Эпиграф	m
Epimeleia	Забота	f
Epode	Эпод	m
Equalizer	Уравнитель	m
Equinox	Равноденствие	n
Erase	Стирание	n
Erasure	Стирание	n
Erosion	Эрозия	f
Esoterikos	Сокровенное знание	n
Eunomia	Благой порядок	m
Evaporation	Испарение	n
Everfire	Вечный огонь	m
Evilsphere	Сфера зла	f
Evisceration	Потрошение	n
Ex-factor	Исключающий фактор	m
Exaflare	Эксавспышка	f
Excavate	Раскопка	f
Excavated	Извлечение из земли	n
Excelsior	Вечное восхождение	n
Exconcentrativity	Внешняя концентрация	f
Excretion	Выделение	n
Excruciate	Истязание	n
Excruciation	Истязание	n
Execration	Проклятие	n
Executable	Исполняемая команда	f
Execute	Казнь	f
Execution	Казнь	f
Exegesis	Толкование	n
Exflammeus	Внешнее пламя	n
Exglacialis	Внешний лёд	m
Exhaust	Выхлоп	m
Exocleaver	Внешнее рассечение	n
Exorcise	Изгнание духов	n
Exoterikos	Открытое знание	n
Expel	Изгнание	n
Expire	Угасание	n
Expulse	Вытеснение	n
Expulsion	Изгнание	n
Exsanguination	Обескровливание	n
Extension	Расширение	n
Extinguishment	Угашение	n
Eyeshine	Сияние глаз	n
FUNGAH	Фунга	f
Fableflight	Полёт сказки	m
Faithlessness	Безверие	n
Fanaticism	Фанатизм	m
Fantod	Испуг	m
Farburst	Дальний взрыв	m
Farshot	Дальний выстрел	m
Farsight	Дальновидение	n
Fastcast	Быстрое заклинание	n
Fatalism	Фатализм	m
Feast	Пир	m
Feathercut	Разрез пером	m
Featherglide	Скольжение пера	n
Feathergust	Порыв перьев	m
Featherlance	Перьевое копьё	n
Fermata	Фермата	f
Ferocity	Свирепость	f
Ferostorm	Свирепая буря	f
Ferrofluid	Магнитная жидкость	f
Filoplumage	Нитевидное оперение	n
Filoplumes	Нитевидные перья	p
Finale	Финал	m
Firebreathe	Огненное дыхание	n
Firedamp	Горючий газ	m
Fireflow	Поток огня	m
Fireglide	Огненное скольжение	n
Firemeld	Слияние с огнём	n
Firemire	Огненная трясина	f
Fireworks	Фейерверк	m
Flameflow	Поток пламени	m
Flamerake	Огненное прочёсывание	n
Flamesnare	Пламенная ловушка	f
Flameviper	Пламенная гадюка	f
Flamisphere	Сфера пламени	f
Flash-freeze	Мгновенная заморозка	f
Flashback	Воспоминание	n
Flashover	Объёмное воспламенение	n
Flashthoom	Вспышка грохота	f
Flashvane	Вспыхивающее перо	n
Flatliner	Остановка сердца	f
Flatten	Расплющивание	n
Flee	Бегство	n
Fleshbuster	Крушитель плоти	m
Fleshripper	Раздиратель плоти	m
Flex	Сгибание	n
Flexiclaw	Гибкий коготь	m
Flintlock	Кремнёвый замок	m
Floodlight	Прожектор	m
Floodstide	Прилив потопа	m
Flounder	Барахтанье	n
Flunge	Швыряние	n
Fluorescence	Флуоресценция	f
Flush	Прилив	m
Flutter	Трепетание	n
Flutterfall	Трепещущее падение	n
Fodder	Корм	m
Folio	Фолиант	m
Folly	Безрассудство	n
Footprint	След ноги	m
Footwork	Работа ног	f
Forearming	Предварительное вооружение	n
Foreburst	Передний взрыв	m
Forecast	Прогноз	m
Forelash	Передний хлёсткий удар	m
Foreshadowing	Предвестие	n
Forsaken	Отречение	n
Fortis	Сила	f
Fortius	Больше силы	f
Fount	Источник	m
Foxfang	Лисий клык	m
Foxfire	Лисий огонь	m
Foxflare	Лисья вспышка	f
Foxshot	Лисий выстрел	m
Frack	Гидроразрыв	m
Fragility	Хрупкость	f
Freefall	Свободное падение	n
Freefire	Свободный огонь	m
Freezeover	Обледенение	n
Frenzy	Неистовство	n
Friction	Трение	n
Frigotherapy	Лечение холодом	n
Frogtourage	Жабья свита	f
Frosting	Морозный покров	m
Froth	Пена	f
Frustration	Досада	f
Fugekisho	Ладонь ветрового удара	f
Fulmination	Громовой разряд	m
Fungah	Фунга	f
Fungahhh	Фунгааа	f
Furore	Буйство	n
Furrow	Борозда	f
Fuse	Запал	m
Fuseflare	Вспышка запала	f
Fusion	Слияние	n
Fustuarium	Казнь палками	f
Gachirin	Лунный диск	m
Gagnrath	Гагнрад	m
Gaiaochos	Держатель земли	m
Galaxias	Млечный путь	m
Galeripper	Разрыватель шквала	m
Gallop	Галоп	m
Gangekisho	Ладонь каменного удара	f
Gateway	Врата	p
Gavel	Судейский молоток	m
Gehenna	Геенна	f
Geirrothr	Гейррёд	m
Generate	Порождение	n
Genesis	Сотворение	n
Geocentrism	Геоцентризм	m
Geocrush	Сокрушение земли	n
Germinate	Прорастание	n
Ghostcrusher	Крушитель призраков	m
Ghostduster	Развеиватель призраков	m
Gigaflare	Гигавспышка	f
Gigantomachy	Битва гигантов	f
Gigantomill	Гигантская мельница	f
Gigastorm	Гигабуря	f
Giltblossoms	Позолоченные цветы	p
Glaciate	Обледенение	n
Glaciation	Оледенение	n
Glaukopis	Светлоокая	f
Glitterbox	Сверкающая коробка	f
Gloryplume	Перо славы	n
Glossolalia	Глоссолалия	f
Glowlight	Свет свечения	m
Glupgloop	Буль-буль	m
Gnaw	Грызение	n
Gnosis	Познание	n
Gobbieboom	Гоблинский взрыв	m
Gobcut	Гоблинский разрез	m
Gobdash	Гоблинский рывок	m
Gobhaste	Гоблинское ускорение	n
Gobhook	Гоблинский крюк	m
Gobjab	Гоблинский тычок	m
Gobjuice	Гоблинское пойло	n
Goblibra	Гоблинские весы	p
Gobstraight	Гоблинский прямой удар	m
Gobswing	Гоблинский замах	m
Godsbane	Пагуба богов	f
Goekinesis	Колдовское движение	n
Gore	Пронзание рогами	n
Gorgomanteia	Прорицание горгоны	n
Gorgoneion	Горгонейон	m
Gorgospit	Плевок горгоны	m
Gospel	Благая весть	f
Graft	Прививка	f
Gratuity	Вознаграждение	n
Gravegrazer	Могильный скрежет	m
Graviball	Гравитационный шар	m
Gravitas	Тяжесть	f
Grind	Перемалывание	n
Griplash	Хватка хлыста	f
Grotesquerie	Гротеск	m
Ground	Земля	f
Groundbreaker	Разрушитель земли	m
Groundburst	Наземный взрыв	m
Groundstorm	Земляная буря	f
Grovel	Пресмыкание	n
Guilt	Вина	f
Gunberd	Ружьё-алебарда	n
Gunblade	Ружейный клинок	m
Gunsaw	Ружьё-пила	n
Gurgle	Бульканье	n
Gustnado	Вихревой шквал	m
Gutdriver	Удар в живот	m
Gutripper	Раздиратель внутренностей	m
Guzzle	Жадное питьё	n
Gyrocleave	Вращающееся рассечение	n
Hagetsu	Разбитая луна	f
Hailfire	Град огня	m
Hailstone	Градина	f
Hailstorm	Градовая буря	f
Haircut	Стрижка	f
Hammerfall	Падение молота	n
Hammerleap	Прыжок с молотом	m
Hanadoki	Пора цветения	f
Hanakaze	Цветочный ветер	m
Handprint	Отпечаток ладони	m
Harakiri	Харакири	n
Hatch	Вылупление	n
Hatebound	Узы ненависти	p
Havoc	Разгром	m
Hawk	Ястреб	m
Haywire	Выход из строя	m
Headlight	Фара	f
Headspin	Вращение головы	n
Heart-struck	Удар в сердце	m
Heartbreak	Разбитое сердце	n
Heartbreaker	Сердцеед	m
Heartburn	Жжение в сердце	n
Heartsick	Сердечная тоска	f
Heartsore	Сердечная боль	f
Heartstopper	Остановка сердца	f
Heartwood	Сердцевина дерева	f
Heartyvow	Сердечный обет	m
Heave	Подбрасывание	n
Heavensblaze	Небесный пожар	m
Heavensearth	Небесная земля	f
Heavensfall	Падение небес	n
Heavensflame	Небесное пламя	n
Heavensfrost	Небесный мороз	m
Heavenslash	Небесный разрез	m
Heavensunder	Раскол небес	m
Heavensward	К небесам	n
Height	Высота	f
Heirsbane	Пагуба наследников	f
Helicoclaw	Винтовой коготь	m
Heliovoid	Солнечная пустота	f
Hellburner	Адский выжигатель	m
Hellssend	Послание ада	n
Henka	Перемена	f
Hermetica	Герметика	f
Hex	Порча	f
Hieroglyphika	Иероглифика	f
Highlightning	Высшая молния	f
Hiss	Шипение	n
Hollow	Пустота	f
Hollowshield	Полый щит	m
Hoofkick	Удар копытом	m
Hoot	Уханье	n
Hopelessness	Безнадёжность	f
Hornswaggle	Рогатый обман	m
Hotspot	Горячая точка	f
Huff	Пыхтение	n
Hunger	Голод	m
Hunt	Охота	f
Huraijin	Ветер бога грома	m
Hurl	Швырок	m
Hurricane	Ураган	m
Hush	Тишина	f
Hyaku-raiton	Сотня молний	f
Hydrate	Насыщение водой	n
Hydrocleave	Водное рассечение	n
Hydrofan	Водяной веер	m
Hydromorph	Водный облик	m
Hydropins	Водяные иглы	p
Hydroptosis	Водопад	m
Hydrorythmos	Водный ритм	m
Hydrostasis	Водный стазис	m
Hydrotaph	Водная гробница	f
Hydrovent	Водный выброс	m
Hydrowhirl	Водяной вихрь	m
Hypercurrent	Сверхпоток	m
Hyperdrive	Сверхпривод	m
Hyperelectricity	Сверхэлектричество	n
Hyperflame	Сверхпламя	n
Hypernova	Гиперновая	f
Hyperpyroplexy	Сверхогненный удар	m
Hypershot	Сверхвыстрел	m
Hypnotize	Гипноз	m
Hypnowave	Гипнотическая волна	f
Hypothermia	Переохлаждение	n
Iai	Обнажение клинка	n
Iai-giri	Удар обнажённым клинком	m
Iai-kasumi-giri	Туманный удар обнажённым клинком	m
Iceberg	Айсберг	m
Icebreaker	Ледокол	m
Icemeld	Слияние со льдом	n
Icethrower	Льдомёт	m
Icicall	Призыв сосулек	m
Ignite	Возгорание	n
Ignition	Зажигание	n
Ignorabimus	Непознаваемое	n
Illume	Освещение	n
Illumination	Озарение	n
Immersion	Погружение	n
Immolate	Сожжение	n
Immolation	Сожжение в жертву	n
Immortalion	Бессмертный лев	m
Immortalize	Дарование бессмертия	n
Impale	Пронзание	n
Impassion	Воспламенение страсти	n
Imperatum	Повеление	n
Imperium	Верховная власть	f
Implode	Схлопывание	n
Impression	Отпечаток	m
Imprison	Заточение	n
Imprisonment	Заключение	n
Incandescence	Накаливание	n
Incarnation	Воплощение	n
Inception	Зарождение	n
Incinerate	Испепеление	n
Incineration	Испепеление	n
Incubation	Инкубация	f
Incubus	Инкуб	m
Indivisible	Неделимость	f
Inevitability	Неизбежность	f
Inexorability	Неотвратимость	f
Infatuation	Увлечение	n
Infestation	Нашествие	n
Inflame	Воспламенение	n
Infusion	Наполнение	n
Ingest	Проглатывание	n
Ingurgitate	Жадное поглощение	n
Inhibition	Подавление	n
Inhumanity	Бесчеловечность	f
Inkblot	Чернильная клякса	f
Innerspace	Внутреннее пространство	n
Innocence	Невинность	f
Inoshikacho	Кабан, олень и бабочка	p
Inscrutability	Непостижимость	f
Inspire	Вдохновение	n
Inspirit	Воодушевление	n
Insurgency	Восстание	n
Intake	Всасывание	n
Intemperance	Невоздержанность	f
Interference	Помеха	f
Interstellar	Межзвёздное пространство	n
Intimidation	Запугивание	n
Invigorate	Придание сил	n
Invitation	Приглашение	n
Issen	Вспышка клинка	f
Isso	Полное сметание	n
Issue	Выброс	m
Ivylash	Удар плющом	m
Jack-in-the-box	Чёртик из табакерки	m
Jagadishwari	Джагадишвари	f
Jaws	Челюсти	p
Jet	Струя	f
Jettatura	Сглаз	m
Jitterjolt	Нервный толчок	m
Judged	Суд состоялся	m
Junction	Сопряжение	n
Justice	Правосудие	n
Ka	Ка	m
Kanabo	Железная палица	f
Kanashibari	Парализующие путы	p
Karma	Карма	f
Kasaya	Монашеское облачение	n
Katakrisis	Осуждение	n
Katarraktes	Водопад	m
Katasterismoi	Вознесение к звёздам	n
Katastrophe	Катастрофа	f
Kattansho	Рассекающая ладонь	f
Keelhaul	Протаскивание под килем	n
Keraunography	Начертание молний	n
Khadga	Кхадга	m
Khoomii	Горловое пение	n
Kickdown	Удар вниз	m
Kinborrow	Заимствование родства	n
Kingsblaze	Королевское пламя	n
Kleos	Слава	f
Knockout	Нокаут	m
Knout	Кнут	m
Kokytos	Коцит	m
Kugelblitz	Шаровая молния	f
Kuji-kiri	Девять разрезов	p
Kurui-gekko	Безумный лунный свет	m
Kurui-kasha	Безумная огненная колесница	f
Kurui-yukikaze	Безумный снежный ветер	m
Lacerate	Рваный разрез	m
Laceration	Рваная рана	f
Lamentation	Стенание	n
Lamplight	Свет лампы	m
Lancelight	Свет копья	m
Landing	Приземление	n
Landmine	Наземная мина	f
Landsblood	Кровь земли	f
Landslip	Оползень	m
Landsurge	Всплеск земли	m
Landswallow	Поглощение землёй	n
Landwaker	Пробудитель земли	m
Landwaster	Разоритель земли	m
Lanolin	Ланолин	m
Lap	Лакание	n
Laparotomy	Лапаротомия	f
Laserblade	Лазерный клинок	m
Laserstream	Лазерный поток	m
Lattice	Решётка	f
Launch	Запуск	m
Layer	Слой	m
Leafcutter	Листорез	m
Leafmash	Разминание листьев	n
Leafstorm	Листовая буря	f
Leech	Пиявка	f
Leeches	Пиявки	p
Legendcarver	Высекатель легенд	m
Legendspinner	Прядильщик легенд	m
Legislation	Законотворчество	n
Lethe	Забвение	n
Liberation	Освобождение	n
Lifeblood	Живая кровь	f
Lifesbreath	Дыхание жизни	n
Lifescleaver	Рассекатель жизни	m
Lift	Подъём	m
Lightsteep	Наполнение светом	n
Link-strike	Связанный удар	m
Link-up	Соединение	n
Lionsblaze	Львиное пламя	n
Lionshead	Львиная голова	f
Liquefaction	Разжижение	n
Liquefy	Обращение в жидкость	n
Lithobrake	Торможение о камень	n
Load	Загрузка	f
Lochos	Воинский отряд	m
Loop	Петля	f
Love-in-Idleness	Анютины глазки	p
Loveseeker	Искатель любви	m
Lovey-dovey	Голубиная нежность	f
Lullaby	Колыбельная	f
Lumisphere	Световая сфера	f
Lunacy	Безумие	n
Lunge	Выпад	m
Luster	Блеск	m
Madness	Безумие	n
Maelstrike	Вихревой удар	m
Magicrystal	Магический кристалл	m
Magma	Магма	f
Magnetism	Магнетизм	m
Magnetoplasma	Магнитная плазма	f
Magnetoring	Магнитное кольцо	n
Magnetron	Магнетрон	m
Maintenance	Обслуживание	n
Maiogi	Танцующий веер	m
Makibishi	Метательные шипы	p
Malaise	Недомогание	n
Maleficium	Злое колдовство	n
Malevolence	Злонамеренность	f
Malice	Злоба	f
Malkuth	Царство	n
Malmsight	Дальний взгляд	m
Manacle	Кандалы	p
Manacounter	Ответный удар маны	m
Manaeater	Пожиратель маны	m
Manaport	Перенос маны	m
Mandrashock	Мандрагорный разряд	m
Mandrastorm	Мандрагорная буря	f
Mangle	Изувечивание	n
Manos	Руки	p
Marginalia	Заметки на полях	p
Martyr	Мученик	m
Masamune	Масамунэ	m
Mash	Разминание	n
Massacre	Резня	f
Materialization	Материализация	f
Materialize	Воплощение	n
Maul	Растерзание	n
Maulwork	Избиение молотом	n
Maverick	Отступник	m
Max	Максимум	m
Meadowreap	Луговая жатва	f
Meatshield	Живой щит	m
Mebuki	Распускание почек	n
Mechanogravity	Механическая гравитация	f
Medium	Посредник	m
Mega-tincture	Меганастойка	f
Megablaster	Мегабластер	m
Megalith	Мегалит	m
Megastorm	Мегабуря	f
Megavolt	Мегавольт	m
Meikyusho	Ладонь ясного зеркала	f
Melt	Таяние	n
Meltdown	Расплавление	n
Memento	Память	f
Menace	Угроза	f
Mesohigh	Мезомасштабный максимум давления	m
Metadiagnosis	Метадиагноз	m
Metamitosis	Метамитоз	m
Metamorphose	Превращение	n
Metamorphosis	Метаморфоза	f
Metaprognosis	Метапрогноз	m
Meteorain	Метеорный дождь	m
Metta-giri	Беспорядочное рассечение	n
Miasmata	Миазмы	p
Microblaster	Микробластер	m
Microburst	Микровзрыв	m
Microwall	Микростена	f
Might	Мощь	f
Mijin-giri	Мельчайшее рассечение	n
Mildew	Плесень	f
Mindhack	Взлом разума	m
Mindjack	Захват разума	m
Minefield	Минное поле	n
Mirage	Мираж	m
Misfortune	Несчастье	n
Misload	Ошибочная зарядка	f
Moatmaker	Создатель рва	m
Mole-a-whack	Удар кротом	m
Molt	Линька	f
Monomachia	Поединок	m
Monstrosity	Чудовищность	f
Moogle-Go-Round	Муглская карусель	f
Moondiver	Лунное пике	n
Moonset	Заход луны	m
Morningstar	Утренняя звезда	f
Morrowcloud	Облако грядущего дня	n
Morrowmotes	Пылинки грядущего дня	p
Mortify	Умерщвление	n
Mountaincarve	Высекание гор	n
Mouser	Мышелов	m
Moussacre	Муссовая резня	f
Mow	Покос	m
Mucilage	Растительная слизь	f
Mucin	Муцин	m
Mudrain	Грязевой дождь	m
Mudsling	Бросок грязи	m
Mudslinger	Гряземетатель	m
Mudspit	Грязевой плевок	m
Multi-missile	Множественные ракеты	p
Multicast	Множественное заклинание	n
Muse	Муза	f
Musket	Мушкет	m
Musojin	Бесподобный клинок	m
Mutilate	Изувечивание	n
Mycocyclone	Грибной циклон	m
Mythcall	Зов мифа	m
Mythcarver	Высекатель мифов	m
Mythmaker	Создатель мифов	m
Mythspinner	Прядильщик мифов	m
Nailchipper	Скалыватель ногтей	m
Navagraha	Девять небесных тел	p
Nearburst	Ближний взрыв	m
Nearsight	Ближнее зрение	n
Necrobane	Мёртвая пагуба	f
Necroburst	Мёртвый взрыв	m
Necrohazard	Смертельная опасность	f
Necrohaze	Мёртвая дымка	f
Necromancy	Некромантия	f
Necropurge	Мёртвое очищение	n
Necrosurge	Мёртвый всплеск	m
Neikos	Раздор	m
Nemesis	Немезида	f
Netherfall	Падение преисподней	n
Netherflow	Поток преисподней	m
Netherwater	Вода преисподней	f
Netherwind	Ветер преисподней	m
Neurotoxify	Нейротоксическое отравление	n
Neutralization	Нейтрализация	f
Neutralizer	Нейтрализатор	m
Neverwhere	Нигде	n
Nicker	Ржание	n
Nightburn	Ночной ожог	m
Nightfall	Наступление ночи	n
Nighthawk	Ночной ястреб	m
Nihility	Небытие	n
Nip	Щипок	m
Niphas	Снегопад	m
Nitrospin	Взрывное вращение	n
Noahionto	Ноахионто	n
Nostalgia	Ностальгия	f
Nothingness	Ничто	n
Noubelea	Нубелея	f
Nouliths	Ноулиты	p
Nutrify	Питание	n
Nutshell	Ореховая скорлупа	f
Oathbind	Узы клятвы	p
Obliterate	Полное уничтожение	n
Obliteration	Полное уничтожение	n
Oblivion	Забвение	n
Obstruction	Преграда	f
Octaflare	Восьмерная вспышка	f
Octostroke	Восемь ударов	p
Oculus	Око	n
Odium	Ненависть	f
Oink	Хрюканье	n
Omni-elements	Все стихии	p
Onmyojutsu	Искусство инь и ян	n
Onrush	Стремительный натиск	m
Oogle	Пристальный взгляд	m
Orbshadow	Тень сферы	f
Ore-rigato	Рудная благодарность	f
Orogenesis	Горообразование	n
Ossify	Окостенение	n
Outcrop	Скальный выступ	m
Outrage	Возмущение	n
Ovation	Овация	f
Overattachment	Чрезмерная привязанность	f
Overbite	Верхний прикус	m
Overboost	Чрезмерное усиление	n
Overcharge	Избыточный заряд	m
Overclock	Разгон	m
Overcome	Преодоление	n
Overdraught	Чрезмерный глоток	m
Overdue	Просрочка	f
Overexposure	Чрезмерное облучение	n
Overflow	Переполнение	n
Overheat	Перегрев	m
Overshadow	Затмение	n
Oversurge	Избыточный всплеск	m
Overtow	Чрезмерная тяга	f
Overturn	Опрокидывание	n
Overwhelm	Подавление	n
Palladion	Палладий	m
Palmistry	Хиромантия	f
Palsynyxis	Парализующий укол	m
Pandemic	Пандемия	f
Pangenesis	Пангенезис	m
Pantheos	Все боги	p
Pantokrator	Вседержитель	m
Panzerfaust	Бронебойный кулак	m
Panzerschreck	Ужас брони	m
Papercutter	Бумажный резак	m
Paperweight	Пресс-папье	n
Paradeigma	Образец	m
Paradoxum	Парадокс	m
Parasitism	Паразитизм	m
Pare	Обстругивание	n
Parhelion	Ложное солнце	n
Parthenos	Дева	f
Partition	Разделение	n
Patch	Заплата	f
Pathos	Пафос	m
Peacefire	Миротворческий огонь	m
Pease	Горох	m
Peasebomb	Гороховая бомба	f
Pebble	Камешек	m
Peck	Клевок	m
Peel	Очищение	n
Pellet	Дробинка	f
Penalty	Штраф	m
Pendulum	Маятник	m
Penetration	Проникновение	n
Pentagust	Пятерной порыв	m
Penultima	Предпоследний удар	m
Perdition	Погибель	f
Periaktoi	Поворотные декорации	p
Peridialogos	Круговой диалог	m
Perilune	Периселений	m
Permafrost	Вечная мерзлота	f
Pervasion	Пронизывание	n
Pestilence	Мор	m
Petrai	Камни	p
Petrattraction	Каменное притяжение	n
Petriblaster	Окаменяющий бластер	m
Petribreath	Окаменяющее дыхание	n
Petriburst	Окаменяющий взрыв	m
Petrifaction	Окаменение	n
Petrisphere	Окаменяющая сфера	f
Phantasmata	Призрачные видения	p
Pharmakon	Снадобье	n
Phaser	Фазер	m
Phenex	Фенекс	m
Philotes	Дружба	f
Phlegethon	Флегетон	m
Phobos	Страх	m
Photon	Фотон	m
Photorespiration	Фотодыхание	n
Photosynthesis	Фотосинтез	m
Phraktos	Преграда	f
Phytobeam	Растительный луч	m
Pierce	Прокол	m
Piercer	Пронзатель	m
Pillory	Позорный столб	m
Pinax	Плита	f
Pinwheel	Вертушка	f
Pitfall	Волчья яма	f
Pitter-patter	Топот	m
Pity	Жалость	f
Planetes	Планеты	p
Plannyplot	Хитрый план	m
Plasmafodder	Плазменная мишень	f
Plink	Звонкий щелчок	m
Plummet	Отвесное падение	n
Pluto	Плутон	m
Poliouchos	Хранитель города	m
Poltergeist	Полтергейст	m
Pom-bom	Помпонная бомба	f
Pop	Хлопок	m
Possess	Овладение	n
Possession	Одержимость	f
Powerslam	Мощный бросок	m
Pradamante	Прадаманта	f
Prance	Гарцование	n
Preservation	Сохранение	n
Pressure	Давление	n
Pressurize	Нагнетание давления	n
Proboscis	Хоботок	m
Protection	Защита	f
Protostar	Протозвезда	f
Provision	Снабжение	n
Prowess	Доблесть	f
Prune	Обрезка	f
Psychokinesis	Психокинез	m
Pteraspit	Крылатый плевок	m
Puff	Пыхтение	n
Pulp	Мякоть	f
Pulverize	Измельчение	n
Puncture	Прокол	m
Punishment	Наказание	n
Pupate	Окукливание	n
Puppet	Марионетка	f
Purification	Очищение	n
Putrefaction	Гниение	n
Pyreburst	Взрыв костра	m
Pyremeld	Слияние с пламенем	n
Pyroclysm	Огненный катаклизм	m
Pyrocrisis	Огненный кризис	m
Pyrodoxy	Огненное учение	n
Pyrokinesis	Пирокинез	m
Pyrolatry	Огнепоклонство	n
Pyromagicks	Огненная магия	f
Pyroplexy	Огненный удар	m
Pyrosault	Огненное сальто	n
Pyroscatter	Огненный разброс	m
Pyrotation	Огненное вращение	n
Pyrotechnics	Пиротехника	f
Quadrastrike	Четверной удар	m
Quagmire	Трясина	f
Quakedown	Землетрясение	n
Quaternity	Четверичность	f
Quaver	Дрожь	f
Queensblade	Клинок королевы	m
Quicken	Ускорение	n
Quickmire	Быстрая трясина	f
Quintessence	Квинтэссенция	f
Raiko-zuki	Громовой выпад	m
Rake	Прочёсывание	n
Ram	Таран	m
Randgrith	Рандгрид	f
Rapture	Восторг	m
Ratzon	Воля	f
Ravage	Опустошение	n
Ravening	Алчное пожирание	n
Ravensbeak	Вороний клюв	m
Ravensclaw	Вороний коготь	m
Ravensflight	Вороний полёт	m
Raze	Снос	m
Razorwind	Бритвенный ветер	m
Reading	Чтение	n
Ready	Подготовка	f
Realmrazer	Разрушитель царств	m
Reanimate	Оживление	n
Rear	Вставание на дыбы	n
Reawakening	Повторное пробуждение	n
Rebind	Повторное связывание	n
Rebirth	Перерождение	n
Rebuild	Восстановление	n
Rebuke	Выговор	m
Recollection	Воспоминание	n
Recompense	Возмещение	n
Recomposition	Повторное составление	n
Reconfiguration	Перенастройка	f
Reconstruct	Воссоздание	n
Redemption	Искупление	n
Redfire	Красный огонь	m
Redraw	Замена карты	f
Redress	Возмещение	n
Reedmace	Рогоз	m
Reedwhip	Тростниковый хлыст	m
Reenactment	Воспроизведение	n
Reflection	Отражение	n
Reforge	Перековка	f
Reformat	Переформатирование	n
Reformation	Преобразование	n
Regenerate	Возрождение	n
Regeneration	Регенерация	f
Regorge	Извержение	n
Regret	Сожаление	n
Regurgitables	Извергнутые овощи	p
Regurgitate	Отрыгивание	n
Regurgitomato	Отрыгнутый помидор	m
Regurgitonion	Отрыгнутая луковица	f
Reinforcements	Подкрепления	p
Reisho	Духовная ладонь	f
Rejuvenation	Омоложение	n
Relaxant	Расслабляющее средство	n
Reload	Перезарядка	f
Repay	Воздаяние	n
Repel	Отражение	n
Repentance	Покаяние	n
Replicate	Копирование	n
Replication	Воспроизведение	n
Report	Донесение	n
Reprimand	Выговор	m
Reprint	Повторная печать	f
Reprobation	Осуждение	n
Reproduce	Воспроизведение	n
Resentment	Обида	f
Reset	Сброс	m
Resolve	Решимость	f
Resurface	Всплытие	n
Retract	Втягивание	n
Retreat	Отступление	n
Retribute	Воздаяние	n
Retribution	Возмездие	n
Retrogradation	Обратное движение	n
Reuse	Повторное использование	n
Revengeance	Жестокая месть	f
Revert	Возврат	m
Revilement	Поношение	n
Reward	Награда	f
Rheognosis	Познание потока	n
Rhyton	Ритон	m
Ribbit	Кваканье	n
Ribbitygibbet	Квакающая виселица	f
Rictus	Оскал	m
Rimestorm	Инеистая буря	f
Ringsmith	Ковка колец	f
Rinse	Ополаскивание	n
Rip	Раздирание	n
Riptide	Отбойное течение	n
Rive	Раскалывание	n
Roast	Обжаривание	n
Rockslide	Камнепад	m
Roil	Бурление	n
Roly-poly	Перекат	m
Romp	Буйная игра	f
Rootstorm	Буря корней	f
Rostnbyrt	Ростнбюрт	m
Rotation	Вращение	n
Rotoswipe	Вращающийся взмах	m
Roulette	Рулетка	f
Roundhouse	Круговой удар	m
Rout	Разгром	m
Roxxor	Камнекрушитель	m
Rubble-rouse	Пробуждение обломков	n
Ruffle	Взъерошивание	n
Ruinfall	Падение руины	n
Rumble	Грохот	m
Rumination	Размышление	n
Rupture	Разрыв	m
Rustbite	Ржавый укус	m
Sabertail	Сабельный хвост	m
Sabik	Сабик	m
Sabotendance	Кактуарный танец	m
Sabotendash	Кактуарный рывок	m
Sacrament	Таинство	n
Saintscreen	Святой заслон	m
Saltstorm	Соляная буря	f
Sample	Образец	m
Samsara	Сансара	f
Sanctification	Освящение	n
Sanctuary	Святилище	n
Sandblast	Пескоструй	m
Sandburst	Песчаный взрыв	m
Sandpit	Песчаная яма	f
Sandplume	Песчаное перо	n
Sandslinger	Пескометатель	m
Sandspray	Песчаные брызги	p
Sandstorm	Песчаная буря	f
Sandstrike	Песчаный удар	m
Sanngetall	Саннгеталь	m
Sap	Истощение	n
Saptagraha	Семь небесных тел	p
Sarva	Сарва	f
Scald	Ошпаривание	n
Scamper	Суетливый бег	m
Scan	Сканирование	n
Scatterbait	Разброс приманки	m
Scattering	Рассеивание	n
Scatterscourge	Рассеянный бич	m
Schizocarps	Дробные плоды	p
Scission	Рассечение	n
Scoop	Зачерпывание	n
Scramble	Суматоха	f
Scrap	Лом	m
Scrapline	Линия лома	f
Scratch	Царапина	f
Screech	Визг	m
Screwdriver	Отвёртка	f
Scryption	Начертание	n
Scupper	Затопление	n
Scurvy	Цинга	f
Scuttle	Затопление судна	n
Seafoam	Морская пена	f
Sear	Опаление	n
Search	Поиск	m
Searchlight	Прожектор	m
Seasplitter	Раскалыватель моря	m
Seaspray	Морские брызги	p
Securis	Секира	f
Seduce	Соблазнение	n
Seedsprout	Прорастание семян	n
Seedvolley	Залп семян	m
Seep	Просачивание	n
Seismostomp	Сейсмический топот	m
Selenomancy	Лунная магия	f
Self-sacrifice	Самопожертвование	n
Senka	Военный цветок	m
Sentence	Приговор	m
Setback	Неудача	f
Shadefire	Теневой огонь	m
Shadesmite	Теневое сокрушение	n
Shadespin	Теневое вращение	n
Shadethrust	Теневой выпад	m
Shadow-twin	Теневой близнец	m
Shadowbind	Теневые путы	p
Shadowchase	Теневая погоня	f
Shadowdash	Теневой рывок	m
Shadowflow	Теневой поток	m
Shadowkeep	Теневой оплот	m
Shadowkeeper	Хранитель тени	m
Shadowkiller	Теневой убийца	m
Shadowreaver	Теневой разоритель	m
Shadowrun	Теневой бег	m
Shadowsear	Теневое опаление	n
Shadowspawn	Порождение тени	n
Shame	Стыд	m
Shardfall	Падение осколков	n
Shardstorm	Буря осколков	f
Shardstrike	Удар осколками	m
Shattersteel	Раскол стали	m
Shear	Срез	m
Shellcracker	Раскалыватель панцирей	m
Shikigami	Сикигами	m
Shiko	Топот сумоиста	m
Shimmerstorm	Мерцающая буря	f
Shimmerstrike	Мерцающий удар	m
Shin-Zantetsuken	Истинный меч, рассекающий железо	m
Shin-getsubaku	Истинные лунные путы	p
Shine	Сияние	n
Shingan	Око разума	n
Shinkyugan	Истинная сфера пустоты	f
Shiver	Дрожь	f
Shockbolt	Громовая молния	f
Shout	Крик	m
Shred	Измельчение	n
Shrug	Пожатие плечами	n
Shuck	Снятие оболочки	n
Shudder	Содрогание	n
Shutdown	Отключение	n
Siderays	Боковые лучи	p
Sidescathe	Боковой ожог	m
Sideslip	Боковое скольжение	n
Sidestep	Шаг в сторону	m
Sideswing	Боковой замах	m
Sideswipe	Боковой взмах	m
Silkscreen	Шёлковый заслон	m
Silkspit	Шёлковый плевок	m
Sinblaze	Греховное пламя	n
Sinburst	Греховный взрыв	m
Sinsight	Греховный взгляд	m
Sinsmite	Греховное сокрушение	n
Sinsmoke	Греховный дым	m
Sinsphere	Греховная сфера	f
Sinspitter	Плеватель грехом	m
Sizzlebeam	Шипящий луч	m
Sizzlespark	Шипящая искра	f
Skinflayer	Сдиратель кожи	m
Skinsplitter	Раскалыватель кожи	m
Skullbreaker	Череполом	m
Skullcrush	Сокрушение черепа	n
Skullsplinter	Расщепление черепа	n
Skydive	Небесное пике	n
Skydrive	Небесный натиск	m
Skyfall	Падение неба	n
Skylight	Небесный свет	m
Skyruin	Небесная руина	f
Slabber	Слюнотечение	n
Slaminator	Ударный разрушитель	m
Slapstick	Шутовской удар	m
Slashburn	Выжигающий разрез	m
Slaughtershed	Кровавая бойня	f
Sledgehammer	Кувалда	f
Sledgemagic	Магическая кувалда	f
Sleepga	Массовый сон	m
Sleetvolley	Залп мокрого снега	m
Sleight	Ловкость рук	f
Slimer	Слизевик	m
Slosh	Плеск	m
Slowball	Замедляющий шар	m
Slowcall	Призыв замедления	m
Sluice	Слив	m
Smashdown	Сокрушение вниз	n
Smelting	Плавка	f
Smokeater	Пожиратель дыма	m
Smolder	Тление	n
Smoldering	Тление	n
Snapcannon	Щёлкающая пушка	f
Snipethoom	Грохот снайперского выстрела	m
Snortsault	Фыркающее сальто	n
Snowblind	Снежная слепота	f
Snowbloom	Снежное цветение	n
Snowcap	Снежная шапка	f
Snowfall	Снегопад	m
Snowpierce	Снежное пронзание	n
Snowscoop	Зачерпывание снега	n
Snowstorm	Снежная буря	f
Snuff	Угашение	n
Snuggle	Обнимание	n
Soar	Взмывание	n
Soka	Парящий цветок	m
Somersault	Сальто	n
Somnambulism	Лунатизм	m
Soporific	Снотворное	n
Soulfix	Закрепление души	n
Soulflash	Вспышка души	f
Soulscald	Ошпаривание души	n
Soulscour	Очищение души	n
Soulshade	Тень души	f
Soulshock	Потрясение души	n
Soulsteal	Кража души	f
Soulweave	Плетение душ	n
Soundstorm	Звуковая буря	f
Soundwave	Звуковая волна	f
Sow	Посев	m
Sparksteel	Искрящая сталь	f
Sparkstorm	Буря искр	f
Speed	Скорость	f
Spelldriver	Проводник заклинаний	m
Spellscatter	Разброс заклинаний	m
Spellsword	Зачарованный меч	m
Spellwave	Волна заклинаний	f
Spellwind	Ветер заклинаний	m
Spew	Извержение	n
Spheroids	Сфероиды	p
Spikesicle	Шип-сосулька	m
Spincrush	Вращающееся сокрушение	n
Spinelash	Хлыст позвоночника	m
Spineshot	Выстрел шипом	m
Spinkick	Удар ногой с разворота	m
Spinshock	Вращающийся разряд	m
Spiritcall	Призыв духов	m
Spiritcull	Истребление духов	n
Spiritflame	Пламя духа	n
Spiritspark	Искра духа	f
Spiritus	Дух	m
Spite	Злоба	f
Spittle	Слюна	f
Splat	Шлепок	m
Splatter	Разбрызгивание	n
Splattershed	Разливающиеся брызги	p
Splicer	Сращиватель	m
Splinter	Щепка	f
Splish-splash	Плеск и брызги	p
Sploosh	Большой всплеск	m
Spoil	Порча	f
Sporesplosion	Взрыв спор	m
Spotlight	Свет прожектора	m
Sputter	Разбрызгивание	n
Squash	Расплющивание	n
Squelch	Хлюпанье	n
Stab	Укол	m
Staging	Постановка	f
Stamp	Топот	m
Stampede	Топчущаяся орда	f
Standstill	Полная остановка	f
Starbirth	Рождение звезды	n
Stare	Пристальный взгляд	m
Starstrafe	Звёздный обстрел	m
Stasis	Стазис	m
Steam	Пар	m
Steelboughs	Стальные ветви	p
Steelripper	Стальной потрошитель	m
Steelsbreath	Дыхание стали	n
Steelsforge	Кузня стали	f
Steelstrike	Стальной удар	m
Stella	Звезда	f
Stickler	Придирчивый удар	m
Stock	Запас	m
Stockpile	Накопление запаса	n
Stolon	Столон	m
Stonecarver	Камнерез	m
Stoneringer	Каменный звонарь	m
Stonework	Каменная кладка	f
Stop	Остановка	f
Stormcall	Призыв бури	m
Stormcoming	Приход бури	m
Stormsplitter	Рассекатель бури	m
Stormwhorl	Штормовой вихрь	m
Stormwind	Штормовой ветер	m
Stormwinds	Штормовые ветры	p
Strangle	Удушение	n
Streak	Полоса	f
Strophe	Строфа	f
Strut	Важная поступь	f
Stump	Пень	m
Styx	Стикс	m
Subduction	Погружение плиты	n
Subparhelion	Нижнее ложное солнце	n
Subroutine	Подпрограмма	f
Subsidence	Проседание	n
Subsonics	Дозвуковые колебания	p
Subtract	Вычитание	n
Sucker	Присоска	f
Sugarscape	Сахарный пейзаж	m
Suiyaku	Водяной прыжок	m
Summon	Призыв	m
Sunset	Закат	m
Sunstroke	Солнечный удар	m
Superbolt	Сверхмолния	f
Supercell	Суперячейка	f
Supercharge	Сверхзаряд	m
Supercool	Переохлаждение	n
Superflare	Сверхвспышка	f
Superheat	Перегрев	m
Supernova	Сверхновая	f
Superstorm	Сверхбуря	f
Survival	Выживание	n
Swallow	Проглатывание	n
Swallowtail	Хвост ласточки	m
Swarm	Рой	m
Swiftbreach	Стремительный прорыв	m
Swiftfeather	Быстрое перо	n
Swiftsteel	Быстрая сталь	f
Swinge	Сильный удар	m
Swordpointe	Остриё меча	n
Symbiosis	Симбиоз	m
Sync	Синхронизация	f
Synchroshot	Синхронный выстрел	m
Synergy	Совместное действие	n
Syntheslean	Синтетический наклон	m
Syntheslither	Синтетическое скольжение	n
Syrup	Сироп	m
Tag	Метка	f
Takeoff	Взлёт	m
Tandem	Тандем	m
Tangle	Путаница	f
Tankbuster	Сокрушение защитника	n
Tantrum	Приступ ярости	m
Tapas	Аскетический жар	m
Tapasya	Подвижничество	n
Taphephobia	Страх погребения	m
Taproot	Стержневой корень	m
Tartarus	Тартар	m
Tectonics	Тектоника	f
Tele-trouncing	Телепортирующее избиение	n
Telega	Групповая телепортация	f
Telekinesis	Телекинез	m
Telomania	Безумие конца	n
Telos	Конечная цель	f
Tenebrism	Тенебризм	m
Tengu-yobi	Призыв тэнгу	m
Tentacle	Щупальце	n
Terminate	Ликвидация	f
Terrastorm	Земная буря	f
Tether	Привязь	f
Tetraflare	Четверная вспышка	f
Tetraktys	Тетрактис	m
Tetrapagos	Четверной лёд	m
Tetrashatter	Четверное раскалывание	n
Thelema	Воля	f
Theriac	Териак	m
Thlipsis	Скорбь	f
Thornbite	Колючий укус	m
Thorns	Шипы	p
Thrash	Избиение	n
Threaten	Угроза	f
Thricecull	Тройное истребление	n
Thrub	Удар с грохотом	m
Thumbscrew	Тиски для пальцев	p
Thump	Глухой удар	m
Thundering	Громыхание	n
Thunderswarm	Громовой рой	m
Thwack	Хлёсткий удар	m
Tickle	Щекотка	f
Tidalspout	Приливный столб	m
Tideline	Линия прилива	f
Tiferet	Красота	f
Tiiimbeeer	Дерево падает	n
Tilt-a-wheel	Наклонное колесо	n
Timegate	Врата времени	p
Tinderize	Обращение в трут	n
Titanomachy	Битва титанов	f
Topple	Опрокидывание	n
Torch	Факел	m
Tornadogenesis	Рождение торнадо	n
Torpedo	Торпеда	f
Touchdown	Приземление	n
Tourbillion	Турбийон	m
Tousle	Взъерошивание	n
Towerfall	Падение башни	n
Tracheostomy	Трахеостомия	f
Trailblaze	Прокладывание пути	n
Train	Поезд	m
Tramontane	Трамонтана	f
Transcendence	Превосхождение	n
Transference	Перенос	m
Transfigure	Преображение	n
Transform	Превращение	n
Transmission	Передача	f
Transpierce	Сквозное пронзание	n
Trapshooting	Стрельба по мишеням	f
Travail	Мучительный труд	m
Tread	Поступь	f
Tremblor	Подземный толчок	m
Trepidation	Трепет	m
Tri-attack	Тройная атака	f
Tri-bind	Тройное сковывание	n
Triboelectricity	Трибоэлектричество	n
Tribulation	Тяжкое испытание	n
Tributary	Приток	m
Trickshot	Хитрый выстрел	m
Triclip	Тройное подрезание	n
Triflame	Тройное пламя	n
Trine	Тригон	m
Trinity	Троица	f
Triscourge	Тройной бич	m
Trismegistos	Трижды величайший	m
Triumvirate	Триумвират	m
Trolling	Ловля на дорожку	f
Trounce	Избиение	n
Tryst	Свидание	n
Tsujigiri	Убийство на перекрёстке	n
Tsujikaze	Вихревой ветер	m
Tsuki-no-Kakera	Осколок луны	m
Tsuki-no-Maiogi	Танцующий веер луны	m
Tulidisaster	Туральское бедствие	n
Tumblecleave	Кувыркающееся рассечение	n
Tumblewind	Кувыркающийся ветер	m
Tumult	Буйство	n
Tumulus	Могильный курган	m
Tundra	Тундра	f
Tunnel	Туннель	m
Turbine	Турбина	f
Turmoil	Смятение	n
Turn	Поворот	m
Turnabout	Разворот	m
Twinbite	Двойной укус	m
Twincast	Двойное заклинание	n
Twingaze	Двойной взгляд	m
Twinscorch	Двойное опаление	n
Twister	Смерч	m
Typhoon	Тайфун	m
Tyrfing	Тюрфинг	m
Ugetsuzan	Рассечение дождливой луны	n
Ukehi	Клятвенное гадание	n
Ukhei	Клятвенное гадание	n
Ultima	Ультима	f
Ultimum	Последний предел	m
Ultramagnetism	Сверхмагнетизм	m
Ultrasonics	Ультразвук	m
Ululation	Завывание	n
Umbra	Тень	f
Unbind	Освобождение от пут	n
Unbreakable	Несокрушимость	f
Uncover	Раскрытие	n
Underbite	Нижний прикус	m
Underfoot	Под ногами	n
Undermine	Подкоп	m
Undock	Отстыковка	f
Undraw	Сброс карты	m
Unenlightenment	Помрачение	n
Unhand	Разжатие рук	n
Unholy	Нечестивость	f
Unlock	Отпирание	n
Unlocking	Разблокировка	f
Unravel	Распутывание	n
Unrelenting	Неослабность	f
Unrepentance	Нераскаянность	f
Unseal	Снятие печати	n
Unsheathe	Обнажение клинка	n
Unsheathing	Обнажение клинка	n
Unshower	Нечестивый ливень	m
Unsummon	Отзыв призыва	m
Unusable	Недоступное действие	n
Unveiling	Снятие покрова	n
Unwind	Разматывание	n
Upbraid	Укор	m
Upburst	Восходящий взрыв	m
Updraft	Восходящий поток	m
Updrift	Дрейф вверх	m
Uplift	Подъём	m
Uproot	Вырывание с корнем	n
Upsweep	Восходящий взмах	m
Upwell	Подъём из глубин	m
Utsusemi	Пустая оболочка	f
Vacuum	Вакуум	m
Valfodr	Вальфёдр	m
Valknut	Валькнут	m
Valve	Клапан	m
Vanguard	Авангард	m
Vaporize	Испарение	n
Vasoconstrictor	Сосудосуживающее средство	n
Venom	Яд	m
Venomspill	Разлив яда	m
Ventilate	Проветривание	n
Verdict	Вердикт	m
Vexillatio	Знаменный отряд	m
Vidohunir	Видофнир	m
Vitalis	Жизненная сила	f
Vitriol	Купорос	m
Vitrophyre	Витрофир	m
Voidgate	Врата пустоты	p
Voidshaker	Сотрясатель пустоты	m
Voidstrom	Вихрь пустоты	m
Vollok	Воллок	m
Voltburst	Взрыв напряжения	m
Voltstream	Поток напряжения	m
Voyage	Путешествие	n
Vulcanize	Вулканизация	f
Wail	Вопль	m
Wakizashi	Вакидзаси	m
Wallop	Сильный удар	m
Wallow	Валяние	n
Warp	Искажение	n
Watersong	Песнь воды	f
Waterspout	Водяной смерч	m
Waterwhirl	Водяной вихрь	m
Wavebreaker	Волнолом	m
Wavefoam	Пена волн	f
Wellbore	Скважина	f
Whack	Удар	m
Whetstone	Точильный камень	m
Whinge	Нытьё	n
Whipcrack	Щелчок хлыста	m
Whiplash	Удар хлыстом	m
Whipstream	Поток хлыста	m
Whipwind	Ветер хлыста	m
Whirligig	Волчок	m
Whirlpool	Водоворот	m
Whirlwind	Вихрь	m
Whitefang	Белый клык	m
Whitefire	Белый огонь	m
Whiteout	Белая мгла	f
Whitewater	Бурная вода	f
Whorlstorm	Вихревая буря	f
Widowmaker	Создатель вдов	m
Wildswind	Дикий ветер	m
Windage	Снос ветром	m
Windcaller	Призыватель ветра	m
Windpipe	Дыхательное горло	n
Windraiser	Подниматель ветра	m
Windstooth	Зуб ветра	m
Windswrath	Гнев ветра	m
Windwhistle	Свист ветра	m
Windwinder	Виток ветра	m
Wingbeat	Взмах крыла	m
Wingblow	Удар крылом	m
Wipeout	Полное уничтожение	n
Wirbelwind	Вихрь	m
Witchgleam	Ведьмин блеск	m
Witherwind	Увядающий ветер	m
Wormhole	Червоточина	f
Wormwail	Вой червя	m
Wriggle	Извивание	n
Wringer	Выкручиватель	m
Writhe	Корчи	p
Yama-kagura	Горный священный танец	m
Yasakani-no-Magatama	Священная яшмовая подвеска	f
Yata-no-Kagami	Священное восьмигранное зеркало	n
Yesod	Основание	n
Yggr	Игг	m
Yoki	Зловещая энергия	f
Yoki-uzu	Вихрь зловещей энергии	m
Yomeisho	Ладонь рассвета	f
Yowl	Протяжный вой	m
Zanmato	Меч рассечения демонов	m
Zashiki-asobi	Игры в гостиной	p
Zombify	Превращение в зомби	n
Zoomdoom	Стремительная погибель	f
Band	Кольцо	n
Bastion	Бастион	m
Beacons	Маяки	p
Beak	Клюв	m
Blades	Клинки	p
Bough	Ветвь	f
Bound	Прыжок	m
Bounds	Узы	p
Bowels	Недра	p
Brunt	Натиск	m
Bud	Бутон	m
Cage	Клетка	f
Caged Heart	Заточённое сердце	n
Catastrophe	Катастрофа	f
Center	Центр	m
Chains	Цепи	p
Chasm	Пропасть	f
Chorus	Хор	m
Circles	Круги	p
Cloak	Покров	m
Clout	Удар	m
Coat	Облачение	n
Cometeor	Малый метеор	m
Confession	Признание	n
Contest	Состязание	n
Cost	Цена	f
Course	Курс	m
Cradle	Колыбель	f
Creature	Создание	n
Crown	Корона	f
Path	Путь	m
Cycle	Цикл	m
Demonograph	Демонограмма	f
Denizens	Обитатели	p
Depths	Глубины	p
Dirge	Погребальная песнь	f
Disciples	Ученики	p
Dream	Сон	m
Dreams	Сны	p
Drum	Барабан	m
Duality	Двойственность	f
Duology	Дилогия	f
Echo	Эхо	n
Engravement	Гравировка	f
Equal	Равенство	n
Evocation	Призыв	m
Exchange	Обмен	m
Eyes	Глаза	p
Failure	Неудача	f
Fan	Веер	m
Fangs	Клыки	p
Firestorms	Огненные бури	p
Flock	Стая	f
Flow	Поток	m
Foul	Скверна	f
Fountain	Фонтан	m
Freedom	Свобода	f
Fuses	Фитили	p
Gales	Шквалы	p
Gate	Врата	p
Gnashing	Скрежет	m
Grief	Скорбь	f
Grip	Хватка	f
Grips	Объятия	p
Hail	Град	m
Hall	Зал	m
Hands	Руки	p
Harbinger	Предвестник	m
Holiest	Высшая святость	f
Hooves	Копыта	p
Horn	Рог	m
Horns	Рога	p
Hunks	Глыбы	p
Idol	Идол	m
Invocation	Воззвание	n
Jaw	Челюсть	f
Knights	Рыцари	p
Lands	Земли	p
Law	Закон	m
Laws	Законы	p
Lay	Сказание	n
Lead	Свинец	m
Letter	Письмо	n
Lick	Лизание	n
Limbs	Конечности	p
Line	Линия	f
Lines	Линии	p
Liturgy	Литургия	f
Longing	Тоска	f
Malediction	Проклятие	n
Mark	Метка	f
Mask	Маска	f
Master	Властелин	m
Maw	Пасть	f
Medica	Общее исцеление	n
Memory	Память	f
Mind	Разум	m
Mire	Трясина	f
Mograin	Мугловый дождь	m
Mold	Плесень	f
Name	Имя	n
Nest	Гнездо	n
Nexus	Сплетение	n
Note	Нота	f
Ode	Ода	f
Ordeal	Испытание	n
Origins	Истоки	p
Palm	Ладонь	f
Parade	Парад	m
Passage	Переход	m
Peace	Мир	m
Peal	Раскат	m
Perch	Насест	m
Phases	Фазы	p
Pillars	Столпы	p
Place	Место	n
Plague	Чума	f
Plaint	Плач	m
Plectrum	Медиатор	m
Pride	Гордость	f
Projection	Проекция	f
Prosecution	Обвинение	n
Qi	Энергия ци	f
Quadrilogy	Тетралогия	f
Rail	Поток	m
Requiem	Реквием	m
Revenge	Месть	f
Riddle	Загадка	f
Right	Право	n
Riot	Буйство	n
Ripples	Волны	p
Rise	Подъём	m
Rite	Обряд	m
Rock	Скала	f
Round	Круг	m
Ruffling	Взъерошивание	n
Saga	Сага	f
Sanctity	Святость	f
Scorn	Презрение	n
Screams	Крики	p
Screes	Осыпи	p
Sea	Море	n
Season	Сезон	m
Seasons	Сезоны	p
Seed	Семя	n
Shadows	Тени	p
Sheet	Пелена	f
Shelter	Укрытие	n
Shield	Щит	m
Show	Представление	n
Shroud	Пелена	f
Siege	Осада	f
Sigil	Печать	f
Sigils	Печати	p
Silence	Безмолвие	n
Slip	Скольжение	n
Snows	Снега	p
Soldiers	Солдаты	p
Songs	Песни	p
Souls	Души	p
Sparks	Искры	p
Specter	Призрак	m
Spell	Заклинание	n
Spirits	Духи	p
State	Состояние	n
Stirring	Пробуждение	n
Storms	Бури	p
Strength	Сила	f
Supercurse	Сверхпроклятие	n
Swath	Полоса	f
Switch	Хлёсткий удар	m
Talons	Когти	p
Taste	Вкус	m
Tears	Слёзы	p
Tendrils	Усики	p
Face	Лик	m
Paean	Пеан	m
Threads	Нити	p
Throes	Муки	p
Throne	Трон	m
Thrum	Гул	m
Toil	Труд	m
Tongues	Языки	p
Touch	Касание	n
Veil	Завеса	f
Vice	Порок	m
Visions	Видения	p
Voice	Голос	m
Walls	Стены	p
Waltz	Вальс	m
Way	Путь	m
Weal	Благо	n
Weighing	Взвешивание	n
Weight	Вес	m
Well	Колодец	m
Whirl	Вихрь	m
Whisper	Шёпот	m
Whispers	Шёпоты	p
Wile	Уловка	f
Wisdom	Мудрость	f
Word	Слово	n
Words	Слова	p
Balm	Бальзам	m
Bull	Бык	m
Codex	Кодекс	m
Deceit	Обман	m
House	Дом	m
Marrow	Суть	f
Pall	Саван	m
Reach	Предел	m
River	Река	f
Rose	Роза	f
Scale	Чешуя	f
Scales	Весы	p
Sound	Звук	m
Steps	Шаги	p
Third Art	Третье искусство	n
Wave Cannon	Волновая пушка	f
Special	Особый приём	m
Beat	Ритм	m
Kiss	Поцелуй	m
Sabbath	Шабаш	m
Nails	Гвозди	p
Predation	Охота	f
Spout	Фонтан	m
Guillotine	Гильотина	f
Tackle	Таран	m
Grudge	Злоба	f
Stake	Кол	m
Omen	Знамение	n
Twist	Вихрь	m
Vomit	Рвота	f
Saber	Сабля	f
Cold	Холод	m
Love	Любовь	f
Antilight	Антисвет	m
Nebula	Туманность	f
Smoke	Дым	m
Trio	Трио	n
Knuckles	Кулаки	p
Lariat	Удар плечом	m
Powder	Порошок	m
Shaker	Сотрясение	n
Throw	Бросок	m
Waters	Воды	p
Drill	Бур	m
Guard	Защита	f
Arc	Дуга	f
Chase	Погоня	f
Weave	Плетение	n
Command	Команда	f
Combination	Комбинация	f
Lasers	Лазеры	p
Fracture	Перелом	m
Sneeze	Чихание	n
Flourish	Росчерк	m
Aether	Эфир	m
Pound	Удар	m
Reign	Правление	n
Nightmare	Кошмар	m
Axe	Топор	m
Cleave	Рассекающий удар	m
Torrent	Поток	m
Interment	Погребение	n
Shell	Панцирь	m
Air	Воздух	m
Instinct	Инстинкт	m
Zantetsuken	Дзантэцукэн	m
Breaker	Сокрушитель	m
Circuit	Контур	m
Bile	Желчь	f
Vision	Видение	n
Avatar	Аватар	m
Front	Фронт	m
Overload	Перегрузка	f
Run	Разбег	m
Nectar	Нектар	m
Hole	Дыра	f
Waves	Волны	p
Bubbles	Пузыри	p
Gloom	Мрак	m
Press	Пресс	m
Retrieval	Извлечение	n
Magick	Магия	f
Verse	Стих	m
Vapor	Пар	m
Ivy	Плющ	m
Pitch	Смола	f
Stance	Стойка	f
Violation	Нарушение	n
Energy	Энергия	f
Iron	Железо	n
Sight	Взор	m
Strikes	Удары	p
Wake	Пробуждение	n
Spiral	Спираль	f
Deathmatch	Смертельная схватка	f
Descent	Нисхождение	n
Juice	Сок	m
Zone	Зона	f
Overruling	Отмена приговора	f
Ruling	Приговор	m
Eight	Восьмёрка	f
Serenade	Серенада	f
Emission	Излучение	n
Summons	Призыв	m
Ego	Эго	n
Dustdevil	Пыльный вихрь	m
Sandspout	Песчаный смерч	m
Orders	Приказы	p
Form	Форма	f
Fulguration	Сверкание молний	n
Haze	Дымка	f
Gaol	Темница	f
Fate	Судьба	f
Ascension	Вознесение	n
Glower	Грозный взгляд	m
Squama	Чешуя	f
Cluster	Скопление	n
Summoning	Призыв	m
Bombing	Бомбардировка	f
Seeds	Семена	p
Scalpel	Скальпель	m
Prayer	Молитва	f
Voltage	Напряжение	n
Snort	Фырканье	n
Melody	Мелодия	f
Gun	Пушка	f
Plunge	Нырок	m
Price	Цена	f
Horizon	Горизонт	m
Tap	Удар	m
Inhale	Вдох	m
Reaping	Жатва	f
Bladework	Работа клинком	f
Conditions	Условия	p
Lament	Плач	m
Duster	Пыльный удар	m
Freeze	Заморозка	f
Thorn	Шип	m
Hate	Ненависть	f
Shade	Тень	f
Bash	Удар	m
Beast	Зверь	m
Raid	Налёт	m
Theory	Теория	f
Potion	Зелье	n
Decree	Указ	m
Vent	Выброс	m
Wreck	Крушение	n
Tower	Башня	f
Figure	Фигура	f
Shrapnel	Шрапнель	f
Mandate	Повеление	n
Error	Ошибка	f
Mirror	Зеркало	n
Step	Шаг	m
Dome	Купол	m
Perimeter	Периметр	m
Dragonsong	Песнь драконов	f
Express	Экспресс	m
Tentacles	Щупальца	p
Rings	Кольца	p
Battle	Битва	f
Simulation	Моделирование	n
Static	Статический заряд	m
Whistle	Свист	m
Damnation	Проклятие	n
Signal	Сигнал	m
Volts	Вольты	p
Hustle	Суета	f
Slicer	Резак	m
Slap	Пощёчина	f
Swords	Мечи	p
Motion	Движение	n
Anguish	Мучение	n
Eternity	Вечность	f
Beats	Удары	p
Absorption	Поглощение	n
Gunshield	Пушечный щит	m
Magicks	Чары	p
Refrain	Припев	m
Road	Дорога	f
Tides	Приливы	p
Age	Век	m
Darts	Дротики	p
Phlegm	Мокрота	f
Theorem	Теорема	f
Poison	Яд	m
Confluence	Слияние	n
Portent	Предзнаменование	n
Ire	Гнев	m
Test	Испытание	n
Butt	Удар головой	m
Debris	Обломки	p
Elements	Стихии	p
Sacrifice	Жертва	f
Inflation	Раздувание	n
Pod	Капсула	f
Gouge	Рваная рана	f
Trial	Испытание	n
Skewer	Пронзание	n
Temper	Закалка	f
Talon	Коготь	m
Passion	Страсть	f
Siddhi	Сиддхи	f
Crystal	Кристалл	m
Eidolon	Эйдолон	m
Specimen	Образец	m
Paw	Лапа	f
Slammer	Сокрушитель	m
Landslide	Оползень	m
Revolution	Революция	f
Cast	Сотворение	n
Standard	Штандарт	m
Hit	Удар	m
Carbuncle	Карбункул	m
Prominence	Протуберанец	m
Annihilation	Уничтожение	n
Glance	Взгляд	m
Tactics	Тактика	f
Prism	Призма	f
Dasher	Таран	m
Braver	Храбрец	m
Finish	Завершение	n
Swell	Волнение	n
Duty	Долг	m
Virtue	Добродетель	f
Rattle	Дребезг	m
Spines	Колючки	p
Favor	Благоволение	n
Planting	Посадка	f
Code	Код	m
Bit	Дрон	m
Defense	Оборона	f
Bolts	Молнии	p
Maker	Создатель	m
Overdrive	Форсаж	m
Halberd	Алебарда	f
Cauldron	Котёл	m
Revel	Разгул	m
Bouquet	Букет	m
Fuller	Дол	m
Screen	Экран	m
Blink	Мгновение	n
Ruler	Властелин	m
Volley	Залп	m
Body	Тело	n
Bubble	Пузырь	m
Aurora	Полярное сияние	n
Spectrum	Спектр	m
Cannonade	Канонада	f
Stroke	Взмах	m
Build	Создание	n
Joust	Рыцарский поединок	m
Coordinates	Координаты	p
Devotion	Преданность	f
Tails	Хвосты	p
Gardening	Садоводство	n
Fantasia	Фантазия	f
Bleed	Кровотечение	n
Mortar	Мортира	f
Whisker	Ус	m
Knife	Нож	m
Fingers	Пальцы	p
Succession	Преемственность	f
Smack	Шлепок	m
Reversal	Разворот	m
Hazard	Опасность	f
Aegis	Эгида	f
Diflare	Двойная вспышка	f
Trident	Трезубец	m
Crystals	Кристаллы	p
Maneuvers	Манёвры	p
Cunning	Хитрость	f
Game	Игра	f
Reaver	Разоритель	m
Sling	Праща	f
Crosswinds	Перекрёстные ветры	p
Crust	Кора	f
Weapon	Оружие	n
Hoof	Копыто	n
Affection	Привязанность	f
Noise	Шум	m
Edict	Эдикт	m
Ashes	Пепел	m
Dealing	Сделка	f
Geas	Гейс	m
Matter	Материя	f
Explosives	Взрывчатка	f
Mantle	Мантия	f
Promise	Обещание	n
Momentum	Инерция	f
Draught	Глоток	m
Fog	Туман	m
Pit	Яма	f
Double	Двойник	m
Structure	Структура	f
Icecleave	Ледяной разрез	m
Card	Карта	f
Lure	Приманка	f
Handle	Рукоять	f
Gambit	Гамбит	m
Style	Стиль	m
Tyrannhilation	Тиранское уничтожение	n
Lair	Логово	n
Lysis	Распад	m
Wyrmsbreath	Дыхание змия	n
Fin	Плавник	m
Battery	Батарея	f
Devil	Дьявол	m
Diffusion	Рассеивание	n
Atmosphere	Атмосфера	f
Jammer	Глушитель	m
Orbit	Орбита	f
Excess	Избыток	m
Conduction	Проводимость	f
Transfer	Перенос	m
Cascade	Каскад	m
Chemistry	Химия	f
Expansion	Расширение	n
Mode	Режим	m
Dimension	Измерение	n
Caliber	Калибр	m
Twintides	Двойные приливы	p
Aporrhoia	Апорройя	f
Equilibrium	Равновесие	n
Dispersal	Рассредоточение	n
Systems	Системы	p
Mobility	Подвижность	f
Concentration	Концентрация	f
Palisade	Частокол	m
Plumes	Перья	p
Frequency	Частота	f
Hope	Надежда	f
Emberlight	Свет углей	m
Pyrelight	Свет костра	m
Laughter	Смех	m
Facet	Грань	f
Orbs	Сферы	p
Exaltation	Ликование	n
Moonstone	Лунный камень	m
Domain	Владение	n
Fallout	Выпадение осадков	n
Tizona	Тисона	f
Foehn	Фён	m
Lake	Озеро	n
Honor	Честь	f
Pheromones	Феромоны	p
Flux	Изменение	n
Interceptors	Перехватчики	p
Fugue	Фуга	f
Staff	Посох	m
Swirl	Завихрение	n
Hymn	Гимн	m
Wire	Проволока	f
Grab	Захват	m
Lob	Бросок по дуге	m
Tenet	Догмат	m
Image	Образ	m
Manipulation	Манипуляция	f
Falcon	Сокол	m
Nothing	Ничто	n
Labyrinth	Лабиринт	m
Ablution	Омовение	n
Threat	Угроза	f
Siegeflight	Осадный полёт	m
Tank	Танк	m
Flay	Свежевание	n
Surprise	Сюрприз	m
Delight	Наслаждение	n
Roll	Перекат	m
Pollen	Пыльца	f
Snow	Снег	m
Missiles	Ракеты	p
Ascent	Восхождение	n
Bladedance	Танец клинков	m
Kenoma	Кенома	f
Aspect	Аспект	m
Lashings	Хлёсткие удары	p
Push	Толчок	m
Dart	Дротик	m
Estoc	Эсток	m
Creation	Созидание	n
Icicle	Сосулька	f
Mettle	Стойкость	f
Choir	Хор	m
Health	Здоровье	n
Woe	Горе	n
Fumes	Испарения	p
Turrets	Турели	p
Appraisal	Оценка	f
Scanner	Сканер	m
Dirt	Грязь	f
Jig	Джига	f
Jab	Джеб	m
Day	День	m
Shuriken	Сюрикен	m
Shielding	Защита	f
Analysis	Анализ	m
Rhythm	Ритм	m
Snath	Косовище	n
Focus	Сосредоточение	n
Snare	Силок	m
Hook	Крюк	m
Dagger	Кинжал	m
Bank	Берег	m
Cheek	Щека	f
Cinderwing	Пепельное крыло	n
Disassembler	Разборщик	m
Duobreath	Двойное дыхание	n
Fiction	Вымысел	m
Handgonne	Ручница	f
Strait	Пролив	m
Swordscross	Перекрестье мечей	n
Wingblade	Крыло-клинок	n
Claim	Притязание	n
Agonies	Муки	p
Kindling	Растопка	f
Data	Данные	p
Sorcery	Чародейство	n
Dynamo	Динамо	n
Party	Вечеринка	f
Chakram	Чакрам	m
Crossray	Перекрёстный луч	m
Influence	Влияние	n
Reincarnation	Перерождение	n
Mucus	Слизь	f
Probe	Зонд	m
Marks	Метки	p
Samba	Самба	f
Elegy	Элегия	f
Plenty	Изобилие	n
Javelin	Метательное копьё	n
Paradox	Парадокс	m
Sugar	Сахар	m
Meat	Мясо	n
Flesh	Плоть	f
Stars	Звёзды	p
Falls	Водопады	p
Mountains	Горы	p
Counsel	Совет	m
Twinflame	Двойное пламя	n
Spaser	Плазмонный излучатель	m
Remains	Останки	p
Chisel	Резец	m
Posture	Поза	f
Stillness	Неподвижность	f
Box	Ящик	m
Activity	Активность	f
Cells	Клетки	p
Bog	Болото	n
Token	Знак	m
Daggers	Кинжалы	p
Pair	Пара	f
Trumpet	Труба	f
Deception	Обман	m
Munition	Боеприпас	m
Abandon	Безрассудство	n
Rift	Разлом	m
Seas	Моря	p
Mass	Масса	f
Scolding	Выволочка	f
Implements	Орудия	p
Spindle	Веретено	n
Amplifier	Усилитель	m
Sough	Шелест	m
Grenade	Граната	f
Ends	Концы	p
Cataract	Водопад	m
Spill	Разлив	m
Cell	Клетка	f
Sands	Пески	p
Balloon	Воздушный шар	m
Weapons	Оружие	n
Steppe	Степь	f
Torque	Вращающий момент	m
Degrees	Градусы	p
Vibrations	Вибрации	p
Bulb	Луковица	f
Training	Тренировка	f
Moonlight	Лунный свет	m
Glitter	Блеск	m
Grunt	Хрюканье	n
Bursts	Взрывы	p
Coils	Кольца	p
Bay	Лай	m
Loyalty	Верность	f
Worlds	Миры	p
Bomber	Бомбардировщик	m
Boot	Башмак	m
Hug	Объятие	n
Scissors	Ножницы	p
Factor	Фактор	m
Fight	Драка	f
Honeymoon	Медовый месяц	m
Lung	Лёгкое	n
Smokers	Курильщики	p
Benison	Благословение	n
Angon	Ангон	m
Belligerent	Задира	m
Benifice	Благодеяние	n
Footfalls	Шаги	p
Barricade	Баррикада	f
Bedevilment	Мучение	n
Buffet	Удар	m
Brother	Брат	m
Mana	Мана	f
Wakening	Пробуждение	n
Bone	Кость	f
Caw	Карканье	n
Bondage	Порабощение	n
Bunanza	Кроличье изобилие	n
Puddle	Лужа	f
Exorcism	Изгнание духов	n
Bequest	Наследие	n
Boulders	Валуны	p
Buddies	Приятели	p
Desert	Пустыня	f
Council	Совет	m
Azure	Лазурь	f
Scarlet	Алый цвет	m
Ender	Завершитель	m
Duet	Дуэт	m
Blossoms	Цветы	p
Breccia	Брекчия	f
Glass	Стекло	n
Ridge	Гребень	m
Link	Звено	n
