# Exact English possessive phrase after "of "	Russian genitive
the Seventh Dawn	Седьмого рассвета
Fire	огня
Light	света
Darkness	тьмы
Flame	пламени
Death	смерти
Ice	льда
Thunder	грома
Chaos	хаоса
Bozja	Бозьи
the Tengu	тэнгу
the Lost	потерянных
the Dead	мёртвых
Water	воды
Fury	ярости
Pain	боли
Lightning	молнии
Asphodelos	Асфоделоса
the Luwatena	луватены
Vollok	Воллока
Rage	ярости
Earth	земли
Wind	ветра
Condemnation	осуждения
the Land	земли
the Void	пустоты
Despair	отчаяния
Tartarus	Тартара
Nature	природы
Agony	агонии
Attis	Аттиса
Faith	веры
Life	жизни
Dangers Near	ближней опасности
Expulsion Afar	дальнего изгнания
the Heavens	небес
the Underworld	подземного мира
Judgment	правосудия
Mercy	милосердия
the Damned	проклятых
the Storm	бури
Malice	злобы
the Griffin	грифона
Shadow	тени
Decay	разложения
Poison	яда
Flames	пламени
the Fallen	павших
Time	времени
Souls	душ
Heaven	небес
Ascalon	Аскалона
Night	ночи
Salvation	спасения
Destruction	разрушения
Heat	жара
Grace	милости
the Rroneek	рронека
the Br'aax	бракса
Purgation	очищения
Might	мощи
Remorse	раскаяния
Wisdom	мудрости
the Fireblossom	огненного цветка
the Levinblossom	громового цветка
the Rainblossom	дождевого цветка
the Windblossom	ветряного цветка
Twilight	сумерек
Repentance	покаяния
Suffering	страдания
Glory	славы
Sin	греха
the Abyss	бездны
Heart	сердца
Blood	крови
Locusts	саранчи
Arms	оружия
the Manukmanai	манукманая
Victory	победы
the Deep	глубин
Oblivion	забвения
Second Death	второй смерти
Levin	молнии
Venom	яда
Implements	орудий
the End	конца
the Chakram	чакрама
Anguish	мучения
Imagination	воображения
Hate	ненависти
Fortitude	стойкости
Valor	доблести
the Scholar	учёного
the Dragon	дракона
the Moon	луны
the Sun	солнца
'Fridgeration	заморозки
Ablution	омовения
Absolution	отпущения грехов
Ages	веков
Agonies	мук
Ala Mhigo	Ала-Миго
Albion	Альбиона
Anathema	анафемы
Apathy	безразличия
Applause	аплодисментов
Arcadia	Аркадии
Arrows	стрел
Atopy	атопии
Authority	власти
Avarice	алчности
Azem	Азема
Bahamut	Бахамута
Beauty	красоты
Binding	связывания
Blight	порчи
Brambles	колючек
Bravery	отваги
Brilliance	сияния
Calamity	катастрофы
Carnage and Liberation	резни и освобождения
Color	цвета
Commands	приказов
Conquest	завоевания
Convection	конвекции
Conviction	убеждённости
Damnation	проклятия
Dancing Explosives 	танцующих взрывов
Darkness II	тьмы 2
Dawn and Duty	рассвета и долга
Days	дней
Deincarnation	развоплощения
Delight	наслаждения
Devotion	преданности
Discord	раздора
Disgrace	бесчестья
Domination	владычества
Domination Trophy	трофея владычества
Emptiness	опустошённости
Entrapment	западни
Entropy	энтропии
Eons	вечности
Eternity	вечности
Evil	зла
Excessive Rage	неистовой ярости
Fableflight	сказочного полёта
Famine	голода
Fate	судьбы
Feathers	перьев
Fens	топей
Ferrum	железа
Fervor	пыла
Fever	лихорадки
Filth	скверны
Fireflight	огненного полёта
First Light	первого света
Flamevipers	огненных гадюк
Flare	вспышки
Floods	потопов
Fortune	удачи
Frenzy	неистовства
Frost	мороза
Full Bloom	полного цветения
Gloom	мрака
Gravity	гравитации
Greater Sanctity	великой святости
Greed	жадности
Gunnhildr	Гуннхильды
Halone	Халоне
Hand	руки
Hatred	ненависти
Heels	пят
Hell	преисподней
Hellflares	адских вспышек
History	истории
Hod	Ход
Holy	святости
Hope	надежды
Hurt	боли
Ice Prime	первозданного льда
Ice and Thunder	льда и грома
Ignorance	невежества
Immortality	бессмертия
Impregnability	неприступности
Imps	бесов
Impurity	нечистоты
Indulgence	снисхождения
Ire	гнева
Its Own	собственной воли
Junk	хлама
Justice	правосудия
Lead	свинца
Levitation	левитации
Lies	лжи
Lions	львов
Lives	жизней
Lives Past	прошлых жизней
Living	жизни
Loathing	отвращения
Loss	утраты
Love	любви
Magic	магии
Magic Alpha	магии альфа
Magic Beta	магии бета
Malison	проклятия
Man	человека
Miasma	миазмов
Mislaid Memory	утраченной памяти
Molten Metal	расплавленного металла
Moonlight	лунного света
Motion	движения
Mt. Gulg	горы Гулг
Naught	небытия
Nausea	тошноты
Night and Day	ночи и дня
Nine Tails	девяти хвостов
No Escape	безысходности
Nothing	ничто
Nym	Нима
Obloquy	позора
Obscurity	неизвестности
Old	древности
Our Discontent	нашего недовольства
Pandæmonium	Пандемония
Paradise	рая
Parting	расставания
Passion	страсти
Penance	искупления
Penitence	покаяния
Pitch	смолы
Pollution	загрязнения
Pompetition	помпонного состязания
Power	могущества
Prayer	молитвы
Pride	гордыни
Promyvion	Промивиона
Quakes	землетрясений
Rebirth	возрождения
Restoration	восстановления
Restraint	сдержанности
Retribution	возмездия
Riotous Bloom	буйного цветения
Ruin	разрушения
Sanctity	святости
Sand	песка
Scorn	презрения
Scurrying Sparks	бегущих искр
Severity	суровости
Shadows	теней
Shamash	Шамаша
Shock	потрясения
Silence	безмолвия
Skylight	небесного света
Slaughter	резни
Sloth	лени
Solidarity	единства
Sorrow	скорби
Soul	души
Spears	копий
Spirit	духа
Spirits	духов
Spite	злобы
Steel	стали
Stone	камня
Strength	силы
Sunshine	солнечного света
Surety	уверенности
Talons	когтей
Teeth	зубов
Temperance	умеренности
Terror	ужаса
Thievery	воровства
Thorns	шипов
Thunder III	грома 3
Thunder and Ice	грома и льда
Tides	приливов
Tornados	торнадо
Triumph	триумфа
Troia	Трои
Truth	истины
Turmoil	смятения
Undeath	нежизни
Unforgiveness	непрощения
Unity	единения
Vanity	тщеславия
Vengeance	мести
Vigor	бодрости
War	войны
Waste	пустоши
Waves	волн
Weight	веса
White	белизны
Will	воли
Wills	воль
Winter	зимы
Woe	горя
Wonders	чудес
Wrath	ярости
Zeus	Зевса
an Age	эпохи
the Ancients	древних
the Apex	вершины
the Apocalypse	апокалипсиса
the Battlefield	поля боя
the Beast	зверя
the Beholder	смотрящего
the Blade	клинка
the Corporeal	телесности
the Creator	Создателя
the Crystal	кристалла
the Cyclone	циклона
the Destroyer	Разрушителя
the Draugar	драугров
the Empire	империи
the Falling Order	падающего ордена
the Father	Отца
the Fiend	демона
the Fierce	свирепого
the Fire	огня
the Fleeting	мимолётности
the Flesh	плоти
the Forsaken	отверженных
the Fury	Неистовой
the Hammer	молота
the Harvest	урожая
the Heart	сердца
the Horde	орды
the Howling Wind	воющего ветра
the Hunter's Blade	клинка охотника
the Hurricane	урагана
the Incomplete	незавершённого
the Inferno	пекла
the Labyrinth	лабиринта
the Law	закона
the Malefic	пагубы
the Mind	разума
the Monument	монумента
the Moogles	муглов
the Mountain	горы
the Mountaineer	горца
the Onion	лука
the Pioneer	первопроходца
the Problem	проблемы
the Punutiy	пунутия
the Pyre	костра
the Quill	пера
the Rat	крысы
the Regalia	регалий
the Rivers	рек
the Ronka	Ронки
the Rood	креста
the Rooster	петуха
the Round	круглого стола
the Sacrament	таинства
the Scorpion	скорпиона
the Sea	моря
the Sentinels	стражей
the Shadow	тени
the Sky	неба
the Sky Elders	небесных старейшин
the Sleepless	бессонных
the Slithered	ползающих
the Smoke	дыма
the Sphinx	сфинкса
the Steppe	степи
the Stunted	низкорослых
the Thunder Eye	громового ока
the Thunder Vortex	громового вихря
the Thunderstorm	грозы
the Tides	приливов
the Tongue	языка
the Torch	факела
the Twin Moons	двух лун
the Tyrant	тирана
the Unbound 2	освобождённого 2
the Underfoot	подземных
the Valkyries	валькирий
the Vines	лоз
the Ward	стражи
the Wild Ones	диких
the Wildered	заблудших
the Will	воли
the Wind	ветра
the Wolf	волка
the Wood	леса
the World	мира
