Rainbow	из радужной ткани
Oasis	оазиса
Mandervillous	великолепного Мандервилля
True Griffin	из кожи истинного грифона
Ul'dahn	Уль'ды
Gridanian	Гридании
Kage-kakushi	скрытой тени
Orator's	оратора
Seventh Hell	седьмого ада
Abyss	бездны
Ageless	вечности
Imperial Magitek	имперского магитека
Kinna	Кинны
Lominsan	Лимсы Ломинсы
Orthos	Ортоса
Ruby Cotton	из рубинового хлопка
Thavnairian	Тавнаира
Voidcast	отливки Пустоты
Voidvessel	сосуда Пустоты
Fae	фей
Runaway	неуправляемого поезда
Snow Cotton	из снежного хлопка
The Last	последнего образца
The Twelve's	Двенадцати
Triphane	из трифана
Tropaios	трофея
Vintage	старинного образца
Bluefeather	синего пера
Crested	с гребнем
Doctore's	наставника
Flamecloaked	пламенного покрова
Palazzo Diamond	алмаза Палаццо
Tremor	сотрясения
Windswept	дуновения ветра
Adamant	из адаманта
Caller's	призывателя
Diamond Zeta	алмаза, версия Дзета
Eikon Leather	из кожи эйкона
Evenstar	вечерней звезды
Goetia	гоэтии
Handking's	короля ремесла
Horde	орды
Manor	поместья
Monstrorum	чудовищ
Myochin	Мётин
Orison	молитвы
Ovim Wool	из шерсти овима
Sacramental	таинства
Shinryu's	Синрю
Shinryu's Ephemeral	Синрю, эфемерная версия
The Fae's Crown	короны фей
The King's	короля
True Ice	истинного льда
Bodyguard's	телохранителя
Chaos	хаоса
Coven	ковена
Creed	веры
Eikon Cloth	из ткани эйкона
Expanse	простора
Gliderskin	из кожи летяги
Indigo Ramie	из рами цвета индиго
Onion	лукового рыцаря
Pink Beryl	из розового берилла
Queensknight	рыцаря королевы
Scintillant	мерцания
Smaragdine	смарагда
Tarred Leather	из просмолённой кожи
Thunderyards Silk	из шёлка Громовых полей
Ifrit's	Ифрита
Island	острова
Isleworks	островной мастерской
Midan Metal	из металла Мидаса
Phrygian	из фригийского золота
Seeing Horde	всевидящей орды
Tidal Wave	приливной волны
Wave	волны
Welkin	небосвода
Aoidos'	аэда
Baldur	Бальдра
Blue Zircon	из голубого циркона
Brand-new	нового образца
Cauldronkeep's	хранителя котла
Chrysolite	из хризолита
Ginseng	женьшеня
Grade 3 Artisanal Skybuilders'	искусных небесных строителей, сорт 3
Hidekeep's	хранителя шкур
Hive	улья
Martial	воинского образца
Millkeep's	хранителя пилорамы
Rubellux	рубинового сияния
Seiryu's Sanctified	Сэйрю, освящённая версия
Shiva's Diamond	алмаза Шивы
Torreya	из торреи
Vigil	бдения
White Ash	из белого ясеня
Alexandrian Metal	из металла Александра
Althyk's	Альтика
Boltking's	короля тканей
Camphorwood	из камфорного дерева
Cauldronking's	короля котлов
Chondrite Magitek	хондритового магитека
Eikon Iron	из железа эйкона
Endless Expanse	бескрайнего простора
Fieldking's	короля полей
Forgeking's	короля кузниц
Gemking's	короля самоцветов
Halone's	Халоне
Hideking's	короля шкур
Landsaint's	святого собирателя
Millking's	короля пилорам
Slipstream	воздушного потока
Crimson	багрового цвета
Crocodileskin	из крокодиловой кожи
Dead Hive	мёртвого улья
Fieldkeep's	хранителя полей
Forgekeep's	хранителя кузницы
Gemkeep's	хранителя самоцветов
Hemiskin	из кожи хемикиона
Highland	горного края
Minekeep's	хранителя рудника
Moogle	мугла
Red	красного цвета
Royal	королевского образца
Seiryu's	Сэйрю
Susano's	Сусано
Susano's Rapturous	Сусано, восторженная версия
Tackleking's	короля рыболовных снастей
Thaliak's	Талиака
Ultima	Ультимы
Vanya	из ткани ванья
Almasty Serge	из саржи алмасты
Aurum	золота
Ballad	баллады
Berserker's	берсерка
Chocobo	чокобо
Connoisseur's	знатока
Cotton Shepherd's	пастуха, из хлопка
Darkhempen	из тёмной пеньки
Didact's	учителя
Landking's	короля собирателей
Larch	из лиственницы
Longstop	долгого привала
Mineking's	короля рудников
Oddly Specific	особого назначения
Savant's	учёного
Scylla's	Сциллы
Shire Emissary's	посланника Идильшира
Shire Pathfinder's	следопыта Идильшира
Tantra	тантры
Temple	храма
The Emperor's New	нового наряда императора
Viking	викинга
Apprentice's	ученика
Arachne	из ткани арахны
Arbatel	Арбателя
Astral Silk	из астрального шёлка
Bale	пагубы
Beckoner's	заклинателя
Boii	бойев
Brilliant	блистательного образца
Byakko's	Бякко
Byakko's Enspirited	Бякко, одухотворённая версия
Chora-Zoi's Crystalline	Чора-Зои, кристальная версия
Choral	хора
Classical Dimachaerius's	димахера, классический образец
Classical Eques's	эквита, классический образец
Classical Hoplomachus's	гопломаха, классический образец
Classical Secutor's	секутора, классический образец
Classical Signifer's	сигнифера, классический образец
Drachen	дракона
Ebers	Эберса
Estoqueur's	фехтовальщика
Explorer's	исследователя
Fighter's	бойца
Fili	филида
Gargantuaskin	из кожи гаргантюа
Gunslinger's	стрелка
Hallowed Ramie	из освящённого рами
Hammerkeep's	хранителя молота
Hattori	Хаттори
Healer's	целителя
Iga	Ига
Ishgardian Outrider's	ишгардского разъездного
Judge's	судьи
Mercenary's	наёмника
Mirage	миража
Padded Leather	из кожи с подкладкой
Painter's	художника
Plague Bringer's	разносчика чумы
Plague Doctor's	чумного доктора
Pteroslaver	повелителя крылатых
Qarn	Карна
Ravager's	разорителя
Senor Sabotender's	сеньора саботендера
Sentinel's	стража
Serpent Officer's	офицера Ордена Двух Змей
Sharlayan Conservator's	хранителя Шарлаяна
Sharlayan Custodian's	стража Шарлаяна
Sharlayan Pankratiast's	панкратиаста Шарлаяна
Sharlayan Philosopher's	философа Шарлаяна
Sharlayan Preceptor's	наставника Шарлаяна
Snakebite	змеиного укуса
Soothsayer's	прорицателя
Starlight	звёздного света
Stonegold	из каменного золота
Suzaku's	Судзаку
Suzaku's Flame-kissed	Судзаку, поцелуй пламени
Tacklekeep's	хранителя рыболовных снастей
Tonberry	тонберри
Tsukuyomi's	Цукуёми
Tsukuyomi's Moonlit	Цукуёми, лунная версия
Valerian Dark Priest's	тёмного жреца Валерии
Valerian Priest's	жреца Валерии
Vrandtic Visionary's	провидца Норврандта
White	белого цвета
Woad Skyraider's	небесного налётчика с вайдой
Alpha Wolf	волка-вожака
Armored	бронированного образца
Astrum	созвездия
Behemoth	бегемота
Bowman's	лучника
Carbonweave	из углеродной ткани
Chef's	повара
Experimental	экспериментального образца
Flame Officer's	офицера Бессмертного Пламени
Galleyking's	короля камбуза
Hammerking's	короля молотов
Handmaster's	мастера ремесла
Hematite	из гематита
Hoplite	гоплита
Hunting	для охоты
Islewolf	островного волка
Lauan	из лауана
Mossy Stone	из замшелого камня
Neo-Ishgardian Leather	из кожи нового Ишгарда
Ninja	ниндзя
Novice's	новичка
Panegyrist's	панегириста
Peltast	пельтаста
Prophet's	пророка
Recruit's	новобранца
Standard	обычного образца
Strategos	стратега
The Guardian's	хранителя
Toxotes	токсота
Trapper's	зверолова
War Cloud's	облака войны
Woad Skydruid's	небесного друида с вайдой
Woad Skyhunter's	небесного охотника с вайдой
Woad Skywarrior's	небесного воина с вайдой
Woad Skywicce's	небесной ведьмы с вайдой
Wrangler's	пастуха
YoRHa Type-55	ЙоРХа, тип 55
Ahriman	аримана
Antique	старинного образца
Bhikku	бхикшу
Boltkeep's	хранителя тканей
Ceiba	из сейбы
Chevalier's	шевалье
Classical Sagittarius's	сагиттария, классический образец
Crier's	глашатая
Demagogue	демагога
Evoker's	вызывателя
Gaganaskin	из кожи гаганы
Gallant	доблести
Galleykeep's	хранителя камбуза
Gazelleskin	из кожи газели
Giantsgall	желчи великана
Heavy Steel	из тяжёлой стали
Ice	льда
Kasuga	Касуги
Lightning	молнии
Lionliege	львиного владыки
Lionsmane	львиной гривы
Rroneek Serge	из саржи рронека
Sophic	Софии
Spriggan	сприггана
Storm Officer's	офицера Водоворота
Tortoiseshell	из черепахового панциря
Valentione	Валентионе
Varlet's	негодяя
Wicce	ведьмы
Willow	из ивы
Wizard's	волшебника
Zurvanite	Зурвана
Astral	астрального образца
Bearliege	медвежьего владыки
Bearsmaw	медвежьей пасти
Beast Herder's	погонщика зверей
Birdliege	птичьего владыки
Birdsong	птичьей песни
Buccaneer's	буканьера
Canvas Shepherd's	пастуха, из парусины
Carbuncle	карбункула
Elkhorn	лосьего рога
Elkliege	лосьего владыки
Elklord	повелителя лосей
Elktail	лосьего хвоста
Everkeep	Вечной крепости
Felicitous	радости
Frontier	пограничья
Fuma	Фумы
Grade 2 Artisanal Skybuilders'	искусных небесных строителей, сорт 2
Habitat	среды обитания
Hannish	Радз-ат-Хана
Hawkliege	ястребиного владыки
Hawkwing	ястребиного крыла
Heavy Allagan	Аллага, тяжёлый образец
Hempen Shepherd's	пастуха, из пеньки
High Mythril	из высококачественного мифрила
Holy Cedar	из священного кедра
Hraesvelgr	Хрёсвельгра
Hrothgar	хротгара
Landmaster's	мастера собирательства
Lynxfang	рысьего клыка
Lynxliege	рысьего владыки
Mayakov	Маякова
Morbol	морбола
Natural Afflatus	природного вдохновения
Nue	нуэ
Owlliege	совиного владыки
Owlsight	совиного взора
Parrotbeak	попугайского клюва
Parrotliege	владыки попугаев
Peacock	павлина
Pilgrim's	паломника
Pumpkin	тыквы
Snakeliege	змеиного владыки
Snakestongue	змеиного языка
Splendid	великолепного образца
Swanliege	лебединого владыки
Swansgrace	лебединой грации
Sylphic	сильфов
The Warden's	смотрителя
Tracker's	следопыта
Vortex	вихря
Water	воды
Wind	ветра
Wyvernskin	из кожи виверны
Air Cell	воздушной камеры
Altered Woolen	из переделанной шерсти
Angelic	ангела
Appointed	назначенного служащего
Archfiend	архидемона
Argute	мудреца
Artful Afflatus	искусного вдохновения
Barghest	баргеста
Battlemage's	боевого мага
Blessed	благословения
Blue	синего цвета
Boltrise	расцвета ткачества
Bonewicca Protector's	защитника костяной ведьмы
Bonewicca Shadow's	тени костяной ведьмы
Bonewicca Skinner's	свежевателя костяной ведьмы
Bonewicca Soother's	утешителя костяной ведьмы
Bonewicca Tracker's	следопыта костяной ведьмы
Bonewicca Whisperer's	шептуна костяной ведьмы
Bonewicca Wildling's	дикаря костяной ведьмы
Cauldronfiend's	фанатика алхимии
Cauldronfiend's Costume	костюма фанатика алхимии
Chivalric	рыцарского образца
Classical Medicus's	медика, классический образец
Cleric's	священника
Conqueror's	завоевателя
Crystal	кристалла
Custom-made	на заказ
Demonic	демона
Dragon	дракона
Dzemael	Дземайля
Earth	земли
Edenmete Leather	воздаяния Эдема, из кожи
Edenmorn Leather	зари Эдема, из кожи
Elezen	элезена
Expeditioner's	участника экспедиции
Factory	фабрики
False Monarchy	ложной монархии
Far Eastern Journey	дальневосточного путешествия
Fieldfiend's	фанатика ботаники
Fieldfiend's Costume	костюма фанатика ботаники
Fieldrise	расцвета ботаники
Fieldsoph's	мудреца ботаники
Fierce Tyrant's	свирепого тирана
Fire	огня
Forgefiend's	фанатика кузнечного дела
Forgefiend's Costume	костюма фанатика кузнечного дела
Forgesoph's	мудреца кузнечного дела
Gemfiend's	фанатика ювелирного дела
Gemfiend's Costume	костюма фанатика ювелирного дела
Glass	из стекла
Goobbue	губбу
Hammerfiend's Costume	костюма фанатика бронного дела
Heavy Iron	из тяжёлого железа
Heavy Wolfram	из тяжёлого вольфрама
Hidefiend's	фанатика кожевенного дела
Hidefiend's Costume	костюма фанатика кожевенного дела
Hidesoph's	мудреца кожевенного дела
Hyuran	хюра
Infantry	пехоты
Kokuko	чёрного тигра
Mage's	мага
Magus's	чародея
Melee	ближнего боя
Millfiend's	фанатика плотницкого дела
Millfiend's Costume	костюма фанатика плотницкого дела
Millrise	расцвета плотницкого дела
Millsoph's	мудреца плотницкого дела
Moddey Dhoo	Модди Ду
Moonfire	Лунного пламени
Noble's	дворянина
Onishi	Ониси
Oschon's	Ошона
Peacelover's	миролюбца
Phantasmal	фантома
Rule-breaker's	нарушителя правил
Salon Server's	служителя салона
Scion Traveler's	путешественника из Наследников
Shadowcleaver's	рассекателя теней
Sharlayan Emissary's	посланника Шарлаяна
Sharlayan Pathmaker's	первопроходца Шарлаяна
Sky Rat's	небесной крысы
Southern Seas	южных морей
Steppe	степи
Subjugator's	покорителя
Tacklefiend's Costume	костюма фанатика рыболовства
Tacklesoph's	мудреца рыболовства
Templar's	храмовника
Tiamat	Тиамат
Valerian Rune Fencer's	рунического фехтовальщика Валерии
Valerian Vedette's	часового Валерии
Viera	виеры
Warlock's	чернокнижника
Wild Rose	дикой розы
Wolfram	из вольфрама
Yamashi	Ямаси
Academic's	академика
Agoge	агоге
Allegiance	верности
Alpine	высокогорного образца
Amatsu	Амацу
Amon's	Амона
Ancient	древнего образца
Anemos Abyss	бездны Анемоса
Anemos Brutal	жестокости Анемоса
Anemos Channeler's	проводника магии Анемоса
Anemos Chivalrous	рыцарства Анемоса
Anemos Constellation	созвездия Анемоса
Anemos Duelist's	дуэлянта Анемоса
Anemos Gunner's	стрелка Анемоса
Anemos Kage-kakushi	скрытой тени Анемоса
Anemos Orator's	оратора Анемоса
Anemos Pacifist's	пацифиста Анемоса
Anemos Seventh Heaven	седьмого неба Анемоса
Anemos Seventh Hell	седьмого ада Анемоса
Anemos Storyteller's	сказителя Анемоса
Anemos Trueblood	чистокровного Анемоса
Ao Oni	синего они
Asklepian	Асклепия
Assassin's	убийцы
Astronomia	астрономии
Atrophy	атрофии
Auri	ауры
Avalanche Brawler's	драчуна из «Лавины»
Baronial	барона
Bastion's	бастиона
Bergsteiger's	альпиниста
Bihu	Биху
Black Shuck	Чёрного Шака
Blackbosom	Чёрного Сердца
Boltsoph's	мудреца ткачества
Bomb	бомбы
Brioso	живости
Butler's	дворецкого
Calfskin Rider's	наездника, из телячьей кожи
Carwen	Карвена
Cauldronmaster's	мастера алхимии
Cauldronrise	расцвета алхимии
Cauldronsoph's	мудреца алхимии
Clown's	клоуна
Common Makai Priestess's	жрицы Макай, обычный образец
Convoker's	созывателя
Cosmic Explorer's	космического исследователя
Crab	краба
Dawnblazer	прокладывающего путь рассвету
Dodore	додоре
Eaglebeak	орлиного клюва
Eaglewing	орлиного крыла
Endless Summer	бесконечного лета
Enrichment	обогащения
Ephemerist's	эфемериста
Ex-arch's	бывшего экзарха
Exclusive Far Eastern Journey	дальневосточного путешествия, особый образец
Faerie Tale Prince's	сказочного принца
Fallen's	падшего
Far Eastern Enforcer's	дальневосточного силовика
Far Eastern Lady Errant's	дальневосточной странствующей госпожи
Far Eastern Lord Errant's	дальневосточного странствующего господина
Far Eastern Socialite's	дальневосточного светского льва
Fat Cat	толстого кота
Field Commander's	полевого командира
Forerider's	передового всадника
Forgerise	расцвета кузнечного дела
Gaffgarion's	Гаффгариона
Gaja	гаджи
Galleyrise	расцвета кулинарии
Galleysoph's	мудреца кулинарии
Gemsoph's	мудреца ювелирного дела
Glyphic	глифов
Grey Hound	серой гончей
Gridanian Officer's	гриданского офицера
Griffin Talon	когтя грифона
Hachiya	Хатии
Hakuko	белого тигра
Hammerfiend's	фанатика бронного дела
Hammersoph's	мудреца бронного дела
Harlequin's	арлекина
Heavensbound	устремления в небеса
Hesychast's	исихаста
Hetairos	гетайра
Hidemaster's	мастера кожевенного дела
Hiderise	расцвета кожевенного дела
Ignominy	бесчестия
Ishgardian Banneret's	ишгардского знаменосца
Ivalician Arithmetician's	арифметика Ивалиса
Ivalician Ark Knight's	рыцаря ковчега Ивалиса
Ivalician Brave's	храбреца Ивалиса
Ivalician Enchanter's	чародея Ивалиса
Ivalician Fusilier's	фузилёра Ивалиса
Ivalician Lancer's	копейщика Ивалиса
Ivalician Mercenary's	наёмника Ивалиса
Ivalician Mystic's	мистика Ивалиса
Ivalician Oracle's	оракула Ивалиса
Ivalician Shikari's	сикари Ивалиса
Ivalician Uhlan's	улана Ивалиса
Judgment	суда
Karasu	ворона
Lawless Enforcer's	беззаконного силовика
Lominsan Officer's	офицера Лимсы Ломинсы
Lone Wolf	одинокого волка
Lord's	господина
Loyal Butler's	верного дворецкого
Magician's	мага
Metian	Метии
Millmaster's	мастера плотницкого дела
Minefiend's	фанатика горного дела
Minefiend's Costume	костюма фанатика горного дела
Minerise	расцвета горного дела
Minesoph's	мудреца горного дела
Miqo'te	микоте
Model A-1 Tactical	тактического образца, модель А-1
Model A-2 Tactical	тактического образца, модель А-2
Model B-1 Tactical	тактического образца, модель Б-1
Model B-2 Tactical	тактического образца, модель Б-2
Model C-1 Tactical	тактического образца, модель С-1
Model C-2 Tactical	тактического образца, модель С-2
Muudhorn	мудхорна
New World	Нового Света
Night of Devilry	ночи чертовщины
No.2 Type B	номер 2, тип Б
Orastery	Оратории
Pack Wolf	стайного волка
Paissa	пайссы
Paramour	возлюбленного
Pedagogy	педагогики
Phlegethon's	Флегетона
Protector's	защитника
Pummeler's	сокрушителя
Realm-roamer's	странника по мирам
Republican Eques's	эквита республики
Republican Hoplomachus's	гопломаха республики
Republican Secutor's	секутора республики
Roegadyn	роэгадина
Roseblood	розовой крови
Royal Seneschal's	королевского сенешаля
Scherwiz	Шервиц
Scientist's	учёного
Scion Rogue's	разбойника из Наследников
Scion Thaumaturge's	оккультиста из Наследников
Seigneur's	сеньора
Shadowhound	теневой гончей
Shadowstalker's	теневого преследователя
Sky Rat Ironclad	небесной крысы, железная броня
Songbird	певчей птицы
Sorcerer's	чародея
Spring	весны
Star Admiral's	звёздного адмирала
Star Captain	звёздного капитана
Star Pilot	звёздного пилота
Story-lover's	любителя историй
Story-spinner's	рассказчика
Survival	для выживания
Tacklefiend's	фанатика рыболовства
Tacklerise	расцвета рыболовства
Taoist's	даоса
Tengu	тэнгу
Theophany	богоявления
Thick	утолщённого образца
True Blue	истинной синевы
Ul'dahn Officer's	ульданского офицера
Unorthodox Saint's	необычного святого
Valentione Acacia	Валентионе, акация
Valentione Forget-me-not	Валентионе, незабудка
Valentione Rose	Валентионе, роза
Verdant	зелени
Vermilion	киновари
War	войны
Ward Knight's	рыцаря стражи
Wayfarer's	путника
Woad Skychaser's	небесного преследователя с вайдой
Woad Skylancer's	небесного копейщика с вайдой
Wyrm's	дракона
Xenobian	Зенобии
Yeti Fang	клыка йети
Piety	благочестия
Battledance	боевого танца
Craftsman's Command	контроля ремесленника
Craftsman's Competence	мастерства ремесленника
Craftsman's Cunning	хитрости ремесленника
Gatherer's Grasp	хватки собирателя
Gatherer's Guerdon	награды собирателя
Gatherer's Guile	смекалки собирателя
Heavens' Eye	небесного ока
Quickarm	быстрых рук
Quicktongue	быстрой речи
Savage Aim	яростного прицеливания
Savage Might	яростной мощи
Dragonlancer's	драконьего копейщика
Cracked	с трещиной
Ebony	из эбенового дерева
Aka Oni	красного они
Caballarius	всадника
Dexterity	ловкости
Emerald Carbuncle	изумрудного карбункула
En Fortune-teller's	энского предсказателя
Goblin	гоблина
Hammerrise	расцвета бронного дела
Intelligence	интеллекта
Legacy Warrior	воина наследия
Mind	духа
Republican Sagittarius's	сагиттария республики
Reverence	почтения
Strength	силы
Topaz Carbuncle	топазового карбункула
Valor	доблести
Vitality	живучести
Abes	Абес
Acolyte's	послушника
Adept's	адепта
Agate	из агата
Aged	состаренного образца
Allagan Aetherstone -	аллагского эфирного камня
Alternative	альтернативного образца
Anchorite's	отшельника
Applewood	из яблоневого дерева
Arbor	деревьев
Archmage's	архимага
Astral Birch	из астральной берёзы
Austere	строгого образца
Avalanche Leader's	лидера «Лавины»
Basilisk	василиска
Batliege	владыки летучих мышей
Batsight	взора летучей мыши
Battlefield Rose's	розы поля боя
Black	чёрного цвета
Bohemian's	богемы
Bouncer's	вышибалы
Bowyer's	изготовителя луков
Brigand's	разбойника
Buffalo	буйвола
Casual	повседневного образца
Cavalier's	кавалера
Chicken	курицы
Citrine	из цитрина
Cloud	облака
Coeurl	курла
Common Makai Marksman's	стрелка Макай, обычный образец
Common Makai Moon Guide's	лунного проводника Макай, обычный образец
Common Makai Priest's	жреца Макай, обычный образец
Common Makai Sun Guide's	солнечного проводника Макай, обычный образец
Common Makai Vanguard's	авангарда Макай, обычный образец
Company	компании
Cosmic Operator's	космического оператора
Cosmosuit	космического костюма
Critical Hit B-1 Tour	тура «Критический удар», Б-1
Critical Hit B-2 Tour	тура «Критический удар», Б-2
Crystarium Prodigy's	вундеркинда Кристариума
Divining	для гадания
Dodo	додо
Dream	сна
Eerie	жуткого образца
Egg	яйца
Etoile	звезды
Far Eastern Beauty's	дальневосточной красавицы
Far Eastern Gentleman's	дальневосточного джентльмена
Far Eastern Maiden's	дальневосточной девы
Far Eastern Noble's	дальневосточного дворянина
Far Eastern Officer's	дальневосточного офицера
Far Eastern Performer's	дальневосточного артиста
Firecrest	огненного герба
Fishing	для рыбалки
Fistfighter's	кулачного бойца
Foestriker's	разящего врагов
Forgemaster's	мастера кузнечного дела
Fuath	фуата
Galleyfiend's	фанатика кулинарии
Galleyfiend's Costume	костюма фанатика кулинарии
Gambler's	игрока
Gemmaster's	мастера ювелирного дела
Gemrise	расцвета ювелирного дела
Glass Pumpkin	стеклянной тыквы
Gleaner's	сборщика
Guardian Corps	Корпуса стражей
Gunro	Гунро
Gyr Abanian	Гир-Абании
Heavensturn	Небесного поворота
High Allagan Aetherstone -	эфирного камня высшего Аллага
Hussar's	гусара
Iceheart	Ледяного Сердца
Imperial Operative	имперского агента
Isle Explorer's	исследователя острова
Isle Shepherd's	островного пастуха
Ivalician Martialist's	мастера боевых искусств Ивалиса
Ivalician Samurai's	самурая Ивалиса
Ivalician Sky Pirate's	небесного пирата Ивалиса
King of Leonis	короля Леониса
Koro	Коро
Kupo	купо
Leonhart	Леонхарта
Lix	Ликса
Loose Fit	свободного покроя
Makai Vanguard's	авангарда Макай
Metal	из металла
Mheg Deaca	Мег Деака
Momochi	Момоти
Muzhik	мужика
Nabaath Leather	Набаата, из кожи
Namazu	намадзу
Nameless	безымянного
Neo Aetherstone -	нового эфирного камня
Nezha Lord's	господина Нэчжа
Noir	нуара
Occult	оккультизма
Outsider's	чужака
Padded Sheepskin	из овчины с подкладкой
Pioneer's	первопроходца
Pixie	пикси
Ranger's	егеря
Reinforced Iron	из укреплённого железа
Republican Dimachaerius's	димахера республики
Republican Signifer's	сигнифера республики
Resshi	Рэсси
Ruby Carbuncle	рубинового карбункула
Sanctuary	убежища
Scion Adventurer's	искателя приключений из Наследников
Scion Chronocler's	летописца из Наследников
Scion Liberator's	освободителя из Наследников
Seneschal Prince's	принца-сенешаля
Senor Sabotender	сеньора саботендера
Shikaree's	охотника
Sipahi	сипахи
Skyworker's	небесного рабочего
Softstepper's	мягкого шага
Spaekona's	прорицательницы
Star Crew	звёздного экипажа
Successor's	преемника
Summer's Flame	летнего пламени
Summertide Formal	летнего парадного образца
Tantalus	Тантала
Tradewinds	пассатов
Trailblazer's	первопроходца
Tule	Туля
Uraeus	урея
Valentione Emissary's	посланника Валентионе
Ward Mage's	мага стражи
Warden's	смотрителя
Witch's	ведьмы
Wrapped Steel	из обёрнутой стали
Wyvern	виверны
Xenobian Paladin's	паладина Зенобии
Zero's Luminary	светоча Зеро
Zero's Order	ордена Зеро
Alpaca	альпаки
Altered Cobalt	из переделанного кобальта
Anemos Myochin	Мётин Анемоса
Archon Egg	яйца архонта
Ascetic's	аскета
Belah'dian	Беладии
Best Man's	шафера
Black Summer	летнего образца, чёрный цвет
Blue Summer	летнего образца, синий цвет
Boltfiend's	фанатика ткачества
Boltfiend's Costume	костюма фанатика ткачества
Bookwyrm's	книжного дракона
Bridesmaid's	подружки невесты
Bronze Lone Wolf	одинокого волка, бронзовый ранг
Bronze Pack Wolf	стайного волка, бронзовый ранг
Bunny	кролика
Bunny Chief	главного кролика
Cactuar	кактуара
Cherry	вишни
Chestnut	из каштана
Choir	хора
Cobalt-plated	с кобальтовым покрытием
Common Makai Harbinger's	предвестника Макай, обычный образец
Common Makai Harrower's	истязателя Макай, обычный образец
Common Makai Manhandler's	борца Макай, обычный образец
Common Makai Markswoman's	стрелка Макай, женский обычный образец
Common Makai Mauler's	громилы Макай, обычный образец
Common Makai Vanbreaker's	прорывателя Макай, обычный образец
Conquistador	конкистадора
Corvosi	Корвоса
Cosmoliner	космолайнера
Cosmotized	космического усиления
Critical Hit A-1 Tour	тура «Критический удар», А-1
Critical Hit A-2 Tour	тура «Критический удар», А-2
Crooked Cedar	из кривого кедра
Crystarium Rebel's	мятежника Кристариума
Deltascape	Дельтапространства
Dhalmel	далмела
Diamond Lone Wolf	одинокого волка, алмазный ранг
Diamond Pack Wolf	стайного волка, алмазный ранг
Dirndl's	дирндля
Doman Liege's	домского владыки
Educand's	учащегося
Eikon	эйкона
Elemental Harp	арфы стихий
Eversharp	вечной остроты
Extravagant Salvaged	роскошного спасённого образца
Faerie	феи
Fang	клыка
Far Eastern Lady's	дальневосточной госпожи
Far Eastern Lord's	дальневосточного господина
Far Eastern Patriarch's	дальневосточного патриарха
Far Northern	Крайнего Севера
Fiend	изверга
Fingerless Leather	из кожи, без пальцев
Fish	рыбы
Free Spirit's	свободного духа
Giant	гиганта
Gigas	гиганта
Gold Lone Wolf	одинокого волка, золотой ранг
Gold Pack Wolf	стайного волка, золотой ранг
Grade 2 Skybuilders' Maple	небесных строителей, из клёна, сорт 2
Grade 3 Skybuilders' Diadem Iron	небесных строителей, из железа Диадемы, сорт 3
Grade 4 Artisanal Skybuilders'	искусных небесных строителей, сорт 4
Grade 4 Skybuilders' Gold	небесных строителей, из золота, сорт 4
Grade 4 Skybuilders' Iron	небесных строителей, из железа, сорт 4
Green	зелёного цвета
Green Summer	летнего образца, зелёный цвет
Gridanian Soldier's	гриданского солдата
Griffin	грифона
Hades	Аида
Hammermaster's	мастера бронного дела
Harvester's	жнеца
Heavy Darklight	тёмного света, тяжёлый образец
High House	высшего дома
High Summoner's	верховного призывателя
Integral Magitek	интегрального магитека
Iolite	из иолита
Isle Vacationer's	островного отдыхающего
Koga	Кога
Lalafellin	лалафелла
Leal Samurai's	верного самурая
Leather Smithy's	кузнеца, из кожи
Leveilleur Estate	поместья Левейёров
Lominsan Soldier's	солдата Лимсы Ломинсы
Lucian Prince's	принца Люциса
Lunar Summer	лунного лета
Maelstrom	Водоворота
Magicked	волшебного образца
Magitek	магитека
Makai Harbinger's	предвестника Макай
Makai Mauler's	громилы Макай
Makai Vanbreaker's	прорывателя Макай
Mandragora	мандрагоры
Matte Replica Majestic Manderville	Мандервилля, матовая копия величественной версии
Moros	Мороса
Mythril-plated	с мифриловым покрытием
Nezha Lady's	госпожи Нэчжа
Odder Otter	странной выдры
Oddly Specific Iron	из железа, особого назначения
Oizys	Оизис
Oracle	оракула
Oriental	восточного образца
Patrician's	патриция
Pelupelu	пелупелу
Phantasmal Sardine	призрачной сардины
Platinum Lone Wolf	одинокого волка, платиновый ранг
Platinum Pack Wolf	стайного волка, платиновый ранг
Prishe's	Прише
Queen of Hourne	королевы Хорна
Rainmaker's	заклинателя дождя
Ramza's	Рамзы
Rattan	из ротанга
Recreationisle	островного отдыха
Red Summer	летнего образца, красный цвет
Reindeer	северного оленя
Reliqued	реликвии
Republican Medicus's	медика республики
Researcher's	исследователя
River	реки
Sakonji	Сакондзи
Salvaged	спасённого образца
Samurai	самурая
Saotome	Саотомэ
Scarlet	алого цвета
Scholasticate	схоластиката
Scion Conjurer's	элементалиста из Наследников
Scion Hearer's	слушателя из Наследников
Scion Thief's	вора из Наследников
Sephirot	Сефирота
Shadow Fuma	тени Фумы
Shinryu	Синрю
Silver Lone Wolf	одинокого волка, серебряный ранг
Silver Pack Wolf	стайного волка, серебряный ранг
Snowman	снеговика
Solar Summer	солнечного лета
Spiked	с шипами
Star	звезды
Starship	звездолёта
Stone	из камня
Street	уличного образца
Striped Summer	летнего образца, в полоску
Summer Sunset	летнего заката
Sweet Dream	сладкого сна
Titanium Gold Spiked	из сплава титана и золота, с шипами
Torna	Торны
Tuliyollan	Тулиёллаля
Turali	Турала
Turali Trader's	туральского торговца
Tycoon	Тайкуна
Ul'dahn Soldier's	ульданского солдата
Valentione's Heart	сердца Валентионе
Vanu Vanu	вану-вану
Varsity	университетского образца
Velveteen Rope	из вельветового шнура
Vibran Princess's	принцессы Вибры
Voyager's	путешественника
Wake Doctor's	доктора Праздника всех святых
Wall	для стены
Whalaqee	валаки
Wolf Amber	волка, из янтаря
Wolf Rubellite	волка, из рубеллита
Wolf Spinel	волка, из шпинели
Wolf Tourmaline	волка, из турмалина
Wolf Turquoise	волка, из бирюзы
Wolf Zircon	волка, из циркона
Woodland Warden's	лесного стража
AR-Caean Velvet Work	рабочего образца, из аркейского бархата
Adamantoise	адамантовой черепахи
Aetheryte	эфирита
Alphascape	Альфапространства
Antelope	антилопы
Archaeornis	археорниса
Armor	для брони
Auxesian	Ауксесии
Baron	барона
Battlecraft	боевого ремесла
Beastwarden's	стража зверей
Belt-leather	из ременной кожи
Black Mage	чёрного мага
Bladed Lantern	клинкового фонаря
Blue Coral	синего коралла
Boarskin Survival	для выживания, из кабаньей кожи
Boltmaster's	мастера ткачества
Bombard	бомбарды
Boulevardier's	светского щёголя
Brilliant Egg	блестящего яйца
Bull	быка
Byakko	Бякко
Cactuar Pajama	пижамы кактуара
Canopus	Канопуса
Cask	бочонка
Cerberus	Цербера
Chimera	химеры
Chocobo Pajama	пижамы чокобо
Classic	классического образца
Clear	прозрачного образца
Coblyn	коблина
Coerthan	Коэртаса
Cordia	из кордии
Country	сельского образца
Cozy Valentione	уютного Валентионе
Crabshell	из крабового панциря
Crafting Tool	ремесленного инструмента
Crimson Standard	багрового знамени
Critical Hit C-1 Tour	тура «Критический удар», С-1
Critical Hit C-2 Tour	тура «Критический удар», С-2
Dancer	танцора
Dark	тьмы
Darkscale	тёмной чешуи
Darksilver	из тёмного серебра
Death	смерти
Decorated	с украшениями
Deluxe Pumpkin	роскошной тыквы
Dense Specialist	специалиста, плотный образец
Divine	божественного образца
Drake	дрейка
Drone	дрона
Dusk	сумерек
Dwarven	дварфов
Dwarven Lignum	из дварфского лигнума
Eagleclaw	орлиного когтя
Eblan	Эблана
Enriching	для обогащения
Extreme Survival	для выживания в крайних условиях
Faerie Tale Princess's	сказочной принцессы
Falconer's	сокольничего
Far Eastern	Дальнего Востока
Far Eastern Matriarch's	дальневосточной матриархини
Far Eastern Schoolboy's	дальневосточного школьника
Fieldcraft	собирательского ремесла
Filibuster's Heavy	флибустьера, тяжёлый образец
Fuga	Фуги
Gagana	гаганы
Galatea	Галатеи
Galleymaster's	мастера кулинарии
Gathering Tool	собирательского инструмента
Gazelle	газели
Gazelleskin Open-toed	из кожи газели, с открытым носком
Gentlebean	нежного боба
Gigant	гиганта
Gilded	с позолотой
Glacial	ледника
Gnath	гната
Grass	травы
Grey	серого цвета
Grilled	на гриле
Happiness	счастья
Harrier's	преследователя
Hatchling	птенца
Heat-resistant Survey	для разведывательных исследований, термостойкий образец
Heavy-duty	особо прочного образца
Highland Stone	из горного камня
Holy	святости
Horned	с рогами
Horos	хороса
Humble	скромного образца
Immortal Flames	Бессмертного Пламени
Imp	беса
Indigo	цвета индиго
Inverted	перевёрнутого образца
Ironclad	с железной бронёй
Island Resort	островного курорта
Ixion	Иксиона
Kitchen	для кухни
Knight	рыцаря
Leather Survival	для выживания, из кожи
Level 50 Weapon	оружия 50-го уровня
Light Steel	из лёгкой стали
Lightning Rod	громоотвода
Lightweight Specialist	специалиста, облегчённый образец
Lily and Serpent	лилии и змеи
Linen Survival	для выживания, из льна
Log	из брёвен
Loporrit	лопоррита
Lord Commander's	лорда-командующего
Lotus	лотоса
Machinist	механика
Magma	магмы
Majestic	величественного образца
Maritime	морского образца
Martial Artist's	мастера боевых искусств
Mesquite	из мескита
Midnight Egg	полуночного яйца
Mosaic	мозаики
Mossy	с мхом
Mountain	горы
Mudstone	из аргиллита
Neon Street	неоновой улицы
Nymian Royal Marine	королевского морского пехотинца Нима
Ophiotauroskin Magitek	магитека, из кожи офиотавра
Ovelia's	Овелии
Paladin	паладина
Pastoral Oak	деревенского образца, из дуба
Peiste	пейста
Phoenix Riser	восстающего феникса
Phrygian Gold	из фригийского золота
Plain Pajama	обычной пижамы
Poacher's	браконьера
Prismatic	призмы
Pudding	пудинга
Quaintrelle's	модницы
Rabbit	кролика
Ragstone	из грубого известняка
Rain	дождя
Ramhorn	бараньего рога
Raptor	раптора
Recycled	из переработанного материала
Red Mage	красного мага
Reinforcement	для укрепления
Researcher's Water-resistant	исследователя, водостойкий образец
Rising	Возрождения
Rope	из верёвки
Rover	бродяги
Sailor	моряка
Sandalwood	из сандалового дерева
Savant's Aethercell	эфирной ячейки учёного
Scion Sorceress's	чародейки из Наследников
Scouting	для разведки
Sea	моря
Seiryu	Сэйрю
Shaaloani	Шаалоани
Shadow	тени
Shepherd's	пастуха
Sigmascape	Сигмапространства
Sil'dihn	Силь'ди
Silkie	силки
Siltstone	из алевролита
Smithy's	кузнеца
Specialist	специалиста
Specialist Alloy	из специального сплава
Spotted	в пятнышко
Stable	для конюшни
Staghorn	оленьего рога
Standard Alloy	из стандартного сплава
Stardust	звёздной пыли
Steel-plated	со стальным покрытием
Stonewall	каменной стены
Strife	Страйфа
Sunset	заката
Survey Power	энергоснабжения разведывательных исследований
Suzaku	Судзаку
Taffeta	из тафты
Test Fab	пробного изготовления
Therapeutes's	врачевателя
Thunderstorm	грозы
Tipping Scales	перевеса чаши весов
Titancopper	из титановой меди
Toad	жабы
Turali Traveler's	туральского путешественника
Umbral	умбры
Unbreakable	несокрушимого образца
Unidentifiable	неизвестного происхождения
Urunday	из урундая
Vegetable	из овощей
Veteran's	ветерана
Vibrant Egg	яркого яйца
Vintage Chef's	повара, старинный образец
Watcher's Palace	Дворца наблюдателя
Water Otter Fountain	фонтана водяной выдры
Wind Silk	из шёлка ветра
Wivre	вивра
Yak T'el	Як-Теля
Yarzonshell	из панциря ярзона
Yellow	жёлтого цвета
Yeti	йети
Yok Huy	йок-хуев
Yozakura's	Ёдзакуры
