Lost Allagan	утраченного Аллага
Courtly Lover's	галантного влюблённого
Historia	истории
Bygone Brass	старинной латуни
Phantom Vision	призрачного видения
Ala Mhigan	Ала-Миго
Sky Pirate's	небесного пирата
Canvas	из парусины
Grand Champion's	великого чемпиона
Babyface Champion's	чемпиона, любимца публики
Arcanaut's	арканавта
Farlander	чужеземца
Heirloom	семейной реликвии
Nomad's	кочевника
Valkyrie's	валькирии
Voeburtite	Воэбурта
The Forgiven's	Прощённого
Anamnesis	воспоминания
Shadowless	бестеневого
Dravanian	Дравании
Orthodox	правоверного
Deepgold	из глубинного золота
Paglth'an	Пагльтана
Carborundum	из карборунда
Deepmist	глубокого тумана
Omicron	Омикрона
Praemagitek	премагитека
Sunstreak	солнечной полосы
Underkeep	подземной крепости
Yuweyawata	Ювейяваты
High Durium	из высококачественного дюрия
Arhat	архата
Manusya	манушьи
Mistic Memory	туманного воспоминания
Darklight	тёмного света
Mistbreak	рассеивания тумана
Sunburst	солнечной вспышки
Mistfall	нисходящего тумана
Mistwake	туманного следа
Darbar	дарбара
Heavyweight	тяжёлого веса
Purgatory	чистилища
Cruiser	крейсера
Genta	Гэнты
Limbo	лимба
Nightsteel	из ночной стали
Sky Rat	небесной крысы
Asuran	асуры
Hellhound	адской гончей
Yasha	якши
True Linen	из истинного льна
Late Allagan	позднего Аллага
Void Ark	Ковчега Пустоты
Aesthete's	эстета
Demon	демона
Prestige High Allagan	престижного высшего Аллага
Diabolic	дьявола
Primal	праймала
Veldian	Вельда
Yafaemi	Яфаэма
Silvergrace	серебряной благодати
Star Tech	звёздных технологий
Molybdenum	из молибдена
Dodoskin	из кожи додо
Indagator's	исследователя
Titanbronze	из титановой бронзы
Flame Private's	рядового Бессмертного Пламени
Hailstorm	града
Hellfire	адского пламени
Ruby Tide	рубинового прилива
Hypostatic	ипостаси
Militia	ополчения
Theogonic	рождения богов
YoRHa Type-51	ЙоРХа, тип 51
Panthean	пантеона
Serpent Private's	рядового Ордена Двух Змей
YoRHa Type-53	ЙоРХа, тип 53
Storm Private's	рядового Водоворота
Black Willow	из чёрной ивы
Perfectionist's	перфекциониста
Serpent Sergeant's	сержанта Ордена Двух Змей
Slothskin	из кожи ленивца
Aurum Regis	из королевского золота
Black Star	из чёрной звезды
Cobalt Tungsten	из кобальтового вольфрама
Flame Sergeant's	сержанта Бессмертного Пламени
Storm Sergeant's	сержанта Водоворота
White Gold	из белого золота
Amaurotine	Амаурота
Everseeker's	вечного искателя
Innovator's	новатора
Koppranickel	из медно-никелевого сплава
Mountain Chromite	из горного хромита
Shisui	Сисуи
Vana'dielian	Вана'диэля
Beastmaster's	укротителя
Duelist's	дуэлянта
Marid Leather	из кожи марида
Scaevan Magitek	магитека Сцевы
Torrent	потока
Ardent	пылкого
Fabled	легенды
Hero's	героя
Handsaint's	святого мастера
Inferno	пекла
Pactmaker's	создателя пактов
Clouddark	облачной тьмы
Manderville	Мандервилля
Bogatyr's	богатыря
Heavy Metal	из тяжёлого металла
Ironworks Magitek	магитека мастерских Гарлонда
Griffin Leather	из кожи грифона
Gyuki Leather	из кожи гюки
Ihuykanite	из иуйканита
Initiate's	посвящённого
Survey	для разведывательных исследований
Channeler's	проводника магии
Constellation	созвездия
Dragonsung	драконьей песни
Gunner's	стрелка
Noct	ночи
Pacifist's	пацифиста
Padjali	паджалей
Picaroon's	разбойника
Resilient	стойкого
Seventh Heaven	седьмого неба
Storyteller's	сказителя
Trueblood	чистокровного
Afflatus	вдохновения
Amateur's	любителя
Amazing Manderville	Мандервилля, удивительная версия
Auroral	северного сияния
Brutal	жестокости
Cavalry	кавалерии
Chivalrous	рыцарства
Empyrean	эмпирея
Enaretos	Энаретоса
Etheirys	Этейриса
Gold Thumb's	золотых рук
Immaculate	безупречности
Kirimu	из кожи кириму
Obsolete Android's	устаревшего андроида
Origenics	Оридженики
Star Quartz	из звёздного кварца
Swallowskin	из кожи ласточки
Werewolf	оборотня
Azurite	из азурита
Battleliege	боевого владыки
Bonewicca	костяной ведьмы
Daystar	утренней звезды
Epochal	эпохи
Eternal Dark	вечной тьмы
Glade	лесной поляны
Gloam	сумерек
Grade 2 Skybuilders'	небесных строителей, сорт 2
Grade 3 Skybuilders'	небесных строителей, сорт 3
Grade 4 Skybuilders'	небесных строителей, сорт 4
Hellwolf	адского волка
Lakshmi's	Лакшми
Luncheon Toadskin	из кожи обеденной жабы
Majestic Manderville	Мандервилля, величественная версия
Plundered	из награбленного
Proto Ultima	Прото-Ультимы
Riviera	Ривьеры
Saurian	из кожи ящера
Shire Conservator's	хранителя Идильшира
Shire Custodian's	стража Идильшира
Shire Pankratiast's	панкратиаста Идильшира
Shire Philosopher's	философа Идильшира
Shire Preceptor's	наставника Идильшира
Skyruin	небесных руин
