#55	№ 55
2B	«2B»
2P	«2P»
4th-make Cuchulainn	«Кухулин четвёртой модели»
4th-make Shemhazai	«Шемхазай четвёртой модели»
9S	«9S»
A Battle Decisively	«Решительная битва»
A Better Tomorrow	«Лучшее завтра»
A Chapel	«Часовня»
A Cold Wind	«Холодный ветер»
A Dream in Flight	«Мечта в полёте»
A Father's Pride	«Гордость отца»
A Fell Air Falleth	«Нисходит зловещий напев»
A Fierce Air Forceth	«Неистовый напев принуждает»
A Fine Air Forbiddeth	«Прекрасный напев запрещает»
A Fine Death	«Прекрасная смерть»
A Gentleman to Walk with Me	«Джентльмен для прогулки со мной»
A Heartfelt Finish	«Искреннее завершение»
A Hopeless Race	«Безнадёжная гонка»
A Land Long Dead	«Давно мёртвая земля»
A Light in the Storm	«Свет среди бури»
A Long Fall	«Долгое падение»
A Long Fall (Pulse)	«Долгое падение» (Пульс)
A Long Fall (Scions & Sinners: Band)	«Долгое падение» (Наследники и грешники: группа)
A Long Fall (Scions & Sinners: Piano)	«Долгое падение» (Наследники и грешники: фортепиано)
A Man Consumed	«Поглощённый человек»
A Mother's Pride	«Гордость матери»
A New Hope	«Новая надежда»
A New Hope (Piano Collections)	«Новая надежда» (Фортепианные сборники)
A New World (Dawntrail)	«Новый мир» (Тропа рассвета)
A Pall Most Murderous	«Смертоносный покров»
A Quick Pit Stop	«Короткая остановка»
A Quiet Moment	«Тихое мгновение»
A Realm of Emptiness	«Царство пустоты»
A Reason to Live	«Причина жить»
A Risky Bet	«Рискованная ставка»
A Sailor Never Sleeps	«Моряк никогда не спит»
A Sundering of Light	«Раскол света»
A Thousand Faces	«Тысяча лиц»
A Thousand Screams	«Тысяча криков»
A Tonberry's Tears	«Слёзы тонберри»
A Trail Unending	«Бесконечная тропа»
A Victory Fanfare Reborn	«Возрождённые победные фанфары»
A World Apart	«Отдельный мир»
A World Divided	«Разделённый мир»
ADS	автоматической системы защиты
Abandoned Amajina Mythril Mine	«Заброшенная мифриловая шахта Амажины»
Abel's	Авеля
Abigail	Эбигейл
Abomination	«Мерзость»
Absolute	абсолюта
Absolute Tyranny	«Абсолютная тирания»
Absolute Tyranny (Back in the Ring)	«Абсолютная тирания» (Снова на ринге)
Abyss Armor	с доспехами Бездны
Abyssal	бездны
Adaptive Alchemist's	для приспосабливаемого инструмента алхимика
Adaptive Armorer's	для приспосабливаемого инструмента бронника
Adaptive Blacksmith's	для приспосабливаемого инструмента кузнеца
Adaptive Botanist's	для приспосабливаемого инструмента ботаника
Adaptive Carpenter's	для приспосабливаемого инструмента плотника
Adaptive Culinarian's	для приспосабливаемого инструмента кулинара
Adaptive Fishing Reel	для приспосабливаемой рыболовной катушки
Adaptive Fishing Rod	для приспосабливаемой удочки
Adaptive Goldsmith's	для приспосабливаемого инструмента ювелира
Adaptive Leatherworker's	для приспосабливаемого инструмента кожевника
Adaptive Miner's	для приспосабливаемого инструмента горняка
Adaptive Weaver's	для приспосабливаемого инструмента ткача
Adjudicator's	судьи
Adrammelech	«Адраммелех»
Advent	пришествия
Adventure	для приключений
Adventurer's Hooded	искателя приключений, с капюшоном
Adventurous Angling	«Рыболовные приключения»
Advertisement	для рекламы
Aegis	эгиды
Aerodynamics System	аэродинамической системы
Aerodynamo	аэродинамо
Aery	«Драконье гнездо»
Aetheric Shielding	эфирной защиты
Aetherochemical Research Facility	«Эфирохимический исследовательский комплекс»
Aetheroconductive Focus	эфиропроводящего фокуса
Aetheroconductive Mammet	эфиропроводящего маммета
Aetheroconductive Quill	эфиропроводящего писчего пера
Aetherpause	«Эфиропауза»
Aeturna	Этерны
Affection Confections	«Сладости любви»
Afterglow	«Послесвечение»
Aftermath	«Последствия»
Afternoon	для послеобеденного чаепития
Against the Wind	«Против ветра»
Agelyss	Агелисса
Agent of Inquiry	«Следователь»
Aglaia	Аглаи
Air	воздуха
Air Force	воздушных сил
Air-wheeler A9	воздушного колёсника A9
Air-wheeler C9	воздушного колёсника C9
Airship	«Воздушный корабль»
Airship Fitting	оснастки воздушного корабля
Aithon	Эфона
Aitiascope	Айтиаскопа
Al-iklil	Аль-иклиля
Ala Gannha	«Ала Ганна»
Ala Ghiri	«Ала Гири»
Ala Mhigan Mustard	ала-мигской горчицы
Ala Mhigan Quarter	«Квартал Ала Миго»
Ala Mhigan Quarter #2	«Квартал Ала Миго № 2»
Ala Mhigo	«Ала Миго»
Albino	альбинос
Albino Karakul	белой каракульской овцы
Alder Springs	«Ольховые источники»
Alert Red Warp Loader	сигнально-красного варп-погрузчика
Alexander	Александра
Alexander Prime	«Александр Прайм»
Alexander Resurrected	«Возрождённый Александр»
Alexandrian Axe Beak	александрийского топороклюва
Algae	из водорослей
Alien Manifestation	«Чужое воплощение»
Alienus	«Чужой»
Alkonost	алконоста
All Saints' Wake	«Пробуждение всех святых»
All Saints' Wake MMXIII	праздника «Пробуждение всех святых», 2013 год
All Saints' Wake MMXV	праздника «Пробуждение всех святых», 2015 год
All Saints' Wake MMXVI	праздника «Пробуждение всех святых», 2016 год
All Saints' Wake MMXXIV	праздника «Пробуждение всех святых», 2024 год
All Saints' Wake MMXXV	праздника «Пробуждение всех святых», 2025 год
Allagan Commerce Node	на аллаганский торговый узел
Allagan Housekeeping Node	на аллаганский хозяйственный узел
Allagan Melon	аллаганской дыни
Allagan Repair Node	на аллаганский ремонтный узел
Allagan Resupply Node	на аллаганский снабженческий узел
Allagan Wootz	из аллаганского булата
Alligator	из аллигатора
Alma's Theme	«Тема Альмы»
Almond	миндаля
Aloalo	Алоало
Aloalo Island	«Остров Алоало»
Alpha	«Альфа»
Alpha's	Альфы
Alphinaud & Alisaie	«Альфино и Ализе»
Alsvid	Альсвида
Altar	алтаря
Alternative Dress	альтернативного платья
Alternative Leather	из кожи, альтернативный стиль
Althyk	«Альтик»
Althyk Lavender	лаванды Альтика
Alzadaal's Garden	сада Альзадаала
Alzadaal's Peace	«Покой Альзадаала»
Alzadaal's Treasure	сокровища Альзадаала
Amalj'aa	амальджа
Amaro	амаро
Amaro Barding Repair	для ремонта брони амаро
Amatsu Kaze	«Небесный ветер»
Amaurot	Амаурота
Amaurotine Spire	шпиля Амаурота
Amber Draught Chocobo	янтарного тяглового чокобо
Ambient Abyss	«Звуки бездны»
Ambient Birdsong	«Пение птиц»
Ambient Bonfire	«Звуки костра»
Ambient Cricketsong	«Стрекот сверчков»
Ambient Insects	«Звуки насекомых»
Ambient Kitchen	«Звуки кухни»
Ambient Rainfall	«Шум дождя»
Ambient Waves	«Шум волн»
Ambient Wind Chime	«Звон ветровых колокольчиков»
Ambrose	«Амброз»
Amdapori	Амдапора
Amh Araeng	Ам Араенга
Amigo Cactus	«Кактус-амиго»
Amon the Undying	«Амон Бессмертный»
Amphiptere	амфиптера
Amra	из амры
Amusement Park	«Парк развлечений»
Amynodon	аминодонта
Anagnorisis	«Анагнорисис»
Ananta	ананта
Ananta Junkmonger	на торговца разным из ананта
Ananta Maidservant	на служанку из ананта
Ananta Material Supplier	на поставщицу материалов из ананта
Ananta Mender	на ремонтницу из ананта
Anatomy of Existence	«Анатомия существования»
Ancestral Alloy	из сплава предков
Ancient Airship	древнего воздушного корабля
Ancient Animal	древнего животного
Ancient Shackles	«Древние оковы»
And Love You Shall Find	«И любовь найдёшь ты»
Anden	«Анден»
Anden III	Андена III
Anemos Expeditionary's	участника экспедиции в Анемос
Angel	ангела
Angler	из удильщика
Angler's	рыболова
Ango	«Анго»
Anima	«Анима»
Animal	животного
Another Brick	«Ещё один кирпич»
Another Moon	«Другая луна»
Another Round	«Ещё по одной»
Answer on High	«Ответ свыше»
Answering Quarter	«Квартал ответов»
Answers	«Ответы»
Answers - Reprise	«Ответы — реприза»
Antecedent's	предводительницы
Antelope Doe	самки антилопы
Antelope Stag	самца антилопы
Antipyretic	«Жаропонижающее»
Antithesis	«Антитеза»
Anxiety	«Тревога»
Anyx Minor	«Малый Аникс»
Anyx Trine	«Аникс Трайн»
Ao Dai	аозай
Apkallu	апкаллу
Apkallu Falls	«Водопад Апкаллу»
Apocalypsis Noctis	«Откровение ночи»
Apocryphal Bahamut	апокрифического Бахамута
Apologies	«Извинения»
Apoplexy	«Апоплексия»
Apprentice's Practice	для упражнений подмастерья
Apron	для фартуков
Aquamarine Carbuncle	аквамаринового карбункула
Aramitama	«Арамитама»
Arcanist's	арканиста
Arch Demon	архидемона
Archaeodemon	археодемона
Archaeological Extraction	для извлечения археологических находок
Archaeotania	«Археотания»
Archaeotania's	Археотании
Archangel	архангела
Archbishop Thordan VII	«Архиепископ Тордан VII»
Archeia Harmonias	«Архейя Гармония»
Archeo Alexandria	«Архео Александрия»
Archer's	лучника
Ardbert	«Ардберт»
Arenvald Lentinus	«Аренвальд Лентинус»
Argath Thadalfus	«Аргат Тадальфус»
Argos	Аргоса
Arion	Ариона
Ark	Ковчега
Ark Angel EV	«Арк-Ангел EV»
Ark Angel GK	«Арк-Ангел GK»
Ark Angel HM	«Арк-Ангел HM»
Ark Angel MR	«Арк-Ангел MR»
Ark Angel TT	«Арк-Ангел TT»
Arkasodara	аркасодара
Arkhi Brewing Vat	для чана брожения архи
Arkhitekton	«Архитектон»
Armament Repair	для ремонта вооружения
Armament Repair Kit	ремонтного набора для вооружения
Armored Weapon	«Бронированное оружие»
Arms of Meed	«Руки воздаяния»
Arrowwood	калины
Art	для изобразительного искусства
Art Supply	художественных принадлежностей
Artemis	Артемиды
Artful Afflatus Work	рабочего, искусное вдохновение
Artistic	для творчества
Artoirel de Fortemps	«Арторель де Фортан»
As the Sky Burns	«Пока небеса горят»
Asahi sas Brutus	«Асахи сас Брутус»
Ascension-on-High	«Вознесение ввысь»
Assault	штурма
Astalicia	«Асталиция»
Astaroth	Астарота
Astra	«Астра»
Astrologian	астролога
Astrope	Астропы
Asura	«Асура»
Asura's	Асуры
Asyle Volcane	«Убежище Вулкана»
Athena	«Афина»
Athena, the Tireless One	«Афина Неутомимая»
Athena, the Tireless One (Forge Ahead)	«Афина Неутомимая» (Вперёд)
Athena, the Tireless One (Pulse 2)	«Афина Неутомимая» (Пульс 2)
Atrociraptor	атроцираптора
Audio	для звукового оборудования
Audio Recording	звукозаписывающего устройства
Aunt Tii's	тётушки Тии
Aunt Tii's Tunic	для туники тётушки Тии
Aurora	северного сияния
Austere Offering	скромного подношения
Automatoise	авточерепахи
Automaton Repair	для ремонта автоматона
Automaton Worker	для автоматона-работника
Auxesia Exploration	за исследование Ауксесии
Auxiliary Aerodynamo	вспомогательного аэродинамо
Avatar's	аватара
Awakening	«Пробуждение»
Away (Refrain)	«Прочь» (рефрен)
Axle	оси
Aymeric	«Эмерик»
Azeyma	«Азема»
Azeyma Rose	розы Аземы
Azeyma's	Аземы
Azim Steppe	степи Азима
Azim Steppe Souvenir	сувенира из степи Азима
Azulmagia	«Азульмагия»
Azure	лазури
Azure Sky	лазурного неба
Azys Lla	Азис Ллы
Babbling Brook	«Журчащий ручей»
Back to the Drawing Board	«Назад к чертёжной доске»
Background Story	«Предыстория»
Baderon Tenfingers	«Бадерон Десятипалый»
Bahamut	Бахамута
Baker's	пекаря
Ballast	балласта
Balsa Wood	из бальсового дерева
Balshahn Bazaar	«Базар Балшан»
Bamboo	из бамбука
Bandersnatch	«Брандашмыг»
Banneret	баннерета
Bannock	«Баннок»
Bar	для бара
Barbarian's	варвара
Barbariccia	«Барбаричча»
Bard	барда
Barracuda Piers	«Пирсы Барракуд»
Barreltender	бочкотендера
Bartz Klauser	«Бартц Клаузер»
Base Camp (Day)	«Базовый лагерь» (день)
Base Tent	основной палатки
Basket	корзины
Bat	летучей мыши
Bat Fang	из клыка летучей мыши
Batsquatch	«Бэтсквоч»
Battle	«Битва»
Battle 1 from FINAL FANTASY IV	«Битва 1» из Final Fantasy IV
Battle 2 from FINAL FANTASY III	«Битва 2» из Final Fantasy III
Battle Bear	боевого медведя
Battle Lion	боевого льва
Battle Panther	боевой пантеры
Battle Theme 1.x	«Тема битвы 1.x»
Battle Theme from FINAL FANTASY XI	«Тема битвы» из Final Fantasy XI
Battle Tiger	боевого тигра
Battle in the Dungeon	«Битва в подземелье»
Battle in the Dungeon #3	«Битва в подземелье № 3»
Battle on the Big Bridge	«Битва на большом мосту»
Battle to the Death - Heavensward	«Битва насмерть — К небесам»
Battle with an Esper (Zodiac Age Version)	«Битва с эспером» (Эпоха Зодиака)
Battle with the Four Fiends (Buried Memory)	«Битва с четырьмя демонами» (Погребённая память)
Bayberry	из восковницы
Bayside Battleground	«Прибрежное поле боя»
Bayside Bevy	«Прибрежное собрание»
Beach	для пляжа
Bearskin	из медвежьей шкуры
Beast Handler's	зверовода
Beast Tamer's	укротителя зверей
Beast Tender's	смотрителя зверей
Beast Whisperer's	заклинателя зверей
Beastkin	зверя
Beastliege's	властелина зверей
Beastmaster	повелителя зверей
Beatrice	«Беатриче»
Beauty's Wicked Wiles	«Коварные чары красоты»
Beauty's Wicked Wiles (Pulse)	«Коварные чары красоты» (Пульс)
Bed of Bones	«Ложе костей»
Bedlam's Brink	«На краю безумия»
Bee	пчелы
Bee My Honey	«Будь моим мёдом»
Bee My Honey (Darkest Before Dawn)	«Будь моим мёдом» (Темнее всего перед рассветом)
Bee My Honey (Pulse 2)	«Будь моим мёдом» (Пульс 2)
Bee My Honey (Till Dawn My Tears Flow)	«Будь моим мёдом» (До рассвета льются мои слёзы)
Beef	из говядины
Beehive Souvenir	сувенира из «Улья»
Beet	из свёклы
Befooted Werewolf	оборотня с лапами
Before the Storm - Caer Norvent	«Перед бурей — Кэр Норвент»
Behind Closed Doors	«За закрытыми дверями»
Belegged Werewolf	оборотня с ногами
Belief	«Вера»
Belladonna	«Белладонна»
Below	«Внизу»
Benben	Бенбен
Beneath Bloodied Banners	«Под окровавленными знамёнами»
Bennu	Бенну
Bentbranch Meadows	«Луга Согнутой Ветви»
Berkanan	берканана
Bespoke Barter Item	заказного обменного предмета
Beyond Redemption	«Без надежды на искупление»
Beyond the Wall	«За стеной»
Biast	биаста
Bibliophobia	«Библиофобия»
Big Fish	«Крупная рыба»
Big Shell	большого панциря
Biggs & Wedge	«Биггс и Ведж»
Binding	связывания
Biomass Incubation Complex	«Комплекс инкубации биомассы»
Bipolar Nightmare	«Биполярный кошмар»
Birds of Prey	«Хищные птицы»
Birdsbeak	«Птичий клюв»
Bismarck	«Бисмарк»
Black Arum	из чёрного аронника
Black Bombard	чёрной бомбарды
Black Brightlily	из чёрной ярколилии
Black Brush Station	«Станция Чёрная Чаща»
Black Byregotia	из чёрной биреготии
Black Campanula	из чёрного колокольчика
Black Carnation	из чёрной гвоздики
Black Cat	«Чёрная кошка»
Black Cattleya	из чёрной каттлеи
Black Champa	из чёрной чампы
Black Cherry Blossom	из чёрного цветка вишни
Black Chocobo	чёрного чокобо
Black Chrysanthemum	из чёрной хризантемы
Black Cornflower	из чёрного василька
Black Cosmos	из чёрной космеи
Black Dahlia	из чёрного георгина
Black Daisy	из чёрной маргаритки
Black Horn	из чёрного рога
Black Hyacinth	из чёрного гиацинта
Black Hydrangea	из чёрной гортензии
Black Iron Bridge	«Чёрный железный мост»
Black Lily of the Valley	из чёрного ландыша
Black Lupin	из чёрного люпина
Black Morning Glory	из чёрной ипомеи
Black Moth Orchid	из чёрной орхидеи-фаленопсиса
Black Paperflower	из чёрной бугенвиллеи
Black Pepper	чёрного перца
Black Steel, Cold Embers	«Чёрная сталь, холодные угли»
Black Sunflower	из чёрного подсолнуха
Black Swan	чёрного лебедя
Black Sweet Pea	из чёрного душистого горошка
Black Tea	чёрного чая
Black Tea Flower	из чёрного цветка чая
Black Triteleia	из чёрной трителеи
Black Tulip	из чёрного тюльпана
Black Viola	из чёрной фиалки
Black and White	«Чёрное и белое»
Blackjack	«Блэкджека»
Blackseed Cotton	из черносеменного хлопка
Bladder	газового баллона
Bladder Lining	внутренней оболочки газового баллона
Blade Unbroken	«Несломленный клинок»
Blade's Exaltation	«Ликование клинка»
Blasphemous Experiment	«Кощунственный эксперимент»
Blazing Inferno	пылающего ада
Blessed Boltkeep's	благословенного хранителя ткани
Blessed Boltking's	благословенного короля ткани
Blessed Cauldronkeep's	благословенного хранителя котла
Blessed Cauldronking's	благословенного короля котла
Blessed Fieldkeep's	благословенного хранителя полей
Blessed Fieldking's	благословенного короля полей
Blessed Forgekeep's	благословенного хранителя кузни
Blessed Forgeking's	благословенного короля кузни
Blessed Galleykeep's	благословенного хранителя кухни
Blessed Galleyking's	благословенного короля кухни
Blessed Gemkeep's	благословенного хранителя самоцветов
Blessed Gemking's	благословенного короля самоцветов
Blessed Hidekeep's	благословенного хранителя шкур
Blessed Hideking's	благословенного короля шкур
Blessed Millkeep's	благословенного хранителя пилорамы
Blessed Millking's	благословенного короля пилорамы
Blessed Minekeep's	благословенного хранителя шахты
Blessed Mineking's	благословенного короля шахты
Blessed Tacklekeep's	благословенного хранителя снастей
Blessed Tackleking's	благословенного короля снастей
Blessings on the Bluffs	«Благословения на утёсах»
Blighted Earth Sword	для меча осквернённой земли
Blind to the Dark	«Слепой к тьме»
Blinding	ослепления
Blinding Indigo	«Ослепительное индиго»
Blinding Indigo (Scions & Sinners: Band)	«Ослепительное индиго» (Наследники и грешники: группа)
Bliss	блаженства
Blissful	блаженства
Blood	крови
Blood Currant	кровавой смородины
Blood Pepper	кровавого перца
Blood Tomato	кровавого помидора
Blood for Blood	«Кровь за кровь»
Blood on the Wind	«Кровь на ветру»
Bloodstorm	«Кровавая буря»
Bloody	в крови
Blooming Garden	цветущего сада
Blue Arbor	синего дерева
Blue Arum	из синего аронника
Blue Blossom	с синими цветами
Blue Bombard	синей бомбарды
Blue Brightlily	из синей ярколилии
Blue Byregotia	из синей биреготии
Blue Campanula	из синего колокольчика
Blue Carnation	из синей гвоздики
Blue Cattleya	из синей каттлеи
Blue Champa	из синей чампы
Blue Cherry Blossom	из синего цветка вишни
Blue Chrysanthemum	из синей хризантемы
Blue Cornflower	из синего василька
Blue Cosmos	из синей космеи
Blue Crafters' Scrip	синих ремесленных сертификатов
Blue Dahlia	из синего георгина
Blue Daisy	из синей маргаритки
Blue Dragon	«Синий дракон»
Blue Fields	«Синие поля»
Blue Fox	голубого песца
Blue Gatherers' Scrip	синих собирательских сертификатов
Blue Hyacinth	из синего гиацинта
Blue Hydrangea	из синей гортензии
Blue Landtrap	синей землеловки
Blue Leafkin	«Синий лиственник»
Blue Lily of the Valley	из синего ландыша
Blue Lupin	из синего люпина
Blue Mage	синего мага
Blue Moon	синей луны
Blue Morning Glory	из синей ипомеи
Blue Moth Orchid	из синей орхидеи-фаленопсиса
Blue Mycophlox	синего микофлокса
Blue Paperflower	из синей бугенвиллеи
Blue Pixie	синей пикси
Blue Spiral Lupine	синего спирального люпина
Blue Sunflower	из синего подсолнуха
Blue Sweet Pea	из синего душистого горошка
Blue Tea	синего чая
Blue Tea Flower	из синего цветка чая
Blue Triteleia	из синей трителеи
Blue Tulip	из синего тюльпана
Blue Viola	из синей фиалки
Bluebird	синей птицы
Bluefeather Lynx	синепёрой рыси
Bluefog	«Синий туман»
Bluepowder Pixie	пикси с синей пыльцой
Blueprint	для чертежей
Blunder-villed	«Освоивший Бландервилль»
Blunderful	«Чудесная неуклюжесть»
Blunderous	«Неуклюжесть»
Blunderville	Бландервилля
Blunt Goblin	гоблина, затупленный образец
Boar	кабана
Bokairo Inn	«Гостиница Бокайро»
Bomb Palanquin	паланкина бомб
Bombfish	из рыбы-бомбы
Bookseller's	книготорговца
Borderland Ruins (Secure)	«Пограничные руины: захват»
Borderless (Duality)	«Без границ» (Двойственность)
Boreas	Борея
Born of the Boughs - The Theme of Gridania	«Рождённые среди ветвей — тема Гридании»
Born to Ride	«Рождённый ездить»
Boulder Downs	«Валунные низины»
Boulevardier's Ruffled	бульвардье, с оборками
Bouncer's Holster	вышибалы, с кобурой
Boundless Expanse	безграничного простора
Bozjan Southern Front	Южного фронта Бозии
Br'aax	браакса
Brachiosaur	брахиозавра
Branchbearer	ветвеносца
Brashgold	из яркого золота
Brave Story	«История храбрости»
Brazier	жаровни
Breach	прорыва
Bread	для хлеба
Break	разрушения
Breaking Boundaries	«Разрушая границы»
Breath Between	«Дыхание между»
Brendt, Brennan, & Bremondt	«Брендт, Бреннан и Бремондт»
Brewer's Beacon	«Маяк пивовара»
Brewery	для пивоварни
Brewery Maintenance	для обслуживания пивоварни
Brick	из кирпича
Bright Bustle	«Светлая суета»
Bright Linen	из яркого льна
Bright Solution	«Яркое решение»
Brightlily	ярколилии
Brilliant Alchemist's	для блистательного инструмента алхимика
Brilliant Armorer's	для блистательного инструмента бронника
Brilliant Blacksmith's	для блистательного инструмента кузнеца
Brilliant Botanist's	для блистательного инструмента ботаника
Brilliant Carpenter's	для блистательного инструмента плотника
Brilliant Culinarian's	для блистательного инструмента кулинара
Brilliant Fishing Reel	для блистательной рыболовной катушки
Brilliant Fishing Rod	для блистательной удочки
Brilliant Goldsmith's	для блистательного инструмента ювелира
Brilliant Leatherworker's	для блистательного инструмента кожевника
Brilliant Miner's	для блистательного инструмента горняка
Brilliant Weaver's	для блистательного инструмента ткача
Broad Bean	из конских бобов
Broccoflower	из романеско
Broken Heart	«Разбитое сердце»
Bronco-type	типа «Бронко»
Bronze Lake	Бронзового озера
Bronze-tinged	с бронзовым оттенком
Bronze-trimmed	с бронзовой отделкой
Broombush	ракитника
Broth	бульона
Brutal Armor	с доспехами жестокости
Brute Bomber	«Брутальный бомбардир»
Brute Justice	«Грубое правосудие»
Bubble	с пузырьками
Burabura Chochin	Бурабура-тётин
Burning	пламени
Burning Souls	«Пылающие души»
Burning Wall	«Пылающая стена»
Burrow	из норы
Buscarron's Druthers	«Заботы Бускаррона»
Bustier	для бюстье
Bustle	для турнюра
Bustle of the Capital	«Столичная суета»
Bustling Boulevard	«Оживлённый бульвар»
Butcher's	мясника
Butlery	дворецкого
Buuz	в виде бууз
Buuz Cooking	для приготовления бууз
Buuz Cooking Paraphernalia	принадлежностей для приготовления бууз
By Design	«Так задумано»
Byakko's Paladin	паладина Бьякко
Byblos	«Библос»
Bygone Serenity	«Былое спокойствие»
Byregot	«Бирегот»
Byregot's	Бирегота
Byregotia	биреготии
CCRC 2023 Champion	чемпиона регионального турнира «Кристальный конфликт» 2023 года
CCRC 2023 Finalist	финалиста регионального турнира «Кристальный конфликт» 2023 года
CCRC 2023 Ranker	призёра регионального турнира «Кристальный конфликт» 2023 года
CCRC 2026 Champion	чемпиона регионального турнира «Кристальный конфликт» 2026 года
CCRC 2026 Finalist	финалиста регионального турнира «Кристальный конфликт» 2026 года
CCRC 2026 Ranker	призёра регионального турнира «Кристальный конфликт» 2026 года
Cabin	для хижины
Cabinkeep	на смотрителя хижины
Cactuar Colony	с колонией кактуаров
Caddisfly	ручейника
Cagnazzo	«Каньяццо»
Cahciua	«Кахчиуа»
Calamity Unbound	«Бедствие на свободе»
Calamity Unbound (Orchestral Version)	«Бедствие на свободе» (оркестровая версия)
Calamus	аира
Calcabrina	«Калькабрина»
Calofisteri	«Калофистери»
Calydontis	Калидонтиса
Camp Bronze Lake	«Лагерь Бронзовое озеро»
Camp Cloudtop	«Лагерь Над облаками»
Camp Dragonhead	«Лагерь Голова Дракона»
Camp Overlook	«Наблюдательный лагерь»
Camp Riversmeet	«Лагерь Междуречье»
Camp Skull Valley	«Лагерь Долина Черепов»
Campanula	колокольчика
Canal Town	«Город каналов»
Cannoneer's	канонира
Canticle	«Песнь»
Canvas Repair	для ремонта парусины
Captivating	очарования
Carbide Grey Warp Loader	карбидно-серого варп-погрузчика
Carbuncle Cottage	коттеджа с карбункулами
Carbuncle Garden	садового гарнитура с карбункулами
Carbuncle House	дома с карбункулами
Carbuncle Mansion	особняка с карбункулами
Carline Canopy	«Сень Карлайн»
Carnage	резни
Carnation	гвоздики
Carnauba	карнаубской пальмы
Carpentry	для плотницкого дела
Carriage Furnishing	для обустройства кареты
Carriage Seat	сиденья кареты
Carrot Chiller	морковного охладителя
Carrotlight	для морковного светильника
Carrotorium	«Морковариум»
Carrots of Brilliance	«Морковь великолепия»
Carrots of Happiness	«Морковь счастья»
Carrots of Happiness (Forge Ahead)	«Морковь счастья» (Вперёд)
Carrots of Passion	«Морковь страсти»
Cart	телеги
Carvallain de Gorgagne	«Карваллен де Горгань»
Cassia	кассии
Cassie	Касси
Cast Stones in Shadow	«Бросая камни в тень»
Castellum Velodyna	«Кастеллум Велодина»
Castle Zvahl	«Замок Звал»
Castrum Centri	«Каструм Центри»
Castrum Fluminis	«Каструм Флуминис»
Castrum Marinum	«Каструм Маринум»
Castrum Oriens	«Каструм Ориенс»
Catfish Lure	приманки для сома
Cathedral	«Собор»
Catoblepas	катоблепаса
Cattleya	каттлеи
Cave Kikitola	«Пещера Кикитола»
Cecil Harvey	«Сесил Харви»
Celestial	небосвода
Celestial Thunder	«Небесный гром»
Cenotaph	«Кенотаф»
Cenote	из сенота
Central Shroud	Центральной Чащи
Central Thanalan	Центрального Таналана
Centrifugal Crystal Engine	«Центробежный кристальный двигатель»
Centurio Tiger	тигра Центурио
Ceol Aen	«Кеол Эн»
Ceremonial Bow	церемониального лука
Ceremony Chocobo	церемониального чокобо
Ceruleum Embers by Dusk	«Церулимовые угли в сумерках»
Ceruleum Pipeline	«Церулимовый трубопровод»
Ceruleum Smoke at High Noon	«Церулимовый дым в полдень»
Ceruleum Tank	церулимового бака
Cerulift	церулифта
Cexudross	Сексудросса
Chainmail	для кольчуги
Chakha Zoh	«Чаха Зо»
Chalicotherium	халикотерия
Chamomile	из ромашки
Champa	чампы
Champion's	чемпиона
Chaos Armor	с доспехами Хаоса
Chapel Bell	«Колокол часовни»
Chapuli	«Чапули»
Charcoal	угольного цвета
Charibert	«Шарибер»
Charon's	Харона
Chemist's	химика
Cherimoya	из черимойи
Chi	«Хи»
Chief Keyward Lahabrea	«Главный ключник Лахабрея»
Chigoe	чиго
Chigusa	тигусы
Chinchilla	шиншиллы
Chirwagur	Чирвагура
Chirwagur Saltern	«Солеварня Чирвагур»
Chivalrous Armor	с рыцарскими доспехами
Chive	лука-резанца
Chocobo Carriage	повозки чокобо
Chocobo Chick	с птенцом чокобо
Chocobo Cottage	коттеджа с чокобо
Chocobo Egg	в виде яйца чокобо
Chocobo House	дома с чокобо
Chocobo Mansion	особняка с чокобо
Chocobotail	«Хвост чокобо»
Chocorpokkur	шокорпоккура
Choliselvaas	«Чолисельваас»
Chronicler's	летописца
Chronometer	для хронометра
Chrysanthemum	хризантемы
Chrysomallos	Хрисомалла
Chthonic Horns	«Хтонические рога»
Churning Mists	Клубящихся туманов
Cid Garlond	«Сид Гарлонд»
Cieldalaes	Сиэльдалеса
Cieldalaes Pineapple	сиэльдалесского ананаса
Cirina	«Сирина»
Citrine Carbuncle	цитринового карбункула
City Ruins (Rays of Light)	«Руины города» (Лучи света)
Civilizations	«Цивилизации»
Civilizations (Pulse 2)	«Цивилизации» (Пульс 2)
Classic Voeburtite	классического блюда Воэбурта
Classroom	для учебного класса
Cleaner Upgrade	для улучшения уборочной машины
Clionid	клионида
Clive Rosfield	«Клайв Росфилд»
Clockwork Castletown	«Заводной призамковый город»
Clockwork Onmyoji & Clockwork Yojimbo	«Заводной онмёдзи и заводной ёдзимбо»
Close in the Distance	«Близкие вдалеке»
Close in the Distance (Beyond the Shadow)	«Близкие вдалеке» (За тенью)
Close in the Distance (Instrumental)	«Близкие вдалеке» (инструментальная версия)
Close in the Distance (Orchestral Version)	«Близкие вдалеке» (оркестровая версия)
Close in the Distance (Pulse 2)	«Близкие вдалеке» (Пульс 2)
Close to the Heavens	«Близко к небесам»
Cloud Acorn	в виде облачного жёлудя
Cloud Mallow	облачной мальвы
Cloud Mythril	из облачного мифрила
Cloud Nine	«Девятое облако»
Cloud Pearl	облачной жемчужины
Cloud Strife	«Клауд Страйф»
Cloud of Darkness	«Облако Тьмы»
Cloudfish Tackle	для снастей на облачную рыбу
Cloudkin	птицы
Cloudsbreath	дыхания облаков
Cluster	в виде скопления кристаллов
Coat	для пальто
Cobalt Alloy	из кобальтового сплава
Cock	петуха
Cockatrice	кокатрикса
Cockpit Exterior	внешней обшивки кабины
Cockpit Interior	внутренней отделки кабины
Cocobolo	из кокоболо
Coelacanth-class Bow	носовой части класса «Латимерия»
Coelacanth-class Bridge	мостика класса «Латимерия»
Coelacanth-class Pressure Hull	прочного корпуса класса «Латимерия»
Coelacanth-class Stern	кормовой части класса «Латимерия»
Coerthan Carrot	кёртасской моркови
Coerthan Souvenir	кёртасского сувенира
Coerthan Tea	кёртасского чая
Coerthas Central Highlands	Центрального нагорья Кёртаса
Coerthas Western Highlands	Западного нагорья Кёртаса
Coeurl Beach	для пляжа, с рисунком коэрла
Coeurl Beach Menswear	с мужской пляжной одеждой с рисунком коэрла
Coeurl Beach Womenswear	с женской пляжной одеждой с рисунком коэрла
Coeurlregina	королевы коэрлов
Coffee Break	«Перерыв на кофе»
Coffee Cup	в виде кофейной чашки
Coffer & Coffin	«Сундук и гроб»
Coin Manufacturing	монетного производства
Cold Salvation	«Холодное спасение»
Cold-weather Gear	зимнего снаряжения
Coldhearth	«Холодный очаг»
Coldwind	«Холодный ветер»
Colibri	«Колибри»
Colibri Callado	колибри кальядо
Coliseum	Колизея
Collegiate	университетского образца
Colossal Chronometer	колоссального хронометра
Colossus	колосса
Combed Wool	из гребенной шерсти
Comfy Valentione	праздника Валентиона, удобный образец
Comfy Valentione's	праздника Валентиона, удобный образец
Coming Home	«Возвращение домой»
Coming to Know You	«Узнавая тебя»
Commanding Craftsman's	умелого ремесленника
Commendation	похвалы
Communal Meal	для общей трапезы
Compact Drone Camera	компактной камеры дрона
Competent Craftsman's	способного ремесленника
Condor	кондора
Conductive Golem	проводящего голема
Confetti-making	для изготовления конфетти
Confetti-making Tool	инструмента для изготовления конфетти
Conjurer's	элементалиста
Connoisseur's Leather	из кожи, для ценителя
Construct 14	конструкта 14
Construct VI-S	конструкта VI-S
Construct VII	конструкта VII
Construction	строительного элемента
Contention	«Противостояние»
Conundrum	«Головоломка»
Conveyor	конвейера
Cookbook Printing	для печати поваренной книги
Cookbook Printing Paraphernalia	принадлежностей для печати поваренной книги
Cookie	в виде печенья
Coolant Drone	охлаждающего дрона
Cooling Device	охлаждающего устройства
Core Tank	основного бака
Corgi	с корги
Cornerstone of the New World - Astera	«Опора Нового Света — Астера»
Cornflower	василька
Coronal	с венком
Cosmic Armored Weapon	космического бронированного оружия
Cosmic Armored Weapon Beta	космического бронированного оружия «Бета»
Cosmic Constructs	«Космические конструкты»
Cosmic Countenance	космического лика
Cosmic Exploration	«Космическое исследование»
Cosmic Exploration Aetheryte	на эфирит космической экспедиции
Cosmic Fantasy	«Космическая фантазия»
Cosmic Growth	«Космический рост»
Cosmic Predator	космического хищника
Cosmic Prototype	с космическим прототипом
Cosmokitchen	космической кухни
Cosmoliner Fiber	волокна космолайнера
Cosmoliner Shaft	вала космолайнера
Cosmomodule	космического модуля
Cosmos	космеи
Costa del Sol	Коста-дель-Соль
Count Edmont de Fortemps	«Граф Эдмон де Фортан»
Countess Tea	чая «Графиня»
Country Cottage	деревенского коттеджа
Country House	деревенского дома
Country Mansion	деревенского особняка
Course Uncharted	«Неизведанный курс»
Court Jesters (Dawntrail)	«Придворные шуты» (Тропа рассвета)
Cozy Valentione's	праздника Валентиона, уютный образец
Crackling Chasm	«Трещащая бездна»
Cracks in the Wall	«Трещины в стене»
Cradle	«Колыбель»
Cradle of Hope	«Колыбель надежды»
Crafters'	для ремесленников
Craftsman's Coverall	комбинезона ремесленника
Craftsman's Leather	ремесленника, из кожи
Crag	скал
Cragsoul	души скал
Crash in the Dark	«Грохот во тьме»
Crawler	ползунка
Cream Yellow	кремово-жёлтого цвета
Credendum Accessories of Aiming	с аксессуарами кредендума для прицеливания
Credendum Accessories of Casting	с аксессуарами кредендума для заклинаний
Credendum Accessories of Fending	с аксессуарами кредендума для защиты
Credendum Accessories of Healing	с аксессуарами кредендума для исцеления
Credendum Accessories of Slaying	с аксессуарами кредендума для уничтожения
Creed Armor	с доспехами веры
Crescent	полумесяца
Crescent Moon	полумесяца
Crick	«Излом»
Crimson Dawn	«Багровый рассвет»
Crimson Rise	«Багровый подъём»
Crimson Sunrise	«Багровый восход»
Crimson Sunset	«Багровый закат»
Crimson Sunset (Piano Collections)	«Багровый закат» (Фортепианные сборники)
Cronopio	кронопио
Cropland Expansion	для расширения посевных площадей
Crow	ворона
Crown	с короной
Crowsbeak	«Вороний клюв»
Crucible	«Горнило»
Crucible Champion	чемпиона Горнила
Crucible Finalist	финалиста Горнила
Crucible Ranker	призёра Горнила
Cruise Chaser	крейсерского преследователя
Crumbling Aqueduct	разрушающегося акведука
Crumbling Lies (Front)	«Рушащаяся ложь» (лицевая сторона)
Crypt	склепа
Cryptlurker's Accessories of Aiming	с аксессуарами затаившегося в склепе для прицеливания
Cryptlurker's Accessories of Casting	с аксессуарами затаившегося в склепе для заклинаний
Cryptlurker's Accessories of Fending	с аксессуарами затаившегося в склепе для защиты
Cryptlurker's Accessories of Healing	с аксессуарами затаившегося в склепе для исцеления
Cryptlurker's Accessories of Slaying	с аксессуарами затаившегося в склепе для уничтожения
Crystal Cannon	для кристальной пушки
Crystal Rain	«Кристальный дождь»
Crystal Tower	Кристальной башни
Crystallized	в кристаллизованной форме
Crystarium Accessories of Aiming	с аксессуарами Кристариума для прицеливания
Crystarium Accessories of Casting	с аксессуарами Кристариума для заклинаний
Crystarium Accessories of Fending	с аксессуарами Кристариума для защиты
Crystarium Accessories of Healing	с аксессуарами Кристариума для исцеления
Crystarium Accessories of Slaying	с аксессуарами Кристариума для уничтожения
Crystarium Gear of Aiming	со снаряжением Кристариума для прицеливания
Crystarium Gear of Casting	со снаряжением Кристариума для заклинаний
Crystarium Gear of Fending	со снаряжением Кристариума для защиты
Crystarium Gear of Healing	со снаряжением Кристариума для исцеления
Crystarium Gear of Maiming	со снаряжением Кристариума для увечья
Crystarium Gear of Scouting	со снаряжением Кристариума для разведки
Crystarium Gear of Striking	со снаряжением Кристариума для ударов
Cu Sith	ку-ши
Culinary Knife	кулинарного ножа
Cumin	зиры
Cunning Craftsman's	искусного ремесленника
Cupflower	нирембергии
Curator	«Куратор»
Curiel	кюриэля
Curiel Root	корнеплода кюриэля
Cushion Care Package	для подарочной посылки с подушкой
Custom Crafting Tool	заказного ремесленного инструмента
Custom Gathering Tool	заказного собирательского инструмента
Custom Weaving	заказного ткацкого инструмента
Customized Alchemist's	для индивидуального инструмента алхимика
Customized Armorer's	для индивидуального инструмента бронника
Customized Blacksmith's	для индивидуального инструмента кузнеца
Customized Botanist's	для индивидуального инструмента ботаника
Customized Carpenter's	для индивидуального инструмента плотника
Customized Culinarian's	для индивидуального инструмента кулинара
Customized Fishing Reel	для индивидуальной рыболовной катушки
Customized Fishing Rod	для индивидуальной удочки
Customized Goldsmith's	для индивидуального инструмента ювелира
Customized Leatherworker's	для индивидуального инструмента кожевника
Customized Miner's	для индивидуального инструмента горняка
Customized Weaver's	для индивидуального инструмента ткача
Cyan's Theme	«Тема Сиана»
Cypress	кипариса
Daggers	«Кинжалы»
Dai-ryumyaku Accessories of Aiming	с аксессуарами дай-рюмяку для прицеливания
Dai-ryumyaku Accessories of Casting	с аксессуарами дай-рюмяку для заклинаний
Dai-ryumyaku Accessories of Fending	с аксессуарами дай-рюмяку для защиты
Dai-ryumyaku Accessories of Healing	с аксессуарами дай-рюмяку для исцеления
Dai-ryumyaku Accessories of Slaying	с аксессуарами дай-рюмяку для уничтожения
Dai-ryumyaku Armor of Aiming	с доспехами дай-рюмяку для прицеливания
Dai-ryumyaku Armor of Casting	с доспехами дай-рюмяку для заклинаний
Dai-ryumyaku Armor of Fending	с доспехами дай-рюмяку для защиты
Dai-ryumyaku Armor of Healing	с доспехами дай-рюмяку для исцеления
Dai-ryumyaku Armor of Maiming	с доспехами дай-рюмяку для увечья
Dai-ryumyaku Armor of Scouting	с доспехами дай-рюмяку для разведки
Dai-ryumyaku Armor of Striking	с доспехами дай-рюмяку для ударов
Dairyu Moon Gates	«Лунные врата Дайрю»
Daisy	маргаритки
Daivadipa	«Дайвадипа»
Dalamud	Даламуда
Dalmascan	Далмаски
Dalmascan Draped	Далмаски, с драпировкой
Damnation	«Проклятие»
Damselfly	стрекозы
Dance of the Fireflies	«Танец светлячков»
Dancing Calcabrina	«Танцующая Калькабрина»
Dancing Green	«Танцующая зелень»
Dancing Mad (Distant Worlds)	«Безумный танец» (Далёкие миры)
Dancing Mad - Movement I	«Безумный танец — часть I»
Dancing Mad - Movement II	«Безумный танец — часть II»
Dancing Mad - Movement III	«Безумный танец — часть III»
Dancing Mad - Movement IV	«Безумный танец — часть IV»
Dangerous Words	«Опасные слова»
Dangertek	«Опасная техника»
Danneroad	«Даннероуд»
Dapper Rabbit	щеголеватого кролика
Daring Dalliances	«Дерзкие увлечения»
Dark Cherry	тёмной вишни
Dark City Treno (Dawntrail)	«Тёмный город Трено» (Тропа рассвета)
Dark Knight	тёмного рыцаря
Dark Knight's Armor	с доспехами тёмного рыцаря
Dark Lanner	тёмного ланнера
Dark Matter	тёмной материи
Dark Solution	«Тёмное решение»
Dark Vows	«Тёмные обеты»
Darkside	тёмной стороны
Dartboard	с мишенью для дротиков
Darya the Sea-maid	«Морская дева Дарья»
Dawn	рассвета
Dawn Throne	«Трон рассвета»
Dawnbound	«Навстречу рассвету»
Dawntrail	«Тропа рассвета»
Dawntrail Krile	«Криль — Тропа рассвета»
Dawon	«Давон»
Dayspring Dew	утренней росы
Dead Man's	мертвеца
Deadly Dandan	«Смертоносный Дандан»
Deadly Descent	«Смертельный спуск»
Deadly Welcome	«Смертельный приём»
Deaspected	без стихийного аспекта
Deception	«Обман»
Decisions	«Решения»
Decisions (Omega)	«Решения» (Омега)
Deck	палубы
Decorative Hingan	Хингаси, декоративный образец
Decorative Plating	декоративной обшивки
Decorative Tavern Furnishing	для декоративной мебели таверны
Dedicated to Moonlight	«Посвящается лунному свету»
Dedicated to Moonlight (Amanda Achen Vocals)	«Посвящается лунному свету» (вокал Аманды Эйкен)
Dedicated to Moonlight (Forge Ahead)	«Посвящается лунному свету» (Вперёд)
Dedicated to Moonlight (Pulse 2)	«Посвящается лунному свету» (Пульс 2)
Deep Blue	«Глубокая синева»
Deep Down	«В глубине»
Deep Earth	земных глубин
Deep-blue	насыщенного синего цвета
Deep-green	насыщенного зелёного цвета
Deep-red	насыщенного красного цвета
Deepeye	«Глубокоглаз»
Defender of the Realm	«Защитник королевства»
Defthand's	ловких рук
Deinonychus	дейнониха
Deinosuchus	дейнозуха
Delicate Stellascope	тонкого стелласкопа
Delicate Survey Station	точной исследовательской станции
Delivery Moogle	«Мугл-почтальон»
Demi-Phoinix	полуфойникса
Demimog	полумога
Demon Brick	в виде кирпича-демона
Demon Haul	демонической повозки
Demon Wall	«Демоническая стена»
Demonic Lanner	демонического ланнера
Depths of the Soul	«Глубины души»
Descent	«Нисхождение»
Desert	пустыни
Desert Lapis	пустынного лазурита
Desert Sun	«Пустынное солнце»
Desertwalkers	«Странники пустыни»
Despair (Memoro de la S^tono)	«Отчаяние» (Память камня)
Devotion	преданности
Dewdrops & Moonbeams	«Капли росы и лунные лучи»
Diablo Armament	«Вооружение Диабло»
Diabolos	Диаболоса
Diabolos Hollow	«Полый Диаболос»
Diamond Weapon	«Алмазное оружие»
Diatom	диатомовых водорослей
Diatryma	диатримы
Dimension Blade	пространственного клинка
Dimwold	«Сумрачный лес»
Dimythrite	димитрита
Dinosaur	динозавра
Dinosaur Leather	из кожи динозавра
Discord: Imperial (Zodiac Age Version)	«Разлад: Империя» (Эпоха Зодиака)
Dish	для посуды
Display	для демонстрации
Disposal Unit	утилизационной установки
Dissolvent	растворителя
Distant Sanctums	«Далёкие святилища»
Divine Audience	«Божественная аудиенция»
Divine Beast	божественного зверя
Divine Light	божественного света
Divine Words	«Божественные слова»
Djanan Qhat	«Джанан Хат»
Dodotail	«Хвост додо»
Dohn	Дона
Doma Castle	«Замок Дома»
Doman Distractions	«Домские развлечения»
Dominus	Доминуса
Don't Be Afraid	«Не бойся»
Donut	в виде пончика
Doomtrain	«Поезд Рока»
Doppro	«Доппро»
Dormouse	сони
Dotharl Khaa	«Дотарл Хаа»
Down Where Daemons Dwell	«Внизу, где обитают демоны»
Down the Up Staircase	«Вниз по лестнице вверх»
Doyen's	старейшины
Dragon Fang	из драконьего клыка
Dragon Quest X	«Dragon Quest X»
Dragon's Beard	«Драконья борода»
Dragon's Crafting Tool	ремесленного инструмента дракона
Dragon's Gathering Tool	собирательского инструмента дракона
Dragon's Weaving Tool	ткацкого инструмента дракона
Dragonfruit	из питахайи
Dragonlancer's Armor	с доспехами драконьего копейщика
Dragonscale Rasp	рашпиля из драконьей чешуи
Dragonsong	песни дракона
Dragonspit	«Драконий плевок»
Dragoon	драгуна
Draught Chocobo	тяглового чокобо
Dravanian Forelands	Драванийских предгорий
Dravanian Hinterlands	Драванийской глубинки
Dreadnaught	дредноута
Dream Boots	для сапог мечты
Dream Hat	для шапки мечты
Dream Tunic	для туники мечты
Dreaming Dragon	«Спящий дракон»
Dreamingway	«Дримингвей»
Dreams Aloft	«Парящие мечты»
Dreams of Man	«Мечты человечества»
Dreamwalker	«Странник снов»
Dress	для платья
Dressing Case	для несессера
Drowning in the Horizon	«Утопая в горизонте»
Drowsie	«Дрёма»
Drum Part	для детали барабана
Dryad	дриады
Duck-billed Porter	утконосого носильщика
Dullahan	дуллахана
Dumbbell	для гантелей
Dungeon (Dawntrail)	«Подземелье» (Тропа рассвета)
Durante	«Дюранте»
Durdina	Дурдины
Dusk Throne	«Сумеречный трон»
Dusk Vigil	«Сумеречный дозор»
Dust-filtering Survey Mask	для пылезащитной исследовательской маски
Dvergr	«Дверг»
Dwarf	гнома
Dynamis	динамиса
Dynamite	динамита
Dynasty	династии
Dzemael Tomato	помидора Дземаэль
Dzo	дзо
Dzo Horn	из рога дзо
Dzo Shear	ножниц для стрижки дзо
Ea	«Эа»
Eagle	орла
Eald'narche	«Элд'нарш»
Earth, Wind, and Water	«Земля, ветер и вода»
Earthenshire	«Земляной край»
Earthlight	земного света
East End	Восточного края
East Othard Coastline	«Восточное побережье Отарда»
East Shroud	Восточной Чащи
East Watchtower	«Восточная сторожевая башня»
Eastern La Noscea	Восточной Ла Носкеа
Eastern Reach	«Восточный предел»
Eastern Teahouse	восточного чайного дома
Eastern Techno	восточного техностиля
Eastern Thanalan	Восточного Таналана
Echidna	«Ехидна»
Echoes in the Distance	«Эхо вдалеке»
Echoes of Ages Past	«Отголоски минувших эпох»
Echoes of Memory	«Эхо памяти»
Echoes of Vana'diel	«Эхо Вана'диэля»
Eden	Эдема
Eden's Promise	«Обещание Эдема»
Educand's Sailor	морского наряда ученика
Effigy	статуэтки
Egg Hunter	охотника за яйцами
Eggeater	яйцееда
Eggplant Knight	баклажанного рыцаря
Eggshilaration System	яйцерадостной системы
Ehcatl	Экатля
Ehll Tou	Элл Ту
Ejika Tsunjika	«Эдзика Цундзика»
Elbst	эльбста
Elder	старейшины
Elder Nutmeg	древнего мускатного ореха
Eldthurs	эльдтурса
Electrope	из электропа
Electuary	лекарственной кашки
Elidibus	«Элидибус»
Elixir Mixing	для смешивания эликсиров
Elixir Mixing Paraphernalia	принадлежностей для смешивания эликсиров
Elpis	Элписа
Elpis Garden	сада Элписа
Embers	«Угли»
Emerald Weapon	«Изумрудное оружие»
Emerald under Sapphire	«Изумруд под сапфиром»
Emil (Despair)	«Эмиль» (Отчаяние)
Emmanellain de Fortemps	«Эмманеллен де Фортан»
Emperor	императора
Emprise	«Подвиг»
Empty	без заряда
Empyrean Peak	«Эмпирейская вершина»
Empyrean Pine	эмпирейской сосны
Empyreum	Эмпирея
Enbarr	Энбарра
Enchanter's	чародея
Enchanting Ring	зачаровывающего кольца
Enclave	анклава
End of an Era	«Конец эпохи»
End of the Unknown	«Конец неизвестности»
Endcaller	«Призывающий конец»
Endcaller (Orchestral Version)	«Призывающий конец» (оркестровая версия)
Ending	«Окончание»
Endless Conflict	«Вечный конфликт»
Endsinger	«Певица конца»
Endwalker Alphinaud & Alisaie	«Альфино и Ализе — Странник конца»
Endwalker – Footfalls	«Странник конца — Шаги»
Endwalker – Footfalls (Fan Fest)	«Странник конца — Шаги» (Фестиваль поклонников)
Enenra	«Энэнра»
Energizing Eye-lixir	тонизирующего эликсира для глаз
Engage	«В бой»
Engine	двигателя
Engine Casing	кожуха двигателя
Engine Jointing	соединения двигателя
Engineer's	инженера
Engineer's Supply	инженерного снабжения
Engineer's Supply Kit	набора инженерного снабжения
Engraved	с гравировкой
Enhancing	усиления
Enigma	загадки
Enterprise	«Энтерпрайза»
Enterprise-type	типа «Энтерпрайз»
Enuo	«Энуо»
Eorzean	Эорзеи
Eorzean Map	с картой Эорзеи
Epimetheus	Эпиметея
Equilibrium	«Равновесие»
Equilibrium (Pulse)	«Равновесие» (Пульс)
Equilibrium (Scions & Sinners: Band)	«Равновесие» (Наследники и грешники: группа)
Erichthonios	«Эрихтоний»
Eros	«Эрос»
Erudite's	эрудита
Escape Flyer	спасательного летательного аппарата
Estinien	«Эстиниен»
Etched in Memory	«Запечатлённое в памяти»
Eternal	вечности
Eternal Wind	«Вечный ветер»
Eternal Wind (Modulation)	«Вечный ветер» (Модуляция)
Eternal Wind - Shadowbringers	«Вечный ветер — Несущие тень»
Eternity	вечности
Eternity Ring	кольца вечности
Eulmoran	Юлмора
Eulmoran Comfort	«Комфорт Юлмора»
Eulmoran Glory	«Слава Юлмора»
Eulmore	Юлмора
Eulogia	«Евлогия»
Euphrosyne	Евфросинии
Eureka	Эврики
Eureka Orthos	«Эврика Ортос»
Eurekan	Эврики
Eurekan Petrel	эвриканского буревестника
Eventide Sword	для вечернего меча
Evergleam	вечного сияния
Everybody Falls (Fall Guys Theme)	«Все падают» (тема Fall Guys)
Everything Burns	«Всё горит»
Everywhere and Nowhere	«Везде и нигде»
Evil Weapon	«Злое оружие»
Ewer	для кувшина
Ex-arch	бывшего экзарха
Exarchic Dome	«Купол экзарха»
Excavating Vacuum Suit	экскавационного вакуумного скафандра
Excavator's	землекопа
Exciting	для захватывающего наряда
Exdeath's Castle (Dawntrail)	«Замок Эксдеса» (Тропа рассвета)
Exhaust Outlet	выхлопного патрубка
Expansion of Duties	на расширение обязанностей
Experimental Lightning Rod	для экспериментального громоотвода
Experimental Plating	экспериментальной обшивки
Exploding Kupo Nut	взрывающегося купо-ореха
Exponential Entropy	«Экспоненциальная энтропия»
Eye-catching Custom Option	эффектной индивидуальной детали
Eyewear	для очков
F'lhaminn	«Ф'ламин»
FINAL FANTASY IV: Battle 2 (Endwalker)	«Final Fantasy IV: Битва 2» (Странник конца)
FINAL FANTASY IV: The Final Battle (Endwalker)	«Final Fantasy IV: Последняя битва» (Странник конца)
FINAL FANTASY IX: Battle 1 (Dawntrail)	«Final Fantasy IX: Битва 1» (Тропа рассвета)
FINAL FANTASY IX: Battle 2	«Final Fantasy IX: Битва 2»
FINAL FANTASY IX: Battle 2 (Dawntrail)	«Final Fantasy IX: Битва 2» (Тропа рассвета)
FINAL FANTASY IX: The Final Battle (Dawntrail)	«Final Fantasy IX: Последняя битва» (Тропа рассвета)
FINAL FANTASY V: Battle 1 (Dawntrail)	«Final Fantasy V: Битва 1» (Тропа рассвета)
FINAL FANTASY V: The Final Battle (Dawntrail)	«Final Fantasy V: Последняя битва» (Тропа рассвета)
FRC 2018 Champion	чемпиона регионального турнира «Пир» 2018 года
FRC 2018 Finalist	финалиста регионального турнира «Пир» 2018 года
FRC 2018 Ranker	призёра регионального турнира «Пир» 2018 года
Fabric	для ткани
Faceted Bluegrass	гранёного мятлика
Faceted Grass	гранёной травы
Faerie Apple	яблока феи
Faerie Battle	«Битва фей»
Fahrafahr	«Фарафар»
Fair Winds to Guide	«Попутные ветры»
Faire	ярмарки
Faith in Her Fury	«Вера в её ярость»
Fake Kupo Nut	поддельного купо-ореха
Falcon's Nest	«Соколиное гнездо»
Falconer	сокольничего
Falcons	«Соколов»
Fall into Forever	«Падение в вечность»
Fallen	после падения
Fallen Angel	падшего ангела
Fallen Neurolink	«Упавший нейролинк»
Faltering Prayer (Dawn Breeze)	«Прерывающаяся молитва» (Рассветный бриз)
Fanfare from FINAL FANTASY IX	«Фанфары» из Final Fantasy IX
Fantastic Faux	«Фантастический обман»
Far East of Eorzea	«Дальний Восток Эорзеи»
Far Eastern Antique	дальневосточного антиквариата
Far Eastern Schoolgirl's	дальневосточной школьницы
Far From Home	«Вдали от дома»
Fashionable	для модной одежды
Fat Black Chocobo	толстого чёрного чокобо
Fat Chocobo	толстого чокобо
Fated Strife -Besieged-	«Предначертанная битва — В осаде»
Fatty	с жирным мясом
Faust	Фауста
Faust Armor	доспехов Фауста
Faux Commander	Лжекомандира
Favor	«Благосклонность»
Fealty	«Верность»
Feast of the Ladies	«Пир дам»
Feathered	с перьями
Felicitous Furball	«Счастливый пушистик»
Feline Recreational Device	кошачьего игрового устройства
Felyne Junkmonger	на торговца разным из фелинов
Felyne Material Supplier	на поставщика материалов из фелинов
Felyne Mender	на ремонтника из фелинов
Felyne Servant	на слугу из фелинов
Felyne Support Team Cart	тележки отряда поддержки фелинов
Fenrir	Фенрира
Feo Ul	«Фео Ул»
Ferdiad	«Фердиад»
Festival	праздника
Festival of the Hunt (Endwalker)	«Праздник охоты» (Странник конца)
Field of Hope	поля надежды
Fields of Glory	«Поля славы»
Fiend (Pulse 2)	«Демон» (Пульс 2)
Fiend (The Primals)	«Демон» (The Primals)
Fierce and Free	«Неистовые и свободные»
Fiercest Fang	«Свирепейший клык»
Fifth Ode: A Time for Prayer	«Пятая ода: время молитвы»
Fight On!	«Продолжай сражаться!»
Fighters of the Crystal	«Воины кристалла»
Fighting	бойца
Figmental	воображения
Figments	«Плоды воображения»
Figurehead	носовой фигуры
Filtration	для фильтрации
Final Conflict	«Последний конфликт»
Final, Not Final	«Последний, но не окончательный»
Finality	«Окончательность»
Find the Flame	«Найди пламя»
Find the Princess (Dawntrail)	«Найди принцессу» (Тропа рассвета)
Fine	мелкого помола
Finery	нарядного убранства
Finishing	отделки
Firebird	жар-птицы
Firefly	со светлячком
Fireglass	огненного стекла
Firelight	огненного света
Firion	«Фирион»
Firmament Aetheryte	на эфирит Небосвода
Fishcake Ingredient	ингредиентов рыбного пирога
Fishing Rod	для удочек
Fishy	с подозрительным видом
Flame Warsteed	боевого коня Пламени
Flamebringer's	вестника пламени
Flamecarrier's	носителя пламени
Flamecloaked Archfiend	архидемона в пламенном покрове
Flamefang	Пламенного Клыка
Flannel	из фланели
Flash in the Dark	«Вспышка во тьме»
Flash of Steel	«Блеск стали»
Flat	плоской формы
Flavors of the Heart	«Вкусы сердца»
Fleeting	мимолётности
Fleeting Moment	«Мимолётное мгновение»
Fleeting Rays	«Мимолётные лучи»
Flibbertigibbet	«Пустомеля»
Floating City of Nym	«Парящий город Ним»
Florist's	цветочника
Floundering in the Depths	«Барахтаясь в глубинах»
Flow	«Поток»
Flow (Fan Fest)	«Поток» (Фестиваль поклонников)
Flow (Forge Ahead)	«Поток» (Вперёд)
Flow (Orchestral Version)	«Поток» (оркестровая версия)
Flow Together	«Течь вместе»
Flower Basket	«Цветочная корзина»
Fluorescent Tube	из люминесцентных трубок
Flyer Printing	для печати листовок
Fog of Phantom	«Призрачный туман»
Folded High Steel	из многократно прокованной высококачественной стали
Fond Farewells	«Тёплое прощание»
Font of Maya	«Купель Майи»
Footsteps in the Snow	«Шаги на снегу»
For Hope and Happiness	«Ради надежды и счастья»
For'ard Cabins	«Передовые хижины»
Forbidden Land (Endwalker)	«Запретная земля» (Странник конца)
Forbidden Seal	«Запретная печать»
Force Your Way	«Проложи свой путь»
Fordola rem Lupis	«Фордола рем Лупис»
Foregone Globe	древнего шароцвета
Forever Lost	«Потерянные навсегда»
Forevermore - The Grand Duchy of Rosaria	«Навеки — Великое герцогство Розария»
Forged in Crimson	«Выкованный в багрянце»
Forgiven Obscenity	«Прощённая непристойность»
Forgiven Reticence	Прощённого молчания
Forgotten by the Sun	«Забытые солнцем»
Formidable	«Грозный»
Fortemps	Фортанов
Fortemps Manor	поместья Фортанов
Fortress of Lies	«Крепость лжи»
Fortune	удачи
Fortune-teller's	гадалки
Forum	«Форум»
Forum Solius	«Форум Солиус»
Foundation	фундамента
Four-sided Circle	«Четырёхсторонний круг»
Fourchenault Leveilleur	«Фуршено Левейёр»
Fractal Continuum	«Фрактальный континуум»
Fracture	«Разлом»
Fragments of Forever	«Осколки вечности»
Frantoio	франтойо
Freedom	«Свобода»
Freefall	«Свободное падение»
Freshly Glazed Porxie	«Свежеглазированный поркси»
Friendship	дружбы
Frilled Emissary's	посланника с оборками
Fringes	Окраин
Frixio	«Фриксио»
From Fear to Fortitude	«От страха к стойкости»
From Mud	«Из грязи»
From the Ashes	«Из пепла»
From the Depths	«Из глубин»
From the Dragon's Wake	«По следу дракона»
From the Heavens	«С небес»
Frontiers Within	«Внутренние рубежи»
Frozen Fang	«Замёрзший клык»
Fruit	фруктов
Fruiterer's	торговца фруктами
Fulcrum	точки опоры
Fulgurpine	грозовой сосны
Full Fathom Five	«На глубине пяти морских саженей»
Fun and Games	«Игры и забавы»
Fungi Fighter	средства против грибков
Funguar	в виде фунгуара
Furnace	печи
Furnishing Design Contest 2025 Winner	победителя конкурса дизайна мебели 2025 года
Fury	«Ярость»
Fury's Gaze	«Взгляд Ярости»
Fylgja	фюльгьи
Fête	празднества
G-Warrior	«G-Воин»
Gabineaux's Bower	«Беседка Габино»
Gabriel Mark III	Габриэля модели III
Gabriel α	Габриэля Альфа
Gaelicat	«Гэликот»
Gaia	«Гайя»
Gaia's	Гайи
Gaius van Baelsar	«Гай ван Бельзар»
Gajasura	«Гаджасура»
Galactic Way	Галактического пути
Galahad	Галахада
Gale	шквала
Galena	галенита
Galleass	галеаса
Gambler	азартного игрока
Game Theory	«Теория игр»
Gancanagh	«Ганканах»
Gaol	тюремной камеры
Gaol Partition	тюремной перегородки
Garden Relics	«Реликвии сада»
Garden Ruins	«Руины сада»
Garden Sunflower	садового подсолнуха
Garden Tool	для садовых инструментов
Gargantua	гаргантюа
Garlean	Гарлемальда
Garlean Steel	из гарлемальдской стали
Garlemald	Гарлемальда
Garlemald Express	«Гарлемальдский экспресс»
Garlic Jester	чесночного шута
Garment	для одежды
Garuda	«Гаруда»
Garuda's	Гаруды
Gastornis	гасторниса
Gate of Nald	«Врата Налда»
Gates of Paradise - The Garden of Ru'Hmet	«Врата рая — Сад Ру'Хмет»
Gates of the Moon	«Лунные врата»
Gateway to Paradise	«Врата в рай»
Gazelle Horn	из рога газели
Genbu	«Гэмбу»
Generous Gift	щедрого подарка
Genie	джинна
Genie of the Lamp	«Джинн из лампы»
Genji Armor	с доспехами Гэндзи
Genji Kabuto	с кабуто Гэндзи
Genji Kote	с котэ Гэндзи
Genji Sune-ate	с сунэ-атэ Гэндзи
Genji Tsutsu-hakama	с цуцу-хакама Гэндзи
Geomancer's	геоманта
Geras	Гераса
Gerolt	«Герольт»
Geryon the Steer	«Бык Герион»
Ghost	призрака
Giant Leaf	в виде гигантского листа
Giantsgall Grounds	«Земли Желчи великана»
Gibrillont	«Жибрийон»
Gigantender	«Гигантендер»
Gigantoad	гигантожабы
Gigi	«Джиджи»
Gilded Armor	позолоченных доспехов
Gilded Mikoshi	позолоченного микоси
Gilgamesh & Enkidu	«Гильгамеш и Энкиду»
Ginger	с имбирём
Gingerbread Cottage	пряничного коттеджа
Gingerbread House	пряничного дома
Gingerbread Mansion	пряничного особняка
Give It All	«Отдай всё»
Give It All (Darkest Before Dawn)	«Отдай всё» (Темнее всего перед рассветом)
Give It All (Orchestral Version)	«Отдай всё» (оркестровая версия)
Giving Chase (Zodiac Age Version)	«В погоню» (Эпоха Зодиака)
Glacier	ледника
Glade Classical	классического лесного образца
Glade Lancet	стрельчатой формы, в лесном стиле
Glade Partition	перегородки в лесном стиле
Glade Rounded	округлой формы, в лесном стиле
Glade Thatch	с соломой, в лесном стиле
Glade Wall	настенного образца, в лесном стиле
Gladiator of Sil'dih	«Гладиатор Силь'ди»
Gladiator's	гладиатора
Glazenut	стеклянного ореха
Gnat	мошки
Gnoll	«Гнолл»
Goathorn	из козьего рога
Gobbie	гоблина
Goblet	Кубка
Gobwalker	гобхода
Godbert Manderville	«Годберт Мандервилль»
Goddess	богини
Gogo's Theme	«Тема Гого»
Gogo, Master of Mimicry	«Гого, мастер подражания»
Golbez	«Голбез»
Gold Chocobo	золотого чокобо
Gold Connector	золотого соединителя
Gold Core	золотого сердечника
Gold Court	«Золотой двор»
Gold Leaf	с сусальным золотом
Gold Motor	золотого мотора
Gold Saucer	Золотого Блюдца
Gold Saucer Aetheryte	на эфирит Золотого Блюдца
Gold Saucer Attendant	«Служащий Золотого Блюдца»
Gold Saucer Consolation Prize	утешительного приза Золотого Блюдца
Gold-haloed	с золотым ореолом
Gold-tinged	с золотым оттенком
Gold-trimmed	с золотой отделкой
Goldemar's	Гольдемара
Golden	золотистого цвета
Golden Bazaar	«Золотой базар»
Golden Dawn	«Золотой рассвет»
Golden Pineapple	золотого ананаса
Golden Spice	золотой пряности
Golden Wolf	золотого волка
Goldor	«Голдор»
Good King Moggle Mog XII	«Добрый король Моггл Мог XII»
Good King Moggle Mog XII (Pulse 2)	«Добрый король Моггл Мог XII» (Пульс 2)
Gorai the Uncaged	«Горай на свободе»
Gorgagne Mills	«Мельницы Горгань»
Gosetsu	«Госэцу»
Gougan	Гоугана
Grade 1	1-го сорта
Grade 2	2-го сорта
Grade 2 Artisanal Skybuilders' Gobbie	гоблина, для искусных небесных строителей, сорт 2
Grade 2 Expert Skybuilders' Practice	для сложной практики небесных строителей, сорт 2
Grade 3	3-го сорта
Graffiti	с граффити
Grandma (Destruction)	«Бабушка» (Разрушение)
Grani	Грани
Granny Nickel	старушечьего никеля
Gration	«Гратион»
Grave	могилы
Gravity	гравитации
Gravity Generator Expansion	расширения гравитационного генератора
Great Azuro	«Великий Азуро»
Great Gold Whisker	«Великий Золотой Ус»
Great Gubal	Великого Губала
Great Gubal Library	«Великая библиотека Губала»
Great Work	«Великое делание»
Greatest Endsvale	«Величайшая долина конца»
Greatwood	Великого леса
Green Arum	из зелёного аронника
Green Bombard	зелёной бомбарды
Green Brightlily	из зелёной ярколилии
Green Byregotia	из зелёной биреготии
Green Campanula	из зелёного колокольчика
Green Carnation	из зелёной гвоздики
Green Cattleya	из зелёной каттлеи
Green Champa	из зелёной чампы
Green Cherry Blossom	из зелёного цветка вишни
Green Chrysanthemum	из зелёной хризантемы
Green Cornflower	из зелёного василька
Green Cosmos	из зелёной космеи
Green Dahlia	из зелёного георгина
Green Daisy	из зелёной маргаритки
Green Glider	зелёной летяги
Green Hyacinth	из зелёного гиацинта
Green Hydrangea	из зелёной гортензии
Green Lily of the Valley	из зелёного ландыша
Green Lupin	из зелёного люпина
Green Megalocrab	зелёного мегалокраба
Green Morning Glory	из зелёной ипомеи
Green Moth Orchid	из зелёной орхидеи-фаленопсиса
Green Paperflower	из зелёной бугенвиллеи
Green Spiral Lupine	зелёного спирального люпина
Green Sunflower	из зелёного подсолнуха
Green Sweet Pea	из зелёного душистого горошка
Green Tea	зелёного чая
Green Tea Flower	из зелёного цветка чая
Green Triteleia	из зелёной трителеи
Green Tulip	из зелёного тюльпана
Green Viola	из зелёной фиалки
Greengrocer's	зеленщика
Grenade	гранаты
Grenoldt	«Гренольдт»
Grey Fleet	«Серый флот»
Grey Hound Armor	с доспехами серой гончей
Grimoire	гримуара
Grisly Bear	жуткого медведя
Grizzly Bear	медведя гризли
Grooming	для ухода за внешностью
Grooming Kit	набора для ухода за внешностью
Ground Sloth	наземного ленивца
Grounded	«На земле»
Grynewaht	«Гриневат»
Guardian	стража
Guardian Arkveld's Windward Plains	Наветренных равнин стража Арквельда
Guardian Tree	«Дерево-хранитель»
Guidance Node	«Направляющий узел»
Guildleve	гильдейских поручений
Gulg	Гулга
Gullfaxi	Гуллфакси
Gullperch Tower	«Башня Чайки»
Gulool Ja Ja	«Гулул Джа Джа»
Gunbreaker	ганбрейкера
Gunro Armor	с доспехами Гунро
Gustaberg	«Густаберг»
Gyr Abanian Remedy	гир-абанийского лекарства
Gyr Abanian Souvenir	гир-абанийского сувенира
Gyr Kehim	«Гир Кехим»
Gyrodrive	гиропривода
Gysahl	гизаля
Gysahl Greens	зелени гизаля
Gyuki	гюки
Habitat Leather	из кожи, для жилого модуля
Habitat Recycled	из вторсырья, для жилого модуля
Hagoromo	для хагоромо
Hailstorm Attire of Casting	с одеяниями Града для заклинаний
Hailstorm Attire of Healing	с одеяниями Града для исцеления
Hairpin	для шпильки
Half-timbered Cottage	фахверкового коттеджа
Half-timbered House	фахверкового дома
Half-timbered Mansion	фахверкового особняка
Halicarnassus	Галикарнаса
Hall of the Fallen Plume	«Зал павшего пера»
Hallowed Halls	«Священные залы»
Halo	«Ореол»
Halone	«Халоне»
Halone Gerbera	герберы Халоне
Hamlet Cutter's	деревенского дровосека
Hamlet Digger's	деревенского землекопа
Hamlet Puller's	деревенского рыболова
Hammerhead	молотоголова
Hammerhead Crocodile	молотоголового крокодила
Han Lemon	лимона Хана
Hancock	«Хэнкок»
Hand Warmer	грелки для рук
Handcrafted Cover	покрывала ручной работы
Handpicked Ingredient	ингредиента ручного отбора
Hanging Planter	для подвесных цветочных ящиков
Hannish Radiance	«Сияние Хана»
Hannish Silk	для ханского шёлка
Hannish Wonders	«Чудеса Хана»
Hanya	ханъя
Happi	куртки хаппи
Happily Ever After	«Долго и счастливо»
Happy Bunny	«Счастливый кролик»
Hara-ate	для хара-атэ
Harbor	гавани
Hard	повышенной жёсткости
Hard Place Furnishing	для мебели «Крепкого орешка»
Hard to Miss	«Трудно не заметить»
Hardy-Daytona	«Харди-Дайтона»
Harmony	«Гармония»
Harpoon	гарпуна
Hart	оленя
Hat	для шляп
Hatamoto	«Хатамото»
Hatching-tide	Праздника вылупления
Hatching-tide MMXVI	Праздника вылупления, 2016 год
Hatching-tide MMXVIII	Праздника вылупления, 2018 год
Hatching-tide MMXXII	Праздника вылупления, 2022 год
Hatching-tide MMXXV	Праздника вылупления, 2025 год
Haukke Manor	«Поместье Хаукке»
Haurchefant	«Оршафан»
Hawk's Eye	соколиного глаза
He Rises Above	«Он возвышается над всеми»
He Who Continues the Attack	«Тот, кто продолжает атаку»
Head Engineer's	главного инженера
Heart	в форме сердца
Heartfelt Gift	подарка от всего сердца
Hearthward	«К родному очагу»
Heartless	«Бессердечный»
Hearts Tread and Trampled	«Растоптанные сердца»
Heat Vent	теплоотвода
Heat-resistant	термостойкого образца
Heat-resistant Alloy	из термостойкого сплава
Heat-resistant Drone	термостойкого дрона
Heat-resistant Inner Cladding	термостойкой внутренней обшивки
Heat-resistant Metal	из термостойкого металла
Heat-resistant Survey Bag	термостойкой исследовательской сумки
Heaven-on-High	«Небеса в вышине»
Heavens	небес
Heavens' Heresy	«Небесная ересь»
Heavens' Orthodoxy	«Небесное правоверие»
Heavens' Ward Helm	шлема Небесной стражи
Heavensturn Crane	с журавлём Небесного поворота
Heavensturn of the Ox MMXXI	Небесного поворота, год Быка 2021
Heavensturn of the Tiger	Небесного поворота, год Тигра
Heavensward	«К небесам»
Heavensward Thancred	«Танкред — К небесам»
Heavensward Y'shtola	«Я'штола — К небесам»
Heavy Machinery	тяжёлой техники
Hedge	из живой изгороди
Hedgemole	из ежекрота
Heimdall's Last Sight	«Последний взгляд Хеймдалля»
Helix	«Геликс»
Hellfire Armor of Fending	с доспехами Адского пламени для защиты
Hellfire Armor of Striking	с доспехами Адского пламени для ударов
Helm	штурвала
Hemicyon	гемициона
Hemlock	«Болиголов»
Hengr Dhalmel	далмела Хенгра
Hengr's Crucible	«Горнило Хенгра»
Hephaistos	«Гефест»
Heritage Found	Обретённого наследия
Hermes	«Гермес»
Hermes'	Гермеса
Hermit	отшельника
Hermit's	отшельника
Hermit's Hovel	«Лачуга отшельника»
Heroes	«Герои»
Heroes (Orchestral Version)	«Герои» (оркестровая версия)
Heroes (Piano Collections)	«Герои» (Фортепианные сборники)
Heroic Spirit	героического духа
Heron's	цапли
Herring	с сельдью
Herringbone	с рисунком «ёлочка»
Hexapuff	шестипуха
Hey, Cid!	«Эй, Сид!»
Hhusatahwi	«Ххусатави»
Hic Svnt Leones	«Здесь водятся львы»
Hic Svnt Leones (Beyond the Shadow)	«Здесь водятся львы» (За тенью)
Hidden Falls	«Скрытый водопад»
Hidden Gorge	«Скрытое ущелье»
Hidden Tear	«Скрытая слеза»
Hidden Truths	«Скрытые истины»
Hidden Tunnel	«Скрытый туннель»
Hien	«Хиен»
High Adjudicator's	верховного судьи
High Mobility Vacuum Suit	высокомобильного вакуумного скафандра
High Tea	для плотного чаепития
High Tide Harbor	«Гавань высокого прилива»
High-durability Tank	сверхпрочного бака
High-grade Specialist	высокого качества, для специалиста
Highbridge	«Высокий мост»
Highland Classical	классического горного образца
Highland Composite	составного горного образца
Highland Partition	перегородки в горном стиле
Highland Wooden	из дерева, в горном стиле
Hilda	«Хильда»
Hildibrand & Nashu Mhakaracca	«Хильдибранд и Нашу Мхакаракка»
Hingan Cleaning	для уборки в хингасийском стиле
Hingan Ritual	для хингасийского ритуала
Hingan Ritual Paraphernalia	принадлежностей для хингасийского ритуала
Hingan Wall	настенного хингасийского образца
Hippo Cart	повозки бегемотов
Hippo Ridin'	«Верхом на бегемоте»
Hiruko	«Хируко»
His Royal Headness on Parade	Его Головастого Величества на параде
Hissing Cobbles	«Шипящая мостовая»
Hisui & Kurenai	«Хисуи и Курэнай»
Hoary Boulder & Coultenet	«Седой Валун и Культене»
Hobgoblin	«Хобгоблин»
Hog	свиньи
Hokonin	на хоконина
Holy Consult	«Священный совет»
Holy See of Ishgard	«Святой престол Ишгарда»
Home Beyond the Horizon	«Дом за горизонтом»
Home Exterior	наружной отделки дома
Home at Heart	«Дом в сердце»
Homestead	«Усадьба»
Honey B. Lovely	«Милашка Хани Би»
Honey Lemon	медового лимона
Honeybee Trappings	наряда медовой пчелы
Honeycomb	с сотовым узором
Honoroit	«Оноруа»
Hope Forgotten	«Забытая надежда»
Hopelessness	«Безнадёжность»
Hopl's Dropple	«Капелька Хопла»
Hopping	с прыгающей повадкой
Hoptrap	прыголовки
Horizons Calling	«Зов горизонтов»
House Borel	дома Борель
House Fortemps	дома Фортан
House of Letters	«Дом писем»
House of Winds High	«Дом высоких ветров»
Household Cleansing	для домашней уборки
Housemaid's	горничной
Hovering Hot Pot	парящего горшка с едой
Howling Blade	«Воющий клинок»
Hrodric Poisontongue	«Хродрик Ядовитый Язык»
Huaca	«Уака»
Hub	центрального узла
Hub Bench	скамьи центрального узла
Hubris	«Гордыня»
Hull Interior	внутренней отделки корпуса
Hundred Throes	«Сто мук»
Hunger	«Голод»
Hunter's Lodge	охотничьего домика
Hunter's Monstrous	«Чудовищная охота»
Hunter's Wild	«Дикая охота»
Hunu'iliy	«Хуну'илий»
Hybodus	гибодуса
Hydaelyn	«Хайделин»
Hydra	гидры
Hydrangea	гортензии
Hyper Hustle	гиперсуеты
Hyper Rainbow Z	«Гиперрадуга Z»
Hyper-resilient Outer Cladding	сверхупругой внешней обшивки
Hyperboreia	Гипербореи
Hyperconductor	сверхпроводника
Hyposkhesphyra	Гипосхесфиры
Hythlodaeus	«Гитлодей»
I Am the Sea	«Я — море»
I Am the Sea (Piano Collections)	«Я — море» (Фортепианные сборники)
I Am the Sea (Pulse)	«Я — море» (Пульс)
Icarus	Икара
Ice Golem	ледяного голема
Ice Removal	для удаления льда
Ice Removal Tool	инструмента для удаления льда
Icelight	ледяного света
Icetrap	ледоловки
Idyll Industry	«Идиллия труда»
Idyll Wisdom	«Идиллия мудрости»
Idylls of the Empire	«Идиллии империи»
Ifrit	«Ифрит»
Iga Garb	с одеянием Ига
Ignus	Игнуса
Iguana	«Игуана»
Ihuykatumu	Иуйкатуму
Il Mheg	Ил Мега
Il Mheg Garden	сада Ил Мега
Illuminated	с подсветкой
Illuminati	Иллюминатов
Imagination	«Воображение»
Imagination (Piano Collections)	«Воображение» (Фортепианные сборники)
Immortal Flames Aetheryte	на эфирит Бессмертного Пламени
Immortal Remains	«Бессмертные останки»
Impact	«Удар»
Impact-resistant	с защитой от ударов
Imperial Hypersonic Assault Craft L-XXIII	«Имперский гиперзвуковой штурмовик L-XXIII»
Imperial Will	«Имперская воля»
Imperium	«Власть империи»
In Dawn's Embrace	«В объятиях рассвета»
In Fulgur and Fire	«В молнии и пламени»
In the Arms of War	«В объятиях войны»
In the Balance	«На весах»
In the Balance (Amanda Achen Vocals)	«На весах» (вокал Аманды Эйкен)
In the Balance (Forge Ahead)	«На весах» (Вперёд)
In the Belly of the Beast	«В чреве зверя»
Incineration	испепеления
Incitatus	Инцитата
Inconceivably Delicate Hatchet	невообразимо тонкого топорика
Inconceivably Delicate Pickaxe	невообразимо тонкой кирки
Indicolite	из индиголита
Indigo Mahogany	махагони цвета индиго
Indomitable	«Неукротимый»
Indulgence	«Потворство»
Indurate Alloy	из упрочнённого сплава
Infernal Archfiend	адского архидемона
Infinity	«Бесконечность»
Infrastructure Maintenance	для обслуживания инфраструктуры
Initiative Powersuit	силового костюма инициативы
Ink Long Dry	«Давно высохшие чернила»
Ink Long Dry (Piano Collections)	«Давно высохшие чернила» (Фортепианные сборники)
Innocence	Невинности
Inquisitor's	инквизитора
Insanity	«Безумие»
Insatiable	«Ненасытный»
Insatiable (Pulse 2)	«Ненасытный» (Пульс 2)
Insatiable (Scions & Sinners: Band)	«Ненасытный» (Наследники и грешники: группа)
Inspector's	инспектора
Inspirational Alchemist's	для вдохновляющего инструмента алхимика
Inspirational Armorer's	для вдохновляющего инструмента бронника
Inspirational Blacksmith's	для вдохновляющего инструмента кузнеца
Inspirational Botanist's	для вдохновляющего инструмента ботаника
Inspirational Carpenter's	для вдохновляющего инструмента плотника
Inspirational Culinarian's	для вдохновляющего инструмента кулинара
Inspirational Fisher's	для вдохновляющего инструмента рыбака
Inspirational Goldsmith's	для вдохновляющего инструмента ювелира
Inspirational Leatherworker's	для вдохновляющего инструмента кожевника
Inspirational Miner's	для вдохновляющего инструмента горняка
Inspirational Weaver's	для вдохновляющего инструмента ткача
Instrument Panel	приборной панели
Insulating Metal	из изолирующего металла
Interior Hub Light	внутреннего освещения центрального узла
Interstellar Dhalmel	межзвёздного далмела
Interstellar Leafkin	межзвёздного лиственника
Into the Adder's Den	«В змеиное гнездо»
Into the Fortress (Zodiac Age Version)	«В крепость» (Эпоха Зодиака)
Intricate Censer	затейливой кадильницы
Intricate Toolbox	сложного ящика инструментов
Investigation	расследования
Invincible	«Непобедимый»
Invincible (Scions & Sinners: Piano)	«Непобедимый» (Наследники и грешники: фортепиано)
Invincible II	«Непобедимый II»
Invincible II-type	типа «Непобедимый II»
Invincible-type	типа «Непобедимый»
Invisible	с невидимым обликом
Invisible City	«Невидимый город»
Ipe	ипе
Iq Br'aax	«Ик Браакс»
Iq Rrax	Ик Рраха
Iq Rrax Tsoly	«Ик Ррах Цоли»
Iroha	«Ироха»
Iroko	ироко
Iron Giant	железного великана
Iron-trimmed	с железной отделкой
Ironquartz	железного кварца
Isari	«Исари»
Ishgardian Cuisine Miscellany	сборника ишгардских блюд
Ishgardian Culinary	для ишгардской кухни
Ishgardian Steel	из ишгардской стали
Island Adenium	островного адениума
Island Alligator	островного аллигатора
Island Beet	островной свёклы
Island Broccoli	островной брокколи
Island Buffalo	островного буйвола
Island Buffalo Bean	островных буйволиных бобов
Island Cabbage	островной капусты
Island Corn	островной кукурузы
Island Days	«Островные дни»
Island Durium	из островного дюрия
Island Eggplant	островного баклажана
Island Hawk's Eye	островного соколиного глаза
Island Leaf	из островных листьев
Island Memories	«Островные воспоминания»
Island Palm	островной пальмы
Island Paprika	островной паприки
Island Paradise	«Островной рай»
Island Parsnip	островного пастернака
Island Peerifool	островного придворного шута
Island Pumpkin	островной тыквы
Island Radish	островного редиса
Island Runner Bean	островной вьющейся фасоли
Island Spruce	островной ели
Island Tomato	островного помидора
Island Vacation	«Островной отпуск»
Island Watermelon	островного арбуза
Island Wheat	островной пшеницы
Island Wolf	островного волка
Island Zucchini	островного цукини
Isle Farmhand's	островного батрака
Isle Pioneer's	первопроходца острова
Isle of Zekki	«Остров Зэкки»
Isleberry	островной ягоды
Islekeep's Stone	хранителя острова, из камня
Isles of Umbra	«Острова Умбры»
Isleworks Coral	из коралла, островной мастерской
Isolator	изолятора
It's Showtime!	«Время представления!»
Ivy	с плющом
Ixal	иксалов
Ixali	иксалов
Ixali Logging Grounds	«Лесозаготовки иксалов»
Ja Ja Gural	Джа Джа Гурала
Ja Tiika	Джа Тиики
Ja Tiika Heartland	«Сердце Джа Тиики»
Jackal	шакала
Jacket	для куртки
Jandelaine's	Жанделена
Jarl's	ярла
Jellyfish	в виде медузы
Jeuno (Starlight Celebration)	«Джуно» (Праздник Звёздного света)
Jewel	«Драгоценность»
Jewel of the Desert	«Жемчужина пустыни»
Jeweled Boughs	«Драгоценные ветви»
Jeweler's	ювелира
Jibanyan Couch	дивана Дзибанян
Jijiroon's Trading Post	«Торговый пост Дзидзируна»
Jin Dahaad's Iceshard Cliffs	Ледяных утёсов Дзин Дахаада
Jongleurs of Eulmore	«Жонглёры Юлмора»
Journal	для дневника
Journal Stationery	письменных принадлежностей для дневника
Journey's End	«Конец пути»
Journeyman Salvager	на странствующего сборщика утиля
Juedi	Цзюэди
Juice	сока
Juice Fermenting	для ферментации сока
Jullus pyr Norbanus	«Юллус пир Норбанус»
Julyan Manderville	«Джулиан Мандервилль»
Junior Machinist's Armor	с доспехами начинающего механика
Junkmonger	на торговца разным
Jute	джута
Juturna Platform G	«Платформа Ютурна G»
Kabuto	кабуто
Kadjaya's Footsteps	«Следы Каджаи»
Kainé (Final Fantasy Main Theme Version)	«Кайнэ» (версия главной темы Final Fantasy)
Kaiser	кайзера
Kal Myhk	«Кал Мик»
Kaleidoscope	«Калейдоскоп»
Kam'lanaut	«Кам'ланаут»
Kan-E-Senna	«Кан-Э-Сенна»
Karakul	каракульской овцы
Karakuri Hanya	«Каракури-ханъя»
Karlabos	Карлабоса
Keeper of the Keys	«Хранитель ключей»
Keeper of the Lake	«Хранитель озера»
Keepers of the Lock	«Хранители замка»
Kettle	в виде чайника
Ketuduke	«Кэтудукэ»
Keybound	с ключевым замком
Keybound Brawler	«Боец с ключевым замком»
Khaal	Хаала
Kholusia	Холузии
Kholusian Cuisine	для холузийской кухни
Kimono	для кимоно
Kindling	растопки
King	короля
King Elmer III	«Король Элмер III»
King Slime	короля слаймов
Kingcraft	королевского ремесла
Kingdom of Baron (Endwalker)	«Королевство Барон» (Странник конца)
Kingly Peacock	королевского павлина
Kiss of Chaos	«Поцелуй хаоса»
Kissing	с целующейся повадкой
Kiting Poulp	парящего пульпа
Knight Captain's	рыцаря-капитана
Knowledge Never Sleeps	«Знание никогда не спит»
Kobold	кобольдов
Koga Garb	с одеянием Кога
Kogane Alleyways	«Переулки Коганэ»
Kogane Dori	«Коганэ Дори»
Koja	«Коджа»
Kojin	кодзинов
Kojin Junkmonger	на торговца разным из кодзинов
Kojin Manservant	на слугу из кодзинов
Kojin Material Supplier	на поставщика материалов из кодзинов
Kojin Mender	на ремонтника из кодзинов
Komainu	комаину
Kongamato	конгамато
Kornago	Корнаго
Koro Armor	с доспехами Коро
Korpokkur	корпоккура
Korpokkur Kolossus	корпоккура-колосса
Korrigan Doll	куклы корригана
Kote	для котэ
Kotokaze	«Котокадзэ»
Kozama'uka	Козама'уки
Kozanuakiy	«Козануакий»
Kraken	«Кракен»
Krakka	кракки
Krakka Root	корнеплода кракки
Krile	«Криль»
Krill	с крилем
Ktisis Hyperboreia	«Ктисис Гиперборея»
Kugane	Куганэ
Kugane Commerce	«Торговля Куганэ»
Kugane Leisure	«Досуг Куганэ»
Kugane Ofunakura	«Куганэ Офунакуры»
Kukuru Pulp	из мякоти кукуру
Kum Kum	Кум Кума
Kumbhira	кумбхиры
Kunafa, Windsong Village - Plenty (Day)	«Кунафа, деревня Песни Ветра — Изобилие» (день)
Kuribu	«Курибу»
Kydonia Knolls	«Холмы Кидонии»
La Noscean	Ла Носкеа
La Noscean Leek	ла-носкейского порея
La Noscean Lettuce	ла-носкейского латука
La Noscean Orange	ла-носкейского апельсина
La Thagran Eastroad	«Восточная дорога Ла Тагран»
Labyrinthos	Лабиринтоса
Lady's	дамы
Lahabrea	«Лахабрея»
Lake Toari	«Озеро Тоари»
Lakshmi	Лакшми
Lala	«Лала»
Lamp	лампы
Lamplight	лампового света
Lancer's	копейщика
Lancers' Guild	«Гильдия копейщиков»
Land Diving Gear	для снаряжения сухопутного ныряльщика
Land of Eikons	«Земля эйконов»
Landerwaffe	Ландерваффе
Landlord Colony	«Поселение землевладельцев»
Landlords	«Землевладельцы»
Landscaping	«Обустройство земли»
Landslide	«Оползень»
Landtrap	из землеловки
Laniaitte de Haillenarte	«Ланиетта де Айенарт»
Lapdog Collar	ошейника комнатной собачки
Lapis Manalis	Лапис Маналис
Larboard Hull	левой части корпуса
Larboard Wing	левого крыла
Larboard Wing Control	управления левым крылом
Large Arms Supplier's	большой оружейной лавки
Large Cafe	большого кафе
Large Eatery	большой закусочной
Large Florist's	большой цветочной лавки
Large Forge's	большой кузницы
Large Gagana	крупной гаганы
Large Merchant's	большого торгового дома
Large Outfitter's	большой лавки снаряжения
Large Shirogane Castle	большого замка Сироганэ
Large Smithy	большой кузнечной мастерской
Large Toolbox	большого ящика инструментов
Lattice	с решёткой
Lauded	«Прославленный»
Launch Party Culinary	для приготовления угощений к празднику запуска
Launch Party Culinary Supply	принадлежностей для угощений к празднику запуска
Laundry	для белья
Laurel Goobbue	лаврового гоббу
Lava	лавы
Lava Scorpion	«Лавовый скорпион»
Lavender Beds	Лавандовых гряд
Leannan Sith	«Леанан-ши»
Learners' Meet	«Собрание учеников»
Leatherworkers' Guild	«Гильдия кожевников»
Legacy Chocobo	чокобо наследия
Legendary Blizzaria	легендарной Близзарии
Legendary Damona	легендарной Дамоны
Legendary Hovernyan	легендарного Ховерняна
Legendary Jibanyan	легендарного Дзибаняна
Legendary Komajiro	легендарного Комадзиро
Legendary Komasan	легендарного Комасана
Legendary Kyubi	легендарного Кюби
Legendary Lord Ananta	легендарного лорда Ананты
Legendary Lord Enma	легендарного лорда Энмы
Legendary Manjimutt	легендарного Манджиматта
Legendary Noko	легендарного Ноко
Legendary Robonyan F-type	легендарного Робоняна типа F
Legendary Shogunyan	легендарного Сёгуняна
Legendary USApyon	легендарного Юсапёна
Legendary Venoct	легендарного Венокта
Legendary Whisper	легендарного Уиспера
Legendary Zazel	легендарного Зазела
Legionary	легионера
Leisurewear	для отдыха
Leopardfang Tea	чая «Клык леопарда»
Lesser Apollyon	малого аполлиона
Let the Battles Begin!	«Пусть начнутся битвы!»
Lethe	Леты
Level 1 Aetherial Wheel	для эфирного колеса 1-го уровня
Level 18	18-го уровня
Level 2 Aetherial Wheel	для эфирного колеса 2-го уровня
Level 21	21-го уровня
Level 24	24-го уровня
Level 28	28-го уровня
Level 3 Aetherial Wheel	для эфирного колеса 3-го уровня
Level 34	34-го уровня
Level 36	36-го уровня
Level 4 Aetherial Wheel	для эфирного колеса 4-го уровня
Level 40	40-го уровня
Level 45	45-го уровня
Level 49	49-го уровня
Level 5 Aetherial Wheel	для эфирного колеса 5-го уровня
Level 50	50-го уровня
Level 6 Aetherial Wheel	для эфирного колеса 6-го уровня
Level Checker	измерителя уровня
Leviathan	«Левиафан»
Levin	молнии
Levinlight	грозового света
Liberty or Death	«Свобода или смерть»
Life Bound by Honor	«Жизнь, связанная честью»
Life and Death (Zodiac Age Version)	«Жизнь и смерть» (Эпоха Зодиака)
Light	света
Lighting	для освещения
Lighting Repair	для ремонта освещения
Lightweight	облегчённого образца
Like a Summer Rain	«Словно летний дождь»
Lilith	Лилит
Lily	в виде лилии
Lily Hills	Лилейных холмов
Limited Edition Rising	Возрождения, ограниченный выпуск
Limitless Blue	«Безграничная синева»
Lindwurm	линдвурма
Lipflaps on Longstops	«Болтовня на долгих остановках»
Liquid Flame	«Жидкое пламя»
Little Ladies' Day	Дня маленьких дам
Little Ladies' Day MMXVI	Дня маленьких дам, 2016 год
Little Ladies' Day MMXVIII	Дня маленьких дам, 2018 год
Little Ladies' Day MMXXI	Дня маленьких дам, 2021 год
Little Ladies' Day MMXXV	Дня маленьких дам, 2025 год
Little Lady's	маленькой дамы
Little Lord's	маленького лорда
Little Solace	«Малое утешение»
Livia sas Junius	«Ливия сас Юний»
Living Memory	Живой памяти
Living Sepulchre	для живой усыпальницы
Lizbeth	«Лизбет»
Llymlaen	«Ллимлен»
Llymlaen's	Ллимлен
Loaghtan	лохтана
Lochs	Озёр
Locus	«Место»
Locus (The Primals)	«Место» (The Primals)
Log Partition	бревенчатой перегородки
Logistics Node	узла снабжения
Logistics System	системы снабжения
Lolorito Nanarito	«Лолорито Нанарито»
Lone Faehound	одинокой гончей фей
Lone Hellhound	одинокой адской гончей
Lone Swordmaster	«Одинокий мастер меча»
Lonely Giant	«Одинокий великан»
Longarm's	длиннорукого
Looming Tonberry	с нависающим тонберри
Looping in the Deepest Fringes	«Кружа в дальних окраинах»
Loporrit Junkmonger	на торговца разным из лопорритов
Loporrit Material Supplier	на поставщика материалов из лопорритов
Loporrit Mender	на ремонтника из лопорритов
Loporrit Servingway	на лопоррита-слугу
Loporrit's Gathering Tool	собирательского инструмента лопоррита
Loquat	из мушмулы
Loquloqui	«Локулоки»
Lord and Lady Chai	«Лорд и леди Чай»
Lord of Levin	повелителя молний
Lorikeet	лорикета
Lost	утраченной силы
Lost Lamb	«Потерянный ягнёнок»
Lost Landlord	«Заблудший землевладелец»
Lost in the Clouds	«Затерянные в облаках»
Lost in the Deep	«Затерянные в глубине»
Loth ast Gnath	«Лот аст Гнат»
Loth ast Vath	«Лот аст Ват»
Louhi	«Лоухи»
Louisoix Leveilleur	«Луизуа Левейёр»
Lover's	влюблённого
Lovers'	влюблённых
Low-profile Custom Option	неброской индивидуальной детали
Lower La Noscea	Нижней Ла Носкеа
Lowland Grape	низинного винограда
Lowrider T1RANT	лоурайдера «ТИРАН»
Loyal Housemaid's	преданной горничной
Loyalist's	лоялиста
Lucia goe Junius	«Люсия гоэ Юний»
Lugus	«Лугус»
Luminol	люминола
Luminous	со свечением
Lumythrite	люмитрита
Lunar Adamantite	лунного адамантита
Lunar Alloy	из лунного сплава
Lunar Bahamut	«Лунный Бахамут»
Lunar Durium	лунного дюрия
Lunar Earth	лунной земли
Lunar Envoy's Accessories of Aiming	с аксессуарами лунного посланника для прицеливания
Lunar Envoy's Accessories of Casting	с аксессуарами лунного посланника для заклинаний
Lunar Envoy's Accessories of Fending	с аксессуарами лунного посланника для защиты
Lunar Envoy's Accessories of Healing	с аксессуарами лунного посланника для исцеления
Lunar Envoy's Accessories of Slaying	с аксессуарами лунного посланника для уничтожения
Lunar Envoy's Gear of Aiming	со снаряжением лунного посланника для прицеливания
Lunar Envoy's Gear of Casting	со снаряжением лунного посланника для заклинаний
Lunar Envoy's Gear of Fending	со снаряжением лунного посланника для защиты
Lunar Envoy's Gear of Healing	со снаряжением лунного посланника для исцеления
Lunar Envoy's Gear of Maiming	со снаряжением лунного посланника для увечья
Lunar Envoy's Gear of Scouting	со снаряжением лунного посланника для разведки
Lunar Envoy's Gear of Striking	со снаряжением лунного посланника для ударов
Lunar Gold	лунного золота
Lunar Hardsilver	лунного твёрдого серебра
Lunar Ifrit	«Лунный Ифрит»
Lunar Whale	лунного кита
Lunar Yellow	лунного происхождения, жёлтого цвета
Lunaris	Лунариса
Luncheon	для обеда
Luncheon Coffer	обеденного сундучка
Luncheon Toad	обеденной жабы
Lupin	люпина
Lute Modification	для переделки лютни
Lute Repair	для ремонта лютни
Lyna	«Лина»
Lynx of Abyssal Grief	рыси бездонной скорби
Lynx of Divine Light	рыси божественного света
Lynx of Eternal Darkness	рыси вечной тьмы
Lynx of Fallen Shadow	рыси павшей тени
Lynx of Imperious Wind	рыси властного ветра
Lynx of Righteous Fire	рыси праведного огня
Lyse	«Лиз»
Lyse's Leadership	предводительницы Лиз
M Tribe Sundry	предмета обихода племени М
M tribe Sundry	предмета обихода племени М
M'naago	«М'нааго»
MGS	Золотого Блюдца Мандервилля
MMXIII All Saints' Wake	Пробуждения всех святых, 2013 год
Machinations	«Махинации»
Machining	для машинной обработки
Machinist's Armor	с доспехами механика
Mad Bird	безумной птицы
Mad Harlequin's	безумного арлекина
Maddening	безумия
Mado	Мадо
Maelstrom Aetheryte	на эфирит Водоворота
Maelstrom Command	«Командование Водоворота»
Maelstrom Materiel	снаряжения Водоворота
Magazine Display	для демонстрации журналов
Magic	с волшебными свойствами
Magitaur	«Магитавр»
Magitek Avenger	магитекового мстителя
Magitek Avenger A1	магитекового мстителя A1
Magitek Avenger G1	магитекового мстителя G1
Magitek Colossus	«Магитековый колосс»
Magitek Conveyor	магитекового транспортёра
Magitek Death Claw	магитекового смертельного когтя
Magitek Gunship	«Магитековый штурмовик»
Magitek Hyperconveyor	магитекового гипертранспортёра
Magitek Predator	магитекового хищника
Magitek Reaper	магитекового жнеца
Magitek Repair	для ремонта магитека
Magitek Scorpion	магитекового скорпиона
Magitek Sky Armor	магитековой небесной брони
Magitek Slasher	магитекового рассекателя
Magitek Vanguard	«Магитековый авангард»
Magna Roader	магна-роудера
Magnai	«Магнай»
Magnetic	с магнитными свойствами
Magnifying Drone	увеличивающего дрона
Magus Sisters	«Сёстры Магус»
Mahjong Mastery	«Мастерство маджонга»
Mahogany Partition	перегородки из махагони
Maiden	девы
Mailbreaker	«Кольчуголома»
Main Theme from FINAL FANTASY XI	«Главная тема Final Fantasy XI»
Make It Rain Campaign MMXXIV	кампании «Золотой дождь», 2024 год
Make It Rain Campaign MMXXV	кампании «Золотой дождь», 2025 год
Makeshift Toy Airship	самодельного игрушечного воздушного корабля
Malleable Still	ковкого перегонного аппарата
Malphas	«Мальфас»
Mameshiba	мамэсибы
Mammet	в виде маммета
Mammet-sized Cropworker's	для полевых работ мамметов
Mammet-sized Pastureworker's	для пастбищных работ мамметов
Mammet-sized Spelunking	для исследования пещер мамметами
Mammoth	«Мамонт»
Mamook Pear	мамукской груши
Mamool Ja	мамул джа
Mamool Ja Cover	покрывала мамул джа
Manacutter	манакаттера
Managarm	Манагарма
Mandervillian	Мандервилля
Mandragora Queen	королевы мандрагор
Mandragoras	мандрагор
Mandrake	мандрагоры
Manxome Molaa Ja Ja	«Грозный Мола Джа Джа»
Map Printing	для печати карт
Mapmaking	для картографии
Maraging Steel	из мартенситностареющей стали
Marauder's	мародёра
Marble	из мрамора
Mare Lamentorum	Моря Скорби
Marimo	с маримо
Markab	Маркаба
Marmot	сурка
Marsh Ligaka	«Болото Лигака»
Masonwork	из каменной кладки
Masquerade	«Маскарад»
Master Alchemist's	мастера-алхимика
Master Arcanist's	мастера-арканиста
Master Archer's	мастера-лучника
Master Armorer's	мастера-бронника
Master Blacksmith's	мастера-кузнеца
Master Botanist's	мастера-ботаника
Master Carpenter's	мастера-плотника
Master Conjurer's	мастера-элементалиста
Master Culinarian's	мастера-кулинара
Master Fisher's	мастера-рыбака
Master Gladiator's	мастера-гладиатора
Master Goldsmith's	мастера-ювелира
Master Lancer's	мастера-копейщика
Master Leatherworker's	мастера-кожевника
Master Marauder's	мастера-мародёра
Master Mason's	мастера-каменщика
Master Mason's Tool	инструмента мастера-каменщика
Master Miner's	мастера-горняка
Master Pugilist's	мастера-борца
Master Rogue's	мастера-разбойника
Master Thaumaturge's	мастера-оккультиста
Master Weaver's	мастера-ткача
Mastercraft	мастерского ремесла
Mastodon	мастодонта
Matanga	в виде матанги
Materia Melder	на мастера внедрения материи
Material Supplier	на поставщика материалов
Materiel	для снаряжения
Matoya	«Матойя»
Matoya's	Матойи
Matoya's Cave (Modulation)	«Пещера Матойи» (Модуляция)
Matron's	Матроны
Maulskull	«Молскалл»
Maxima Roader	максима-роудера
Meandering Mog	бродячего мога
Mechanic's	механика
Medical	медицинского назначения
Medical Supply	медицинского снабжения
Medium Arms Supplier's	средней оружейной лавки
Medium Cafe	среднего кафе
Medium Eatery	средней закусочной
Medium Florist's	средней цветочной лавки
Medium Forge's	средней кузницы
Medium Merchant's	среднего торгового дома
Medium Outfitter's	средней лавки снаряжения
Medium Shirogane Castle	среднего замка Сироганэ
Medium Smithy	средней кузнечной мастерской
Megalania	мегалании
Megaloambystoma	мегалоамбистомы
Megalotragus	мегалотрага
Megashiba	мэгасибы
Meghaduta	«Мегхадута»
Mehryde's Meyhane	«Мейхана Мехриды»
Mehwahhetsoan	«Мехвахетсоан»
Mehwapyarra	мехвапьярры
Mellow Mog	спокойного мога
Melon	из дыни
Memeroon	«Мемерун»
Memorabilia	для памятных сувениров
Memories	«Воспоминания»
Mempisang	мемписанга
Mended Imperial	имперского образца, починенная версия
Mender	на ремонтника
Menoetius	Менетия
Menphina	«Менфина»
Menphina's	Менфины
Merbau	мербау
Merchant's	торговца
Mercy	милосердия
Merlwyb Bloefhiswyn	«Мерлвиб Блофхисвин»
Mermaid	русалки
Merry Mog	весёлого мога
Meryall Agronomics	«Агрономический центр Мериалл»
Mesmerizing Miniature	завораживающей миниатюры
Meso Terminal	«Терминал Мезо»
Message Book	для книги сообщений
Metabaseos Thalassai	«Метабасеос Талассаи»
Metal - Brute Justice Mode	«Металл — Режим грубого правосудия»
Metal - Brute Justice Mode (The Primals)	«Металл — Режим грубого правосудия» (The Primals)
Meteion	«Метеион»
Meteor	«Метеор»
Meteor Survivor	пережившего падение метеора
Mhachi	Мхача
Mica	Мики
Mica the Magical Mu	волшебной Му Мики
Middle La Noscea	Средней Ла Носкеа
Midgardsormr	«Мидгардсормр»
Midge	мошки
Midland Basil	базилика срединных земель
Midland Cabbage	капусты срединных земель
Mikoshi	микоси
Mikoshi Frippery	украшений микоси
Milky	молочного цвета
Millioncorn	миллионной кукурузы
Mimett	миметта
Mimett Gourd	тыквы миметта
Mind Unclouded	«Ясный разум»
Minfilia	«Минфилия»
Miniature Drone	миниатюрного дрона
Minimalist Glade Partition	минималистичной перегородки в лесном стиле
Minimalist Highland Partition	минималистичной перегородки в горном стиле
Minimalist Hingan Partition	минималистичной хингасийской перегородки
Minimalist Oasis Partition	минималистичной перегородки в стиле оазиса
Minimalist Partition	минималистичной перегородки
Minimalist Poplar Partition	минималистичной тополиной перегородки
Minimalist Riviera Partition	минималистичной перегородки в стиле Ривьеры
Minishroom	в виде мини-гриба
Minotaur Malm	«Миля минотавра»
Minstrel's	менестреля
Miplu's Mate Garden	«Сад мате Миплу»
Miracle Works	«Чудесные творения»
Mirror Apple	зеркального яблока
Mirrorglass	зеркального стекла
Miser's Folly	«Безумство скупца»
Misplaced Mog	заблудившегося мога
Missing Pages	«Утерянные страницы»
Mist	Тумана
Mist Dragon	«Туманный дракон»
Mistbeard	«Туманобородый»
Miw Miisv	Миу Миисва
Mizutsune	Мидзуцунэ
Moai Statue	статуи моаи
Moblin	«Моблин»
Moblin Cover	покрывала моблинов
Model	модели
Model O	модели O
Moebius	«Мёбиус»
Moebius (Orchestral Version)	«Мёбиус» (оркестровая версия)
Mog House	«Дом мога»
Mog's	мога
Moghome	«Дом муглов»
Moglin	«Моглин»
Mogpon	с муглооружием
Mogstew Miscellany	сборника рецептов мог-рагу
Mok Oogl Island	«Остров Мок Угл»
Moko	моко
Moko the Restless	«Моко Неугомонный»
Mol	племени Мол
Mol Iloh	«Мол Илох»
Mol Paladin's	паладина племени Мол
Mol Tea Ceremony	для чайной церемонии племени Мол
Mol Tea Ceremony Paraphernalia	принадлежностей чайной церемонии племени Мол
Molech's	Молоха
Moment of Peace	«Мгновение покоя»
Momodi Modi	«Момоди Моди»
Monarch	монарха
Monk	монаха
Monoa	Моноа
Monowheel S1	моноколеса S1
Montiont	Монтьона
Moogle Mollifier	средства для умиротворения муглов
Moogle Statuette	статуэтки мугла
Moogle Tool	инструмента муглов
Moon	луны
Moon-hopper	лунохода
Moonbeam	лунного луча
Moonfire Faire	«Ярмарка Лунного огня»
Moonfire Faire MMXIV	Ярмарки Лунного огня, 2014 год
Moonfire Faire MMXVII	Ярмарки Лунного огня, 2017 год
Moonfire Faire MMXVIII	Ярмарки Лунного огня, 2018 год
Moonfire Faire MMXXV	Ярмарки Лунного огня, 2025 год
Moonfire Mask	с масками Лунного огня
Moonglory	лунной славы
Moonlit	в лунном свете
Moonshine	лунного сияния
Mor Dhona	Мор Доны
Morel	из сморчков
Morning Glory	ипомеи
Morrow's Magic	«Магия грядущего»
Morrow's Might	«Мощь грядущего»
Morrow's Might & Magic (Till Dawn My Tears Flow)	«Мощь и магия грядущего» (До рассвета льются мои слёзы)
Mortal Instants	«Смертные мгновения»
Mosshorn	мохорога
Mossling	«Мошонок»
Most Unworthy	«Самый недостойный»
Moth Orchid	орхидеи-фаленопсиса
Mother Miounne	«Матушка Мион»
Mother Porxie	«Мать поркси»
Mount	ездового животного
Mount Loazensasaya	«Гора Лоазенсасая»
Mount Rokkon	«Гора Роккон»
Mountain Garb	горного одеяния
Mountain Zu	горного зу
Mountaineering	для альпинизма
Mountaineering Paraphernalia	альпинистских принадлежностей
Mounted	с настенным креплением
Mourning	«Скорбь»
Mullondeis	Муллондейса
Multifaceted	многогранного образца
Mummer's	лицедея
Mushroom	гриба
Mushroom Medley	грибного ассорти
Musicking Station	музыкальной станции
Mutamix Bubblypots	«Мутамикс Булькающие Котлы»
Mute Swan	лебедя-шипуна
Mutton	из баранины
Muud Suud	мууд сууда
My Soul to Keep	«Сбереги мою душу»
Mycophos	микофоса
Myrrhine	миррины
Mystic Knight's	мистического рыцаря
Mythrite-barreled	с мифритовым стволом
Myths of the Realm	«Мифы королевства»
Orange Arum	из оранжевого аронника
Orange Brightlily	из оранжевой ярколилии
Orange Byregotia	из оранжевой биреготии
Orange Campanula	из оранжевого колокольчика
Orange Carnation	из оранжевой гвоздики
Orange Cattleya	из оранжевой каттлеи
Orange Champa	из оранжевой чампы
Orange Cherry Blossom	из оранжевого цветка вишни
Orange Chrysanthemum	из оранжевой хризантемы
Orange Cornflower	из оранжевого василька
Orange Cosmos	из оранжевой космеи
Orange Dahlia	из оранжевого георгина
Orange Daisy	из оранжевой маргаритки
Orange Hyacinth	из оранжевого гиацинта
Orange Hydrangea	из оранжевой гортензии
Orange Lily of the Valley	из оранжевого ландыша
Orange Lupin	из оранжевого люпина
Orange Morning Glory	из оранжевой ипомеи
Orange Moth Orchid	из оранжевой орхидеи-фаленопсиса
Orange Paperflower	из оранжевой бугенвиллеи
Orange Sunflower	из оранжевого подсолнуха
Orange Sweet Pea	из оранжевого душистого горошка
Orange Tea Flower	из оранжевого цветка чая
Orange Triteleia	из оранжевой трителеи
Orange Tulip	из оранжевого тюльпана
Orange Viola	из оранжевой фиалки
Pink Cherry Blossom	из розового цветка вишни
Purple Arum	из фиолетового аронника
Purple Brightlily	из фиолетовой ярколилии
Purple Byregotia	из фиолетовой биреготии
Purple Campanula	из фиолетового колокольчика
Purple Carnation	из фиолетовой гвоздики
Purple Cattleya	из фиолетовой каттлеи
Purple Champa	из фиолетовой чампы
Purple Cherry Blossom	из фиолетового цветка вишни
Purple Chrysanthemum	из фиолетовой хризантемы
Purple Cornflower	из фиолетового василька
Purple Cosmos	из фиолетовой космеи
Purple Dahlia	из фиолетового георгина
Purple Daisy	из фиолетовой маргаритки
Purple Hyacinth	из фиолетового гиацинта
Purple Hydrangea	из фиолетовой гортензии
Purple Lily of the Valley	из фиолетового ландыша
Purple Lupin	из фиолетового люпина
Purple Morning Glory	из фиолетовой ипомеи
Purple Moth Orchid	из фиолетовой орхидеи-фаленопсиса
Purple Paperflower	из фиолетовой бугенвиллеи
Purple Sunflower	из фиолетового подсолнуха
Purple Sweet Pea	из фиолетового душистого горошка
Purple Tea Flower	из фиолетового цветка чая
Purple Triteleia	из фиолетовой трителеи
Purple Tulip	из фиолетового тюльпана
Purple Viola	из фиолетовой фиалки
Rainbow Arum	из разноцветного аронника
Rainbow Brightlily	из разноцветной ярколилии
Rainbow Byregotia	из разноцветной биреготии
Rainbow Campanula	из разноцветного колокольчика
Rainbow Carnation	из разноцветной гвоздики
Rainbow Cattleya	из разноцветной каттлеи
Rainbow Champa	из разноцветной чампы
Rainbow Chrysanthemum	из разноцветной хризантемы
Rainbow Cornflower	из разноцветного василька
Rainbow Cosmos	из разноцветной космеи
Rainbow Dahlia	из разноцветного георгина
Rainbow Daisy	из разноцветной маргаритки
Rainbow Hyacinth	из разноцветного гиацинта
Rainbow Hydrangea	из разноцветной гортензии
Rainbow Lily of the Valley	из разноцветного ландыша
Rainbow Lupin	из разноцветного люпина
Rainbow Morning Glory	из разноцветной ипомеи
Rainbow Moth Orchid	из разноцветной орхидеи-фаленопсиса
Rainbow Paperflower	из разноцветной бугенвиллеи
Rainbow Sunflower	из разноцветного подсолнуха
Rainbow Sweet Pea	из разноцветного душистого горошка
Rainbow Tea Flower	из разноцветного цветка чая
Rainbow Triteleia	из разноцветной трителеи
Rainbow Tulip	из разноцветного тюльпана
Rainbow Viola	из разноцветной фиалки
Red Arum	из красного аронника
Red Brightlily	из красной ярколилии
Red Byregotia	из красной биреготии
Red Campanula	из красного колокольчика
Red Carnation	из красной гвоздики
Red Cattleya	из красной каттлеи
Red Champa	из красной чампы
Red Cherry Blossom	из красного цветка вишни
Red Chrysanthemum	из красной хризантемы
Red Cornflower	из красного василька
Red Cosmos	из красной космеи
Red Dahlia	из красного георгина
Red Daisy	из красной маргаритки
Red Hyacinth	из красного гиацинта
Red Hydrangea	из красной гортензии
Red Lily of the Valley	из красного ландыша
Red Lupin	из красного люпина
Red Morning Glory	из красной ипомеи
Red Moth Orchid	из красной орхидеи-фаленопсиса
Red Paperflower	из красной бугенвиллеи
Red Sunflower	из красного подсолнуха
Red Sweet Pea	из красного душистого горошка
Red Tea Flower	из красного цветка чая
Red Triteleia	из красной трителеи
Red Tulip	из красного тюльпана
Red Viola	из красной фиалки
White Arum	из белого аронника
White Brightlily	из белой ярколилии
White Byregotia	из белой биреготии
White Campanula	из белого колокольчика
White Carnation	из белой гвоздики
White Cattleya	из белой каттлеи
White Champa	из белой чампы
White Cherry Blossom	из белого цветка вишни
White Chrysanthemum	из белой хризантемы
White Cornflower	из белого василька
White Cosmos	из белой космеи
White Dahlia	из белого георгина
White Daisy	из белой маргаритки
White Hyacinth	из белого гиацинта
White Hydrangea	из белой гортензии
White Lily of the Valley	из белого ландыша
White Lupin	из белого люпина
White Morning Glory	из белой ипомеи
White Moth Orchid	из белой орхидеи-фаленопсиса
White Paperflower	из белой бугенвиллеи
White Sunflower	из белого подсолнуха
White Sweet Pea	из белого душистого горошка
White Tea Flower	из белого цветка чая
White Triteleia	из белой трителеи
White Tulip	из белого тюльпана
White Viola	из белой фиалки
Yellow Arum	из жёлтого аронника
Yellow Brightlily	из жёлтой ярколилии
Yellow Byregotia	из жёлтой биреготии
Yellow Campanula	из жёлтого колокольчика
Yellow Carnation	из жёлтой гвоздики
Yellow Cattleya	из жёлтой каттлеи
Yellow Champa	из жёлтой чампы
Yellow Cherry Blossom	из жёлтого цветка вишни
Yellow Chrysanthemum	из жёлтой хризантемы
Yellow Cornflower	из жёлтого василька
Yellow Cosmos	из жёлтой космеи
Yellow Dahlia	из жёлтого георгина
Yellow Daisy	из жёлтой маргаритки
Yellow Hyacinth	из жёлтого гиацинта
Yellow Hydrangea	из жёлтой гортензии
Yellow Lily of the Valley	из жёлтого ландыша
Yellow Lupin	из жёлтого люпина
Yellow Morning Glory	из жёлтой ипомеи
Yellow Moth Orchid	из жёлтой орхидеи-фаленопсиса
Yellow Paperflower	из жёлтой бугенвиллеи
Yellow Sunflower	из жёлтого подсолнуха
Yellow Sweet Pea	из жёлтого душистого горошка
Yellow Tea Flower	из жёлтого цветка чая
Yellow Triteleia	из жёлтой трителеи
Yellow Tulip	из жёлтого тюльпана
Yellow Viola	из жёлтой фиалки
eScape	«Побег»
eScape (Journeys Version)	«Побег» (Путешествия)
l'Cie	л'си
