3000-tonze Missile	Трёхтысячетонная ракета
A Flame Reborn	Возрождённое пламя
Abdomen Tear	Разрыв живота
Accession	Возвышение
Accessorize	Украсить аксессуарами
Acidic Bite	Кислотный укус
Aero II in Green	Зелёный ветер 2
Aero II of the Seventh Dawn	Ветер Седьмого рассвета 2
Aero in Green	Зелёный ветер
Aerogrinder	Воздушная дробильня
Aether Cannon	Эфирная пушка
Aether Mine	Эфирная мина
Aether Mortar	Эфирная мортира
Aethercut	Эфирный разрез
Aetherial Aegis	Эфирная эгида
Aetherial Gain	Эфирное усиление
Aetheric Siphon	Вытягивание эфира
Aetheromatic Auger	Эфироматический бур
Aetheromatic Clipper	Эфироматические ножницы
Aethersaber	Эфирная сабля
Aethershield	Эфирный щит
Aetherwell	Эфирный колодец
Air Combat Maneuver	Воздушный боевой манёвр
Ajisai	Гортензия
Akh Morn	Круг смерти
Ala Morn	Крыло смерти
Allagan Blizzard IV	Аллаганская метель 4
Angel Feathers	Ангельские перья
Angel's Whisper	Ангельский шёпот
Anti-gravity Gimbal	Антигравитационный подвес
Apothecary	Аптекарь
Aqua Vitae	Вода жизни
Arise	Полное воскрешение
Arm Punch	Удар рукой
Assassination	Устранение
Astral Flare	Астральная вспышка
Astral Impulse	Астральный импульс
Astral Stasis	Астральный стазис
Astrodrill	Астробур
Attractor Beam	Притягивающий луч
Auto Restoration	Автовосстановление
Backlash	Ответный удар
Bake: Off	Выпечка завершена
Banish	Изгнание
Banner of Firm Resolve	Знамя твёрдой решимости
Banner of Honed Acuity	Знамя обострённой проницательности
Banner of Honored Sacrifice	Знамя почётной жертвы
Banner of Noble Ends	Знамя благородных целей
Banner of Solemn Clarity	Знамя торжественной ясности
Banner of Tireless Conviction	Знамя неутомимой убеждённости
Barbarous Bite	Варварский укус
Bark	Лай
Battle Bell	Боевой колокол
Beak of the Luwatena	Клюв луватены
Beast Potion Kit	Набор звериных зелий
Beast Remedy Kit	Набор лекарств для зверей
Beastly Smokebomb	Звериная дымовая бомба
Bewilderment Bomb	Бомба замешательства
Big Burst	Большой взрыв
Big Shot	Большой выстрел
Big Sneeze	Большой чих
Birdlime	Птичий клей
Black Paint	Чёрная краска
Blade of Faith	Клинок веры
Blade of Honor	Клинок чести
Blade of Truth	Клинок истины
Bladeblitz	Шквал клинков
Bladedance	Танец клинков
Blast Arrow	Взрывная стрела
Blazing Spellblade	Пылающий зачарованный клинок
Blessed Horn	Благословенный рог
Blessed Rain	Благословенный дождь
Blessing	Благословение
Blink	Мерцание
Blood Rage	Кровавая ярость
Bloodied Maw	Окровавленная пасть
Blue Gulal	Синий праздничный порошок
Blue Paint	Синяя краска
Bosom Brook	Заветный ручей
Brand of Purgatory	Клеймо чистилища
Braver	Отважный удар
Bravery	Храбрость
Break	Сокрушение
Breath of the Earth	Дыхание земли
Brighten Way	Осветить путь
Bring It Pom	Помпонный вызов
Browbeat	Запугивание
Bubble	Пузырь
Buffet	Шквальный удар
Butterfly Motif	Мотив бабочки
Cannonfire	Пушечный огонь
Carefree Twirl	Беззаботное кружение
Carrot Gun	Морковная пушка
Catastrophe	Катастрофа
Celestial Revolution	Небесное вращение
Ceruleum Refill	Заправка церулеумом
Chainspell	Цепное заклинание
Chakra	Чакра
Challenge	Вызов
Chaos Drive	Привод хаоса
Chaotic Cyclone	Циклон хаоса
Cheer Jump	Радостный прыжок
Cheer Light: Blue	Огонёк поддержки: синий
Cheer Light: Yellow	Огонёк поддержки: жёлтый
Cheer On	Подбодрить
Cheer Rhythm: Red	Ритм поддержки: красный
Cheer Rhythm: Violet	Ритм поддержки: фиолетовый
Cheer Wave	Радостный взмах
Chimatsuri	Кровавое жертвоприношение
Chirpy Checker	Весёлая проверка
Chivalrous Spirit	Рыцарский дух
Chocobo Brush	Щётка для чокобо
Chromatic Fantasy	Хроматическая фантазия
Claw Motif	Мотив когтя
Claw of the Br'aax	Коготь бракса
Clawed Muse	Когтистая муза
Cleansing	Очищение
Cloudy Caress	Облачная ласка
Comet	Комета
Comeuppance	Заслуженная расплата
Could-be-worse Breath	Не самое дурное дыхание
Counter	Контратака
Counterstance	Стойка контратаки
Cracklyplume	Трескучее перо
Crimson Lotus	Багровый лотос
Crimson Savior	Багровый спаситель
Crimson Strike	Багровый удар
Cross Reaping	Перекрёстная жатва
Crowned Collider	Коронованное столкновение
Crucible Antidote	Противоядие горнила
Crucible Eye Drops	Глазные капли горнила
Crucible Feather	Перо горнила
Crucible Needle	Игла горнила
Crucible Stimulant	Стимулятор горнила
Crucible Tannin	Танин горнила
Crystal Ice	Кристальный лёд
Cure II of the Seventh Dawn	Исцеление Седьмого рассвета 2
Curtain Call	Выход на поклон
Dance	Танец
Dance of the Dawn	Танец рассвета
Dark Cannon	Тёмная пушка
Dark Force	Тёмная сила
Dawnlit Conviction	Убеждённость в свете рассвета
Dazzling Display	Ослепительное представление
Deadly Blow	Смертельный удар
Death	Смерть
Death Rattle	Предсмертный хрип
Deathfrog Medium	Призыв жабы смерти
Deep Essence of the Aetherweaver	Глубокая эссенция эфироткача
Deep Essence of the Beast	Глубокая эссенция зверя
Deep Essence of the Bloodsucker	Глубокая эссенция кровопийцы
Deep Essence of the Breathtaker	Глубокая эссенция похитителя дыхания
Deep Essence of the Guardian 	Глубокая эссенция стража
Deep Essence of the Irregular	Глубокая эссенция вольного бойца
Deep Essence of the Martialist	Глубокая эссенция мастера боя
Deep Essence of the Ordained	Глубокая эссенция посвящённого
Deep Essence of the Platebearer	Глубокая эссенция латника
Deep Essence of the Profane	Глубокая эссенция нечестивца
Deep Essence of the Savior	Глубокая эссенция спасителя
Deep Essence of the Skirmisher	Глубокая эссенция застрельщика
Deep Essence of the Templar	Глубокая эссенция храмовника
Deep Essence of the Veteran	Глубокая эссенция ветерана
Deep Essence of the Watcher	Глубокая эссенция наблюдателя
Deep Freeze	Глубокая заморозка
Defend	Защищаться
Deflect	Отклонение
Demiclone Generator	Генератор полуклона
Dervish	Дервиш
Desperado	Отчаянный обстрел
Destiny Drawn	Извлечённая судьба
Destiny's Sleeve	Рукав судьбы
Detonator	Детонатор
Diabrosis	Разъедание
Diffractive Magitek Cannon	Дифракционная магитехническая пушка
Disable Auto-target	Отключить автовыбор цели
Disappearing Dais	Исчезающая платформа
Disorienting Static	Дезориентирующий разряд
Dispel	Рассеять чары
Dissolve Union	Прекратить союз
Divine Cataract	Божественный водопад
Dodge	Уклонение
Doom of the Living	Рок живущих
Doomsday	Судный день
Doton	Искусство земли
Double Bubble	Двойной пузырь
Double Edge	Обоюдоострый клинок
Double Rocket Punch	Двойной ракетный кулак
Double Standard Finish	Двойной обычный финал
Double Technical Finish	Двойной технический финал
Drachenlance	Драконье копьё
Draconian Fury	Драконья ярость
Dragonshadow Dive	Пике драконьей тени
Dragonsong Dive	Пике драконьей песни
Drain Touch	Поглощающее касание
Dulling Arrow	Притупляющая стрела
Dynamis Dice	Кости динамиса
Eagle Eye Shot	Выстрел орлиного глаза
Earthen Wall	Земляная стена
Egg Surprise	Яичный сюрприз
Electric Flux	Электрический поток
Elixir	Эликсир
Elixir Burst	Всплеск эликсира
Elixir Field	Поле эликсира
Emboite	Сборный прыжок
Emerald Catastrophe	Изумрудная катастрофа
Emerald Disaster	Изумрудное бедствие
Emerald Outburst	Изумрудный выброс
Emerald Rite	Изумрудный обряд
Emerald Ruin	Изумрудная руина
Enable Auto-target	Включить автовыбор цели
Enchanted Moulinet Deux	Вторая зачарованная мельница
Enchanted Moulinet Trois	Третья зачарованная мельница
Enchanted Redoublement	Зачарованный повторный выпад
Enchanted Zwerchhau	Зачарованный поперечный удар
Encore of Light	Возвращение света на бис
Ending	Завершение
Engravement	Гравировка
Enkindle Phoenix	Воспламенение Феникса
Enkindle Solar Bahamut	Воспламенение солнечного Бахамута
Enkindling Flame Dance	Танец разжигающего пламени
Enraged Strike	Разъярённый удар
Entrechat	Скрещивающий прыжок
Essence of the Aetherweaver	Эссенция эфироткача
Essence of the Beast	Эссенция зверя
Essence of the Bloodsucker	Эссенция кровопийцы
Essence of the Breathtaker	Эссенция похитителя дыхания
Essence of the Guardian	Эссенция стража
Essence of the Irregular	Эссенция вольного бойца
Essence of the Martialist	Эссенция мастера боя
Essence of the Ordained	Эссенция посвящённого
Essence of the Platebearer	Эссенция латника
Essence of the Profane	Эссенция нечестивца
Essence of the Savior	Эссенция спасителя
Essence of the Skirmisher	Эссенция застрельщика
Essence of the Templar	Эссенция храмовника
Essence of the Veteran	Эссенция ветерана
Essence of the Watcher	Эссенция наблюдателя
Eternity Ring	Кольцо вечности
Ether	Эфир
Eudaimonia	Благоденствие
Eukrasian Diagnosis	Эвкразийный диагноз
Eukrasian Dosis	Эвкразийная доза
Eukrasian Dyskrasia	Эвкразийная дискразия
Everlasting Flight	Вечный полёт
Excavator	Экскаватор
Excellence	Превосходство
Executioner's Gallows	Виселица палача
Executioner's Gibbet	Висельный крюк палача
Executioner's Guillotine	Гильотина палача
Exodus	Исход
Extractor Beam	Извлекающий луч
Eye Gouge	Выкалывание глаза
F-0 Switch	Переключатель Ф-0
Fair Trade	Честный обмен
Falling Star	Падающая звезда
Family Outing	Семейная прогулка
Fang of Earth	Клык земли
Fang of Fire	Клык огня
Fang of Ice	Клык льда
Fang of Lightning	Клык молнии
Fang of Water	Клык воды
Fang of Wind	Клык ветра
Fanged Muse	Клыкастая муза
Fangs of the Br'aax	Клыки бракса
Fate Sealed	Запечатанная судьба
Fated Brand	Клеймо судьбы
Featherfoot	Лёгкая поступь
Festal Cant	Праздничное песнопение
Fey Union	Союз с феей
Fiendish Lantern	Дьявольский фонарь
Fiery Breath	Огненное дыхание
Final Flourish	Последний расцвет
Final Heaven	Последнее небо
Finisher	Завершающий удар
Finishing Move	Заключительный приём
First Generation	Первое поколение
First Legacy	Первое наследие
Fixed Sign	Неподвижный знак
Flame Scroll	Свиток пламени
Flanksbane Fang	Губительный боковой клык
Flanksting Strike	Жалящий боковой удар
Flare of Happiness	Вспышка счастья
Flarethrower	Пламемёт
Focus	Сосредоточение
Font of Magic	Источник магии
Font of Power	Источник мощи
Font of Skill	Источник мастерства
Foreboding Fluffery	Зловещая пушистость
Formula Diffuser	Распылитель состава
Fountain of Fire	Фонтан огня
Fourth Generation	Четвёртое поколение
Fourth Legacy	Четвёртое наследие
Frighten	Напугать
Frost Star	Морозная звезда
Frostbloom	Морозное цветение
Full Cure	Полное исцеление
Full Throttle	Полный газ
Fuller Throttle	Ещё больше газа
Fumigate	Окуривание
Furious Backlash	Яростный ответный удар
G1 Antiblind Soul Serum	Духовная сыворотка от слепоты 1-го класса
G1 Antiparalysis Soul Serum	Духовная сыворотка от паралича 1-го класса
G1 Antipetrification Soul Serum	Духовная сыворотка от окаменения 1-го класса
G1 Antipoison Soul Serum	Духовная сыворотка от яда 1-го класса
G1 Antisleep Soul Serum	Духовная сыворотка от сна 1-го класса
G1 Beast Potion	Звериное зелье 1-го класса
G1 Beastmaster Reraiser	Средство повторного воскрешения укротителя 1-го класса
G1 Crucible Ash	Пепел горнила 1-го класса
G1 Wildearth Weakener	Ослабитель дикой земли 1-го класса
G1 Wildfire Weakener	Ослабитель дикого огня 1-го класса
G1 Wildfreeze Weakener	Ослабитель дикого мороза 1-го класса
G1 Wildgale Weakener	Ослабитель дикого ветра 1-го класса
G1 Wildthunder Weakener	Ослабитель дикого грома 1-го класса
G1 Wildwave Weakener	Ослабитель дикой волны 1-го класса
G2 Antiblind Soul Serum	Духовная сыворотка от слепоты 2-го класса
G2 Antiparalysis Soul Serum	Духовная сыворотка от паралича 2-го класса
G2 Antipetrification Soul Serum	Духовная сыворотка от окаменения 2-го класса
G2 Antipoison Soul Serum	Духовная сыворотка от яда 2-го класса
G2 Antisleep Soul Serum	Духовная сыворотка от сна 2-го класса
G2 Beast Potion	Звериное зелье 2-го класса
G2 Beastmaster Reraiser	Средство повторного воскрешения укротителя 2-го класса
G2 Crucible Ash	Пепел горнила 2-го класса
G2 Wildearth Weakener	Ослабитель дикой земли 2-го класса
G2 Wildfire Weakener	Ослабитель дикого огня 2-го класса
G2 Wildfreeze Weakener	Ослабитель дикого мороза 2-го класса
G2 Wildgale Weakener	Ослабитель дикого ветра 2-го класса
G2 Wildthunder Weakener	Ослабитель дикого грома 2-го класса
G2 Wildwave Weakener	Ослабитель дикой волны 2-го класса
G3 Beast Potion	Звериное зелье 3-го класса
G3 Crucible Ash	Пепел горнила 3-го класса
G4 Beast Potion	Звериное зелье 4-го класса
Gentlemanly Smash	Джентльменское сокрушение
Gentlemanly Thrust	Джентльменский выпад
Glittering Emerald	Блистающий изумруд
Glittering Ruby	Блистающий рубин
Glittering Topaz	Блистающий топаз
Gofu	Могучий ветер
Goka Mekkyaku	Испепеление адским пламенем
Grand Impact	Великое столкновение
Grav Rammer	Гравитационный таран
Greater Reach	Увеличенный радиус
Greatest Eclipse	Величайшее затмение
Grim Reaping	Мрачное пожинание
Gunmetal Soul	Стальная душа стрелка
Haelan	Исцеление души
Hammer Brush	Кисть-молот
Hammer Motif	Мотив молота
Hasty Mirage	Поспешный мираж
Haymaker	Размашистый удар
Heal	Лечение
Healing Holy Water	Целительная святая вода
Healing Wind	Целительный ветер
Heavenly Judge	Небесный судья
Heavenly Shield	Небесный щит
Heavenly Sword	Небесный меч
Heavydoom	Тяжкий рок
Hell Wind	Адский ветер
Hellfire	Адское пламя
Hero's Rime	Песнь героя
Higanbana	Паучья лилия
High-powered Magitek Cannon	Мощная магитехническая пушка
Hindsbane Fang	Губительный задний клык
Hindsting Strike	Жалящий задний удар
Hollow Nozuchi	Пустотный Нодзути
Holy Cannon	Святая пушка
Holy Spellblade	Святой зачарованный клинок
Honing Ovation	Оттачивающая овация
Hop-step	Прыжок и шаг
Hunter's Bite	Укус охотника
Hunter's Prudence	Осмотрительность охотника
Hunter's Sting	Жало охотника
Huton	Искусство ветра
Hydraulic Hop	Гидравлический прыжок
Hyosetsu	Ледяной снег
Hyosho Ranryu	Буря ледяных кристаллов
Hyoton	Искусство льда
Hypercarrot Cannon	Сверхморковная пушка
Hypervelocity	Сверхскорость
Iainuki	Молниеносное обнажение меча
Image	Образ
Imp Punch	Удар беса
Impetus	Порыв движения
Improvised Finish	Импровизированный финал
Incense	Благовоние
Infinitive Combo: Universality	Беспредельная комбинация: всеобщность
Inhale	Вдох
Inner Chaos	Внутренний хаос
Inquiring Mind	Пытливый ум
Instinctual Combo: Durant	Инстинктивная комбинация: стойкость
Instinctual Combo: Eldritch	Инстинктивная комбинация: колдовство
Instinctual Combo: Rampant	Инстинктивная комбинация: неистовство
Instinctual Combo: Volant	Инстинктивная комбинация: полёт
Intentional Combo: Moonstalker	Намеренная комбинация: лунный охотник
Intentional Combo: Sunstrider	Намеренная комбинация: солнечный странник
Invigorating Flame Dance	Танец бодрящего пламени
Invulnerability	Неуязвимость
Ionic Antiblaster	Ионный противобластер
Ionic Turboblaster	Ионный турбобластер
Iron Kiss	Железный поцелуй
Isle Return	Возвращение на остров
Isle Sprint	Островной спринт
Jagged Maw	Зазубренная пасть
Jete	Бросковый прыжок
Jitterbug	Джиттербаг
Judgment Bolt	Молния правосудия
Jugular Rip	Разрыв яремной вены
Juniper Incense	Можжевеловое благовоние
Kaeshi: Goken	Ответный удар: пять мечей
Kaeshi: Namikiri	Ответный удар: рассечение волн
Kaeshi: Setsugekka	Ответный удар: снег, луна и цветы
Katon	Искусство огня
Kyokufu	Предельный ветер
Lady of Crowns	Владычица корон
Lance	Копьё
Land Waker	Пробуждение земли
Lantern Light	Свет фонаря
Laser X Sword	Крестообразный лазерный меч
Last Bastion	Последний бастион
Last Lash	Последний хлёсткий удар
Leap of Faith	Прыжок веры
Lemure's Scythe	Коса духа
Lemure's Slice	Разрез духа
Libra	Весы
Light Curtain	Световая завеса
Lightning Scroll	Свиток молнии
Liminal Fire	Пограничный огонь
Lion Heart	Львиное сердце
Lodestone	Магнитный камень
Logos Action	Действие логоса
Long Reach	Дальний охват
Lord of Crowns	Владыка корон
Lost Action	Забытое действие
Lost Reflect	Забытое действие «Отражение»
Low Voltage	Низкое напряжение
Luwatena Pulse	Пульс луватены
Luxurious Stretchery	Роскошные потягушки
Luxwave	Световая волна
Mage Masher	Сокрушитель магов
Magic Burst	Магический всплеск
Magic Shell	Магическая оболочка
Magicite	Магицит
Magitek Cannon	Магитехническая пушка
Magitek Claw	Магитехнический коготь
Magitek Pulse	Магитехнический импульс
Magitek Thunder	Магитехнический гром
Manawall	Стена маны
Manderdouble Lariat	Двойное лассо Мандервилля
Manderville Dropkick	Удар двумя ногами Мандервилля
Manderville Sprint	Спринт Мандервилля
Manderville Step	Шаг Мандервилля
Manifestation	Воплощение
Mark of the Harvest	Метка урожая
Master Recipe Book	Книга мастерских рецептов
Maw Motif	Мотив пасти
Mega Beam	Мегалуч
Mega Potion	Мегазелье
Megaflare	Мегавспышка
Meltyspume	Талая пена
Merchant's Eye	Глаз торговца
Mesmerize	Заворожить
Meteor	Метеор
Mighty March	Могучий марш
Mighty Maximizer	Могучий усилитель
Mimic	Подражание
Minimum Fury	Малая ярость
Misty Mirage	Туманный мираж
Mog Heaven	Муглское небо
Mogatory Mog Dance	Муглский танец приглашения
Molting Python	Линяющий питон
Mystery Waltz	Таинственный вальс
Noble Blood	Благородная кровь
Nova Diffuser	Распылитель новой звезды
Nova Grenade	Граната новой звезды
Offensive Aria	Боевая ария
Omega Jammer	Подавитель Омеги
Optical Sight	Оптический прицел
Ouroboros	Уроборос
Paralyze	Паралич
Perception	Восприятие
Perfect Deception	Идеальный обман
Perfectio	Совершенство
Perky Peeler	Бодрое очищение
Pet	Погладить
Phantom Aim	Призрачный прицел
Phantom Doom	Призрачный рок
Phantom Fire	Призрачный огонь
Phantom Guard	Призрачная защита
Phantom Judgment	Призрачный суд
Phantom Kick	Призрачный удар ногой
Phantom Rejuvenation	Призрачное омоложение
Phantom Rush	Призрачный натиск
Phantom Sword Dance	Призрачный танец мечей
Phoenix Down	Перо феникса
Photon Stream	Фотонный поток
Piercing Fangs	Пронзающие клыки
Pile Bunker	Пробивной штырь
Pilfer Weapon	Похитить оружие
Pirouette	Пируэт
Pitch Bomb	Смоляная бомба
Plasma Throttle	Плазменный ускоритель
Plasmic Disruptor	Плазменный разрушитель
Pledge	Обет
Polishing Hammer	Полировочный молот
Pom Motif	Мотив помпона
Pom Muse	Помпонная муза
Pomander of Affluence	Помандер изобилия
Pomander of Alteration	Помандер изменения
Pomander of Concealment	Помандер сокрытия
Pomander of Devotion	Помандер преданности
Pomander of Flight	Помандер полёта
Pomander of Fortune	Помандер удачи
Pomander of Frailty	Помандер немощи
Pomander of Haste	Помандер ускорения
Pomander of Intuition	Помандер интуиции
Pomander of Lust	Помандер вожделения
Pomander of Petrification	Помандер окаменения
Pomander of Purification	Помандер очищения
Pomander of Rage	Помандер ярости
Pomander of Raising	Помандер воскрешения
Pomander of Resolution	Помандер решимости
Pomander of Safety	Помандер безопасности
Pomander of Serenity	Помандер безмятежности
Pomander of Sight	Помандер зрения
Pomander of Steel	Помандер стали
Pomander of Strength	Помандер силы
Pomander of Witching	Помандер колдовства
Potion	Зелье
Potion of Breathtaking Swiftness	Зелье захватывающей дух быстроты
Potion of Feral Constitution	Зелье звериной выносливости
Potion of Feral Evasion	Зелье звериного уклонения
Potion of Feral Intensity	Зелье звериного напора
Potion of Feral Magic	Зелье звериной магии
Potion of Feral Strength	Зелье звериной силы
Potion of Tempered Constitution	Зелье закалённой выносливости
Potion of Tempered Evasion	Зелье закалённого уклонения
Potion of Tempered Intensity	Зелье закалённого напора
Potion of Tempered Magic	Зелье закалённой магии
Potion of Tempered Strength	Зелье закалённой силы
Pray	Молитва
Precision Strike	Точный удар
Predatory Dash	Хищный рывок
Predict	Предсказание
Present	Подарок
Present Mirage	Мираж подарка
Primal Ruination	Первобытное разорение
Primal Wrath	Первобытный гнев
Pruning Pirouette	Обрезающий пируэт
Pulp Fission	Расщепление мякоти
Pulse of Life	Пульс жизни
Pummel	Избиение
Pure Essence of the Divine	Чистая эссенция божества
Pure Essence of the Duelist	Чистая эссенция дуэлянта
Pure Essence of the Elder	Чистая эссенция старейшины
Pure Essence of the Fiendhunter	Чистая эссенция охотника на демонов
Pure Essence of the Gambler	Чистая эссенция игрока
Pure Essence of the Indomitable	Чистая эссенция неукротимого
Pyretic Booster	Огненный ускоритель
Quadruple Technical Finish	Четверной технический финал
Quick	Ускорение времени
Quickchant	Быстрое чтение заклинаний
Quickstep	Быстрый шаг
Rabbit Medium	Призыв кролика
Radiant Arrow	Сияющая стрела
Rage	Ярость
Rage of the Gentleman	Гнев джентльмена
Raiden Thrust	Выпад грома и молнии
Rain Check	Отложенный шанс
Rainbow Gulal	Радужный праздничный порошок
Rampage	Буйство
Rapid Recast	Быстрое восстановление
Ravenous Bite	Хищный укус
Recharge	Перезарядка
Recuperation	Восстановление сил
Red Gulal	Красный праздничный порошок
Red Paint	Красная краска
Reflect	Отражение
Reflect L	Действие логоса «Отражение»
Refresh	Обновление
Regress	Обратный шаг
Rejuvenate	Омоложение
Rekindle	Разжечь вновь
Release Defiance	Прекратить непокорность
Release Grit	Прекратить стойкость
Release Iron Will	Прекратить железную волю
Release Royal Guard	Прекратить королевскую стражу
Release Subtractive Palette	Отключить палитру смешения
Remove Costume	Снять костюм
Rend Armor	Разорвать доспехи
Renew	Обновление жизни
Reraise	Повторное воскрешение
Resistance Elixir	Эликсир Сопротивления
Resistance Ether Kit	Набор эфиров Сопротивления
Resistance Medikit	Аптечка Сопротивления
Resistance Phoenix	Феникс Сопротивления
Resistance Potion	Зелье Сопротивления
Resistance Potion Kit	Набор зелий Сопротивления
Resistance Reraiser	Средство повторного воскрешения Сопротивления
Resuscitation	Реанимация
Retribution of the Madeen	Возмездие Мадина
Retrograde	Обратное движение
Revelation	Откровение
Revive	Оживить
Rightful Sword	Праведный меч
Ringing Respite	Звонкая передышка
Rising Flames	Восходящее пламя
Roar	Рёв
Roaring Eggscapade	Громогласная яичная выходка
Rocky Roll	Каменный перекат
Roller Dash	Роликовый рывок
Romeo's Ballad	Баллада Ромео
Rook Overload	Предельная перегрузка ладьи
Rotosmash	Вращающееся сокрушение
Ruby Catastrophe	Рубиновая катастрофа
Ruby Disaster	Рубиновое бедствие
Ruby Outburst	Рубиновый выброс
Ruby Rite	Рубиновый обряд
Ruby Ruin	Рубиновая руина
Run of the Rroneek	Бег рронека
Rust	Ржавчина
Sacrifice	Жертва
Sacrificium	Жертвенный обряд
Sagittarius Arrow	Стрела Стрельца
Sanguine Feast	Кровавое пиршество
Satellite Beam	Спутниковый луч
Saturate	Насыщение
Savage Claw	Свирепый коготь
Scarlet Delirium	Алый бред
Scarlet Flame	Алое пламя
Scorch	Опаление
Second Generation	Второе поколение
Second Legacy	Второе наследие
Seed	Семя
Seize	Захватить
Self-detonate	Самоподрыв
Semi-eternal Breath	Полувечное дыхание
Sepulchre	Гробница
Seraphic Halo	Нимб серафима
Seraphic Illumination	Сияние серафима
Seraphic Veil	Завеса серафима
Shatterstone	Расколотый камень
Shell	Оболочка
Shield Wall	Стена щитов
Shining Blade	Сияющий клинок
Shirahadori	Перехват голого клинка
Shock Cannon	Громовая пушка
Shockobo	Громокобо
Shoot Hard	Мощный выстрел
Shoot Harder	Ещё более мощный выстрел
Shrouded Luminescence	Сокрытое свечение
Silencing Cant	Песнопение молчания
Silent Takedown	Бесшумное устранение
Silver Cannon	Серебряная пушка
Simulated Rage	Имитированная ярость
Single Standard Finish	Одиночный обычный финал
Single Technical Finish	Одиночный технический финал
Siphon Snout	Вытягивающее рыло
Sky Shatter	Раскол небес
Skydragon Dive	Пике небесного дракона
Skyshard	Небесный осколок
Slash	Рубящий удар
Slowga	Массовое замедление
Smackdown	Сокрушительный удар
Smoke	Дым
Smoke Screen	Дымовая завеса
Smoking Gun	Дымящийся пистолет
Snarl	Рычание
Sneeze	Чих
Soil Sift	Просеивание земли
Solar Flarethrower	Солнечный пламемёт
Solicit Siphon Snout	Призыв вытягивающего рыла
Solid Shield	Прочный щит
Soothing Potion	Успокаивающее зелье
Sort-of Dread Gaze	Почти ужасающий взгляд
Souldeep Invisibility	Невидимость до глубины души
Spell Shield	Магический щит
Spellforge	Зачарование оружия
Spellforge Tome	Книга зачарования оружия
Spin Crusher	Вращающийся крушитель
Spindly Finger	Тонкий палец
Spirit Dart	Духовный дротик
Spirit of the Remembered	Дух незабытых
Stand Firm	Стоять твёрдо
Starburst	Звёздный взрыв
Starfall	Звездопад
Starlight Bell	Колокол звёздного света
Starry Heavens	Звёздные небеса
Starry Muse	Звёздная муза
Starry Sky Motif	Мотив звёздного неба
Starstorm	Звёздная буря
Steadfast Stance	Непоколебимая стойка
Steal	Кража
Steam Release	Выпуск пара
Steelsting	Стальное жало
Steelsting Tome	Книга стального жала
Stellar Burst	Звёздный всплеск
Stellar Detonation	Звёздная детонация
Stellar Explosion	Звёздный взрыв
Step Forth	Шаг вперёд
Stickyloom	Липкое появление
Stone II in Yellow	Жёлтый камень 2
Stone IV of the Seventh Dawn	Камень Седьмого рассвета 4
Stone in Yellow	Жёлтый камень
Stoneskin	Каменная кожа
Striking Muse	Ударная муза
Stronghold	Цитадель
Sublimator Diffuser	Распылитель сублиматора
Sublimator Spray	Струя сублиматора
Sublime Sublimator	Превосходный сублиматор
Suiton	Искусство воды
Summon Solar Bahamut	Призыв солнечного Бахамута
Sunbath	Солнечная ванна
Sundering Spellblade	Раскалывающий зачарованный клинок
Sunflare	Солнечная вспышка
Sunshadow	Солнечная тень
Supplication	Мольба
Suspend	Подвешивание
Swashbuckler	Лихой фехтовальщик
Swift	Проворство
Swift Deception	Быстрый обман
Swiftskin's Bite	Укус быстрой кожи
Swiftskin's Sting	Жало быстрой кожи
Tail of the Br'aax	Хвост бракса
Techne Makre	Искусство вечно
Temporal Sand	Песок времени
Tempting Tango	Соблазняющее танго
Tender Flex	Мягкое сгибание
Tendo Goken	Небесный путь пяти мечей
Tendo Kaeshi Goken	Ответ небесного пути пяти мечей
Tendo Kaeshi Setsugekka	Ответ небесного пути снега, луны и цветов
Tendo Setsugekka	Небесный путь снега, луны и цветов
Tenri Jindo	Путь неба и человека
Teraflare	Теравспышка
Terminal Trigger	Последний спуск
The Short Good-bye	Короткое прощание
The Spriganator	Спринганатор
Thick Skin	Толстая кожа
Thief's Eye	Воровской глаз
Third Generation	Третье поколение
Third Legacy	Третье наследие
Throw	Бросок
Thunder II in Magenta	Пурпурный гром 2
Thunder in Magenta	Пурпурный гром
Thunderstorm	Гроза
Tillana	Тиллана
Toad	Жаба
Toad Breath	Жабье дыхание
Tome of Reflection	Книга отражения
Tome of the Impervious	Книга неуязвимости
Topaz Catastrophe	Топазовая катастрофа
Topaz Disaster	Топазовое бедствие
Topaz Outburst	Топазовый выброс
Topaz Rite	Топазовый обряд
Topaz Ruin	Топазовая руина
Torchlight	Свет факела
Torcleaver	Рассечение скалы
Trample	Растаптывание
Tranquilizer	Успокоительное
Trap Detection	Обнаружение ловушек
Treasuresight	Чутьё сокровищ
Treater's Trick	Уловка дарителя угощений
Tri-shackle	Тройные оковы
Trials of Tural	Испытания Турала
Tricksome Treat	Хитрое угощение
Trickster's Treat	Угощение шутника
Triple Technical Finish	Тройной технический финал
Turali Fervor	Пыл Турала
Turali Judgment	Правосудие Турала
Twinblood Bite	Укус двойной крови
Twinblood Thresh	Молотьба двойной крови
Twinfang Bite	Укус двойного клыка
Twinfang Thresh	Молотьба двойного клыка
Ultima Buster	Разрушитель «Ультима»
Ultimatum	Ультиматум
Umbral Draw	Теневая карта
Umbral Flare	Теневая вспышка
Umbral Impulse	Теневой импульс
Umbrella Dance	Танец с зонтиком
Uncoiled Twinblood	Раскрытая двойная кровь
Uncoiled Twinfang	Раскрытый двойной клык
Ungarmax	Унгармакс
Unicorn	Единорог
Unpacking Minion	Распаковка питомца
Unveil	Снять покров
Unveiled Gallows	Раскрытая виселица
Unveiled Gibbet	Раскрытый висельный крюк
Vampiric Essence	Вампирическая эссенция
Vampiric Fang	Вампирический клык
Verflare	Алая вспышка
Verholy	Алая святость
Vermilion Pledge	Киноварный обет
Vermilion Scourge	Киноварная кара
Vigilance	Бдительность
Virtual Tears	Виртуальные слёзы
Void Fire II	Огонь пустоты 2
Void Reaping	Жатва пустоты
Vril	Вриль
Wag	Виляние
Warp-strike	Удар с перемещением
Wasshoi	Праздничный возглас
Water II in Blue	Синяя вода 2
Water in Blue	Синяя вода
Weather	Погода
Whimper	Скулёж
White Death	Белая смерть
Wicked Talon	Зловещий коготь
Wing Cutter	Режущее крыло
Wing Motif	Мотив крыла
Wingblade Swoop	Пике крылатого клинка
Winged Muse	Крылатая муза
Winsome Washery	Очаровательное умывание
Wisdom of the Aetherweaver	Мудрость эфироткача
Wisdom of the Breathtaker	Мудрость похитителя дыхания
Wisdom of the Duelist	Мудрость дуэлянта
Wisdom of the Elder	Мудрость старейшины
Wisdom of the Fiendhunter	Мудрость охотника на демонов
Wisdom of the Guardian	Мудрость стража
Wisdom of the Indomitable	Мудрость неукротимого
Wisdom of the Irregular	Мудрость вольного бойца
Wisdom of the Martialist	Мудрость мастера боя
Wisdom of the Ordained	Мудрость посвящённого
Wisdom of the Platebearer	Мудрость латника
Wisdom of the Skirmisher	Мудрость застрельщика
Wisdom of the Templar	Мудрость храмовника
Wisdom of the Watcher	Мудрость наблюдателя
Wisdom on the Winds	Мудрость на ветру
Wreath of Fire	Венок огня
Wreath of Ice	Венок льда
Wrecking Ball	Разрушительный шар
Wyrmwave	Драконья волна
Xenoscape Antiblaster	Иномирный противобластер
Xenoscape Turboblaster	Иномирный турбобластер
Yagetsu	Ночная луна
Yellow Gulal	Жёлтый праздничный порошок
Yellow Paint	Жёлтая краска
Zeninage	Бросок монет
Zesho Meppo	Полное уничтожение
a Realm Reborn	Возрождённое царство
the Aether Compass	Эфирный компас
the Arrow	Стрела
the Balance	Весы
the Bole	Ствол
the End	Конец
the Ewer	Кувшин
the Scroll	Свиток
the Spear	Копьё
the Spire	Башня
ちゆ	Исцеление
カルディア	Сердце
ルヴェユール・トキシコンII	Токсин Левейёра 2
冥界恐叫打	Удар ужасающего крика преисподней
噴気	Выброс пара
爪撃	Удар когтями
魔土器：スロウガ	Помандер массового замедления
魔土器：ドレッドノート化	Помандер превращения в дредноут
魔土器：ミールストーム	Помандер водоворота
