1000 Needles	Тысяча игл
4-tonze Weight	Четырёхтонная гиря
Abyssal Drain	Поглощение бездны
Abyssal Transfixion	Пронзание бездны
Acceleration	Ускорение
Acorn Bomb	Жёлудь-бомба
Addle	Помрачение
Adloquium	Воодушевление
Advent of Chocobastion	Пришествие чокобастиона
Aegis Boon	Благословение эгиды
Aeolian Edge	Эолово лезвие
Aero	Ветер
Aethercharge	Эфирный заряд
Aetherflow	Поток эфира
Aetherial Manipulation	Эфирное перемещение
Aetherial Shift	Эфирный сдвиг
Aetherial Spark	Эфирная искра
Aetheric Burst	Эфирный взрыв
Aetheric Mimicry	Эфирное подражание
Aetherpact	Эфирный договор
Afflatus Misery	Вдохновение скорби
Afflatus Purgation	Вдохновение очищения
Afflatus Rapture	Вдохновение восторга
Afflatus Solace	Вдохновение утешения
Ageless Words	Вечные слова
Air Anchor	Воздушный якорь
Alpine Draft	Горный сквозняк
Ambitious Lure	Дерзкая приманка
Amplifier	Усилитель
Analysis	Анализ
Angel Whisper	Шёпот ангела
Angel's Snack	Ангельское угощение
Apex Arrow	Высшая стрела
Apokalypsis	Апокалипсис
Aqua Breath	Водное дыхание
Aquaveil	Водная завеса
Arbor Call	Зов деревьев
Arcane Circle	Тайный круг
Arcane Crest	Тайный герб
Arm of the Destroyer	Рука Разрушителя
Arm's Length	На расстоянии руки
Armor Crush	Сокрушение доспехов
Army's Paeon	Военный пеан
Art of War	Искусство войны
Ascend	Вознесение
Aspected Benefic	Аспектное благодеяние
Aspected Helios	Аспектный Гелиос
Assassinate	Убийство
Assize	Высший суд
Astral Draw	Астральная карта
Astral Flow	Астральный поток
Asylum	Убежище
Atonement	Искупление
Attunement	Соединение
Aura Blast	Взрыв ауры
Aurora	Северное сияние
Auto Crossbow	Автоматический арбалет
Automaton Queen	Автоматон-королева
Avail	Прикрытие союзником
Avalanche Axe	Топор лавины
Axe Kick	Удар пяткой
Axeblade Bite	Укус лезвия топора
Backstep	Шаг назад
Bad Breath	Дурное дыхание
Bait	Наживка
Baited Breath	Затаённое дыхание
Bane	Пагуба
Baneful Impaction	Пагубный удар
Barrage	Шквал стрел
Barrel Stabilizer	Стабилизатор ствола
Basic Instinct	Основной инстинкт
Battle Litany	Боевая литания
Battle Voice	Боевой голос
Beast Mode	Режим зверя
Beastskin	Звериная шкура
Being Mortal	Смертная участь
Benediction	Благословение
Benefic	Благодеяние
Berserk	Берсерк
Between the Lines	Между линиями
Bhavacakra	Колесо бытия
Big-game Fishing	Ловля крупной рыбы
Bio	Биояд
Bioblaster	Биораспылитель
Biolysis	Биолиз
Bishop Autoturret	Автотурель «Слон»
Black Knight's Tour	Ход чёрного коня
Bladeshower	Ливень клинков
Blank	Выстрел в упор
Blast Charge	Взрывной заряд
Blasting Zone	Зона взрыва
Blaze	Пламя
Blazing Shot	Пылающий выстрел
Blessed Harvest	Благословенный урожай
Blizzard	Метель
Blizzard in Cyan	Голубая метель
Blizzard II in Cyan	Голубая метель 2
Blood Drain	Поглощение крови
Blood Stalk	Кровавая жатва
Blood Weapon	Кровавое оружие
Bloodbath	Кровавая баня
Bloodcoil	Кровавый виток
Bloodfest	Кровавый пир
Bloodletter	Кровопускание
Bloodshower	Кровавый ливень
Bloodspiller	Пролитие крови
Bloodwhetting	Кровавое обострение
Blota	Жертвоприношение
Bolt	Рывок
Bomb Toss	Бросок бомбы
Bootshine	Сияющий кулак
Borrow	Заимствование
Both Ends	Двусторонний удар
Bountiful Harvest	Щедрый урожай
Bountiful Yield	Щедрая добыча
Bow Shock	Носовая ударная волна
Brazen Prospector	Дерзкий рудокоп
Brazen Woodsman	Дерзкий лесоруб
Breath of Magic	Магическое дыхание
Bristle	Вздыбленная шерсть
Broil	Жар
Brotherhood	Братство
Brutal Rage	Жестокая ярость
Brutal Shell	Жестокий снаряд
Bulwark	Оплот
Bunshin	Теневой двойник
Burst	Всплеск
Burst Shot	Разрывной выстрел
Burst Strike	Разрывной удар
Cactguard	Кактусовая защита
Calamity	Бедствие
Camouflage	Маскировка
Candy Cane	Леденцовая трость
Capture	Захват
Carve and Spit	Рассечь и выплюнуть
Cascade	Каскад
Cast	Забросить удочку
Cast Light	Зажечь свет
Caustic Bite	Разъедающий укус
Celestial Intersection	Небесное пересечение
Celestial Opposition	Небесное противостояние
Celestial River	Небесная река
Chain Saw	Цепная пила
Chain Stratagem	Цепная стратегия
Chaos Thrust	Выпад хаоса
Chaotic Spring	Источник хаоса
Checkmate	Шах и мат
Chelonian Gate	Черепашьи врата
Chi	Земля
Chirp	Щебет
Choco Meteor	Чоко-метеор
Chum	Прикормка
Circle of Scorn	Круг презрения
Clean Shot	Точный выстрел
Clear Vision	Ясное зрение
Clemency	Милосердие
Closed Position	Закрытая позиция
Cloud Skim	Скольжение по облакам
Coerthan Torment	Терзания Кёртаса
Cold Fog	Холодный туман
Collect	Собрать коллекционный предмет
Collective Unconscious	Коллективное бессознательное
Collector's Focus	Сосредоточенность коллекционера
Collector's Stellar Standard	Звёздный стандарт коллекционера
Combust	Сгорание
Comet in Black	Чёрная комета
Cometeor	Малый метеор
Communio	Причастие
Concentrate	Сосредоточиться
Concitation	Побуждение
Condensed Libra	Сжатые весы
Confiteor	Исповедь
Consolation	Утешение
Continuation	Продолжение
Contradance	Контрданс
Contre Sixte	Шестая контрзащита
Conviction Marcato	Акцент убеждённости
Corps-a-corps	Сближение
Cover	Прикрытие
Creature Motif	Мотив существа
Crimson Cyclone	Багровый циклон
Cure	Исцеление
Curing Waltz	Исцеляющий вальс
Damnation	Проклятие
Danger Zone	Опасная зона
Dark Mind	Тёмный разум
Dark Missionary	Тёмный миссионер
Death Blossom	Цветок смерти
Death Warrant	Смертный приговор
Deathflare	Вспышка смерти
Decimate	Истребление
Deep Clean	Глубокое очищение
Defiance	Непокорность
Delirium	Бред
Demolish	Разрушение
Demon Slaughter	Истребление демонов
Demon Slice	Демонический разрез
Deployment Tactics	Тактика развёртывания
Despair	Отчаяние
Devilment	Дьявольщина
Devour	Пожирание
Dia	Сияние
Diagnosis	Диагноз
Diamondback	Алмазный панцирь
Dimensional Shift	Сдвиг измерений
Disembowel	Потрошение
Disesteem	Презрение
Dismantle	Демонтаж
Displacement	Отступление
Dissipation	Рассеивание
Divination	Предсказание
Divination Rune	Руна предсказания
Divine Benison	Божественное благословение
Divine Caress	Божественная ласка
Divine Veil	Божественная завеса
Dokumori	Отравление
Doom	Обречённость
Doom Spike	Роковое остриё
Dosis	Доза
Double Cast	Двойное заклинание
Double Check	Двойная проверка
Double Down	Удвоенная ставка
Double Hook	Двойная подсечка
Dragon Force	Сила дракона
Dragon Kick	Удар дракона
Dragon Sight	Взгляд дракона
Dragonfire Dive	Пике драконьего пламени
Drain	Поглощение
Drakesbane	Погибель драконов
Draw and Junction	Извлечение и сопряжение
Dreadwyrm Trance	Транс великого дракона
Dream Within a Dream	Сон во сне
Drill	Бур
Drill Cannons	Буровые пушки
Druochole	Древесная желчь
Dyskrasia	Дискразия
Earth's Reply	Ответ земли
Earthly Star	Земная звезда
Edge of Darkness	Грань тьмы
Edge of Shadow	Грань тени
Eerie Soundwave	Зловещая звуковая волна
Egeiro	Пробуждение
Electric Current	Электрический ток
Electrogenesis	Электрогенез
Elemental Weave	Переплетение стихий
Elusive Jump	Ускользающий прыжок
Embolden	Придать смелости
Emergency Tactics	Экстренная тактика
Empyreal Arrow	Небесная стрела
Empyrean Rain	Небесный дождь
En Avant	Вперёд
Enchanted Moulinet	Зачарованная мельница
Enchanted Reprise	Зачарованная реприза
Enchanted Riposte	Зачарованный ответный выпад
Energy Drain	Поглощение энергии
Energy Siphon	Вытягивание энергии
Engagement	Вступление в бой
Enkindle Bahamut	Воспламенение Бахамута
Enlightened Meditation	Просветлённая медитация
Enlightenment	Просветление
Enochian	Енохианская магия
Enpi	Полёт ласточки
Enshroud	Покров
Epicycle	Эпицикл
Equilibrium	Равновесие
Eruption	Извержение
Essential Dignity	Истинное достоинство
Esuna	Очищение
Eukrasia	Эвкразия
Eventide	Сумерки
Exaltation	Возвышение
Excogitation	Предусмотрительность
Expedient	Поспешность
Expiacion	Искупительная жертва
Exuviation	Линька
Fall Malefic	Пагуба падения
Fan Dance	Танец вееров
Fang and Claw	Клык и коготь
Fast Blade	Быстрый клинок
Fated Circle	Круг судьбы
Fathom	Определение глубины
Faze	Смятение
Feather Rain	Дождь перьев
Feculent Flood	Зловонный потоп
Feint	Ложный выпад
Fell Cleave	Свирепое рассечение
Fester	Нагноение
Fetter Ward	Защита от оков
Fey Blessing	Благословение феи
Fey Illumination	Сияние феи
Field Mastery	Полевое мастерство
Fight or Flight	Бей или беги
Final Fantasia	Последняя фантазия
Final Sting	Последнее жало
Fire	Огонь
Fire Angon	Огненный дротик
Fire in Red	Красный огонь
Fire II in Red	Красный огонь 2
Fire's Reply	Ответ огня
First Battlehorn	Первый боевой рог
Fish Eyes	Рыбий глаз
Flame Thrower	Огнемёт
Flamethrower	Огнемёт
Flare	Вспышка
Flare Star	Вспыхнувшая звезда
Fleche	Стрела
Fleeting Raiju	Мимолётный громовой зверь
Flood of Darkness	Потоп тьмы
Flood of Shadow	Потоп тени
Flora Mastery	Мастерство флоры
Flourish	Расцвет
Flying Frenzy	Летающее безумие
Flying Sardine	Летучая сардина
Focalization	Фокусировка
Foot Graze	Ранение ступни
Forbidden Meditation	Запретная медитация
Force Field	Силовое поле
Forked Raiju	Раздвоенный громовой зверь
Form Shift	Смена стойки
Forte	Форте
Foul	Скверна
Fountain	Фонтан
Fountainfall	Водопад
Four-point Fury	Четырёхсторонняя ярость
Freeze	Заморозка
Frog Legs	Лягушачьи лапки
Fuga	Ветер изящества
Fuko	Ветер света
Full Metal Field	Цельнометаллическое поле
Full Swing	Полный замах
Full Thrust	Полный выпад
Fuma Shuriken	Сюрикен ветра
Gale Axe	Топор шквала
Gallows	Виселица
Gauge	Оценка
Gauss Round	Выстрел Гаусса
Geirskogul	Гейрскёгуль
Gekko	Лунный свет
Gemshine	Сияние самоцвета
Gibbet	Висельный крюк
Gig	Удар острогой
Glare	Ослепительный свет
Glass Dance	Танец стекла
Glower	Грозный взгляд
Gluttony	Чревоугодие
Gnashing Fang	Скрежещущий клык
Goblin Punch	Гоблинский удар
Gobskin	Гоблинская кожа
Goring Blade	Пронзающий клинок
Gravity	Гравитация
Great Nebula	Великая туманность
Grim Swathe	Мрачная жатва
Grit	Стойкость
Guard	Защита
Guardian	Страж
Guillotine	Гильотина
Gust Slash	Вихревой разрез
Gyofu	Рассветный ветер
Hagakure	Сокрытое в листве
Haima	Кровь
Hakaze	Режущий ветер
Hakke Mujinsatsu	Восемь смертельных направлений
Hallowed Ground	Святая земля
Hammer Stamp	Удар молота
Hard Slash	Тяжёлый разрез
Harmonic Arrow	Гармоническая стрела
Harpe	Серп
Harvest Moon	Луна урожая
Hawkish Talons	Ястребиные когти
Head Graze	Ранение головы
Heart of Corundum	Сердце корунда
Heart of Light	Сердце света
Heart of Stone	Каменное сердце
Heartbreak Shot	Сердцераздирающий выстрел
Heat Blast	Тепловой взрыв
Heated Clean Shot	Раскалённый точный выстрел
Heated Slug Shot	Раскалённый пулевой выстрел
Heated Split Shot	Раскалённый расщепляющий выстрел
Heavens' Thrust	Небесный выпад
Heavy Shot	Тяжёлый выстрел
Heavy Swing	Тяжёлый замах
Helios	Гелиос
Helios Conjunction	Соединение Гелиоса
Hell's Egress	Выход из ада
Hell's Ingress	Вход в ад
Hellfrog Medium	Призыв адской жабы
Hide	Скрыться
High Blizzard II	Великая метель 2
High Fire II	Великий огонь 2
High Jump	Высокий прыжок
High Thunder	Великий гром
High Voltage	Высокое напряжение
Hissatsu: Chiten	Смертельный приём: обращение земли
Hissatsu: Guren	Смертельный приём: багровый лотос
Hissatsu: Gyoten	Смертельный приём: рассветные небеса
Hissatsu: Kyuten	Смертельный приём: девять небес
Hissatsu: Senei	Смертельный приём: вспышка тени
Hissatsu: Shinten	Смертельный приём: сотрясение небес
Hissatsu: Soten	Смертельный приём: синие небеса
Hissatsu: Yaten	Смертельный приём: ночные небеса
Holmgang	Поединок
Holos	Целостность
Holy	Святость
Holy Circle	Священный круг
Holy Sheltron	Священная стена щитов
Holy Spirit	Святой дух
Holy in White	Белая святость
Honing Dance	Оттачивающий танец
Hook	Подсечка
Horoscope	Гороскоп
Horrid Roar	Ужасающий рёв
Hot Shot	Жаркий выстрел
Howling Fist	Воющий кулак
Hunter's Coil	Виток охотника
Hunter's Den	Логово охотника
Hydro Pull	Водное притяжение
Hypercharge	Сверхзаряд
Iaijutsu	Искусство обнажения клинка
Icarus	Икар
Ice Spikes	Ледяные шипы
Identical Cast	Повторный заброс
Ikishoten	Подъём боевого духа
Ill Wind	Зловещий ветер
Impact	Столкновение
Impalement	Пронзание
Imperator	Император
Improvisation	Импровизация
Indomitability	Неукротимость
Infernal Slice	Адский разрез
Infuriate	Впасть в ярость
Ink Jet	Чернильная струя
Inner Beast	Внутренний зверь
Inner Release	Внутреннее освобождение
Inspirited Meditation	Воодушевлённая медитация
Interject	Прерывание
Intervene	Вмешаться
Intervention	Заступничество
Iron Jaws	Железные челюсти
Iron Will	Железная воля
Ixochole	Желчь омелы
J Kick	Ракетный удар ногой
Jin	Человек
Jinpu	Порыв ветра
Jolt	Толчок
Jugulate	Перерезать горло
Junctioned Cast	Сопряжённое заклинание
Kakuremi	Скрытое тело
Kaltstrahl	Холодный луч
Kardia	Сердце
Kasha	Огненная колесница
Kassatsu	Власть над жизнью и смертью
Keen Edge	Острая грань
Kerachole	Роговая желчь
King's Yield	Королевская добыча
Krasis	Смешение
Kunai's Bane	Пагуба куная
Ladonsbite	Укус Ладона
Lance Barrage	Шквал копий
Lance Charge	Копейный натиск
Landscape Motif	Мотив пейзажа
Largesse	Щедрость
Laser Eye	Лазерный глаз
Last Dance	Последний танец
Launcher	Пусковая установка
Lay of the Land	Знание местности
Leaping Opo	Прыгающий опо-опо
Leg Graze	Ранение ноги
Leg Sweep	Подсечка ног
Lethargy	Вялость
Level 5 Death	Смерть 5-го уровня
Level 5 Petrify	Окаменение 5-го уровня
Ley Lines	Линии силы
Life Surge	Всплеск жизни
Lightning Shot	Молниеносный выстрел
Lightspeed	Скорость света
Liturgy of the Bell	Литургия колокола
Living Dead	Живой мертвец
Living Muse	Живая муза
Living Shadow	Живая тень
Loom	Внезапное появление
Low Blow	Подлый удар
Lucid Dreaming	Осознанный сон
Luck of the Mountaineer	Удача горняка
Luck of the Pioneer	Удача первопроходца
Lustrate	Омовение
Lux Solaris	Солнечный свет
Macrocosmos	Макрокосм
Mage's Ballad	Баллада мага
Magic Hammer	Волшебный молот
Magick Barrier	Магический барьер
Maim	Увечье
Makeshift Bait	Импровизированная наживка
Malediction of Water	Проклятие воды
Malefic	Пагуба
Manafication	Наполнение маной
Manafont	Источник маны
Manaward	Щит маны
Mangetsu	Полнолуние
Mantra	Мантра
Marksman's Spite	Злоба стрелка
Masterful Blitz	Мастерский шквал
Material Miracle	Материальное чудо
Matra Magic	Магия Матры
Medica	Общее исцеление
Medical Kit	Медицинский набор
Meditate	Медитация
Meikyo Shisui	Ясное зеркало, спокойная вода
Meisui	Чистая вода
Mesotes	Золотая середина
Meteodrive	Метеорный натиск
Meticulous Prospector	Тщательный рудокоп
Meticulous Woodsman	Тщательный лесоруб
Microcosmos	Микрокосм
Midare Setsugekka	Вихрь снега, луны и цветов
Mighty Guard	Могучая защита
Mind Blast	Взрыв разума
Mineuchi	Удар обухом
Minor Arcana	Младшие арканы
Miracle of Nature	Чудо природы
Mirage Dive	Призрачное пике
Missile	Ракета
Mistral Axe	Топор мистраля
Modest Lure	Скромная приманка
Mog of the Ages	Мугл веков
Mooch	Ловля на живца
Moon Flute	Лунная флейта
Mortal Flame	Смертельное пламя
Moulinet	Мельница
Mountain Buster	Крушитель гор
Mountaineer's Gift	Дар горняка
Mug	Ограбление
Multihook	Множественная подсечка
Mustard Bomb	Горчичная бомба
Mythril Tempest	Мифриловая буря
Nald'thal's Tidings	Вести Нальд'тала
Nascent Flash	Зарождающаяся вспышка
Nastrond	Настрёнд
Nature's Bounty	Щедрость природы
Nature's Minne	Любовная песнь природы
Nebula	Туманность
Necrotize	Омертвение
Neutral Sect	Нейтральная секта
Night Wing	Ночное крыло
Nightbloom	Ночное цветение
Nightmare Scythe	Коса кошмаров
Ninjutsu	Искусство ниндзя
No Mercy	Без пощады
Nophica's Tidings	Вести Нофики
Northerlies	Северные ветры
Oblation	Подношение
Off-guard	Врасплох
Ogi Namikiri	Тайный приём: рассечение волн
Oka	Цветок вишни
Onslaught	Натиск
Oracle	Оракул
Orogeny	Горообразование
Outburst	Выброс
Overpower	Подавление
Painflare	Вспышка боли
Panhaima	Всеобщая кровь
Paradox	Парадокс
Parting Blow	Прощальный удар
Passage of Arms	Проход под оружием
Patience	Терпение
Peat Pelt	Торфяной бросок
Peculiar Light	Необычный свет
Peloton	Пелотон
Pepsis	Усвоение
Perfect Balance	Совершенное равновесие
Peripheral Synthesis	Периферийный синтез
Perpetual Ray	Непрерывный луч
Phalanx	Фаланга
Phantom Dart	Призрачный дротик
Phantom Flurry	Призрачный шквал
Phantom Kamaitachi	Призрачный серпокрыл
Philosophia	Философия
Phlegma	Флегма
Physick	Врачевание
Physis	Природа
Piercing Talon	Пронзающий коготь
Pioneer's Gift	Дар первопроходца
Pitch Perfect	Идеальный слух
Plaincracker	Раскалывание равнин
Play	Разыграть карту
Plenary Indulgence	Полное отпущение
Plentiful Harvest	Обильная жатва
Plunge	Погружение
Pneuma	Дыхание духа
Pom Cure	Помпонное исцеление
Pouncing Coeurl	Прыгающий коэрл
Powerful Hookset	Сильная подсечка
Powerful Shot	Мощный выстрел
Precious Brilliance	Драгоценное сияние
Precision Hookset	Точная подсечка
Prefulgence	Предваряющее сияние
Presence of Mind	Присутствие духа
Primal Rend	Первобытный разрыв
Primal Scream	Первобытный крик
Priming Touch	Подготавливающее касание
Prize Catch	Ценный улов
Prognosis	Прогноз
Prominence	Протуберанец
Prospect	Поиск руды
Protean Wave	Изменчивая волна
Protect	Покров
Protraction	Продление
Provoke	Провокация
Psyche	Душа
Purify	Очиститься
PvP Role Action	Ролевое действие против игроков
Quasar	Квазар
Queen Overdrive	Перегрузка королевы
Quelling Wave	Усмиряющая волна
Quick Nock	Быстрая тетива
Quietus	Последний покой
Quit	Закончить рыбалку
Radiant Aegis	Сияющая эгида
Radiant Encore	Сияющий выход на бис
Radiant Finale	Сияющий финал
Rage of Halone	Гнев Халоне
Raging Strikes	Яростные удары
Rain of Death	Дождь смерти
Rainbow Drip	Радужная капля
Raise	Воскрешение
Rally	Сбор сил
Rallying Cheer	Воодушевляющий возглас
Rampart	Защитный вал
Rattling Coil	Гремучий виток
Raw Destruction	Необузданное разрушение
Raw Intuition	Чистая интуиция
Reassemble	Повторная сборка
Reaving Fangs	Раздирающие клыки
Reaving Maw	Раздирающая пасть
Reawaken	Повторное пробуждение
Recitation	Чтение наизусть
Recuperate	Восстановиться
Redoublement	Повторный выпад
Reflux	Обратный поток
Refulgent Arrow	Блистающая стрела
Regen	Регенерация
Rehydration	Восстановление влаги
Reign of Beasts	Царство зверей
Release	Отпустить рыбу
Release List	Список отпускаемых рыб
Relentless Rush	Неустанный натиск
Repelling Shot	Отталкивающий выстрел
Repose	Упокоение
Reprisal	Возмездие
Reprise	Реприза
Requiescat	Заупокойная молитва
Rescue	Спасение
Resolution	Решимость
Resonant Arrow	Резонирующая стрела
Rest	Отдых
Resurrection	Восстание из мёртвых
Retaliation	Ответное возмездие
Retrace	Возврат по следу
Revenge Blast	Взрыв мести
Reverse Cascade	Обратный каскад
Rhizomata	Корни
Ricochet	Рикошет
Riddle of Earth	Загадка земли
Riddle of Fire	Загадка огня
Riddle of Wind	Загадка ветра
Right Round	Полный оборот
Riot Blade	Буйный клинок
Riposte	Ответный выпад
Rise of the Dragon	Пробуждение дракона
Risen Fall	Возвышенное падение
Rising Raptor	Взлетающий раптор
Rising Windmill	Восходящая мельница
Rockbreaker	Крушитель скал
Rook Autoturret	Автотурель «Ладья»
Rook Overdrive	Перегрузка ладьи
Rough Divide	Грубое рассечение
Royal Authority	Королевская власть
Royal Guard	Королевская стража
Ruby Dynamics	Рубиновая динамика
Ruin	Руина
Saber Dance	Танец сабель
Sacred Soil	Священная почва
Saintly Beam	Святой луч
Salt and Darkness	Соль и тьма
Salted Earth	Засолённая земля
Salvage	Подъём затонувшего
Scaleskin	Чешуйчатая кожа
Scathe	Ожог
Scatter	Разброс
Scattergun	Дробовик
Scenic Muse	Пейзажная муза
Schiltron	Копейный строй
Scour	Тщательный сбор
Scouring Ash	Выжигающий пепел
Scrutiny	Пристальное изучение
Sea Shanty	Морская песня
Searing Flash	Опаляющая вспышка
Searing Light	Опаляющий свет
Second Battlehorn	Второй боевой рог
Second Wind	Второе дыхание
Seedsower	Сеятель
Seiton Tenchu	Бегство звёзд: небесная кара
Self-destruct	Самоуничтожение
Sentinel	Часовой
Seraph Strike	Удар серафима
Seraphism	Облик серафима
Serpent's Ire	Гнев змея
Serpent's Tail	Хвост змея
Shade Shift	Смена тени
Shadow Wall	Стена теней
Shadow of Death	Тень смерти
Shadow of the Destroyer	Тень Разрушителя
Shadowbite	Теневой укус
Shadowbringer	Несущий тень
Shadowed Vigil	Теневой дозор
Shadowstride	Теневой шаг
Shake It Off	Стряхнуть
Shark Eye	Акулий глаз
Sharp Vision	Острое зрение
Sharpened Knife	Заточенный нож
Sheltron	Стена щитов
Shield Bash	Удар щитом
Shield Charge	Натиск щитом
Shield Lob	Бросок щита
Shield Samba	Самба защиты
Shield Smite	Сокрушение щитом
Shieldsplitter	Раскалывание щита
Shifu	Быстрый ветер
Shirk	Переложить угрозу
Shock Strike	Громовой удар
Shoha	Озарение
Shoulder Tackle	Удар плечом
Shukuchi	Сокращение расстояния
Sidewinder	Боковой удар
Silent Nocturne	Тихий ноктюрн
Six-sided Star	Шестиконечная звезда
Sky High	Высоко в небо
Sleep	Сон
Slice	Разрез
Slipstream	Воздушный поток
Slither	Скольжение змеи
Slug Shot	Пулевой выстрел
Smash Axe	Сокрушающий топор
Smite	Сокрушение
Smudge	Мазок
Snagging	Зацеп
Snake Scales	Змеиная чешуя
Snap Punch	Хлёсткий удар
Sneak	Красться
Snort	Фырканье
Solid Barrel	Цельный ствол
Solid Reason	Твёрдый довод
Song of Torment	Песня мучений
Sonic Boom	Звуковой удар
Sonic Break	Звуковой разрыв
Sonic Thrust	Звуковой выпад
Soteria	Спасение души
Soul Crush	Сокрушение души
Soul Resonance	Резонанс души
Soul Scythe	Коса души
Soul Slice	Разрез души
Souleater	Пожиратель душ
Soulsow	Посев душ
Southern Cross	Южный Крест
Spareful Hand	Бережливая рука
Spineshatter Dive	Пике сокрушения хребта
Spinning Axe	Вращающийся топор
Spinning Edge	Вращающееся лезвие
Spinning Scythe	Вращающаяся коса
Spiral Blow	Спиральный удар
Spirits Within	Внутренние духи
Split Shot	Расщепляющий выстрел
Spread Shot	Веерный выстрел
Stalwart Soul	Стойкая душа
Standard Step	Обычный шаг
Standard-issue Elixir	Стандартный эликсир
Star Prism	Звёздная призма
Starcross	Звёздный крест
Stardiver	Звёздное пике
Starfall Dance	Танец звездопада
Steel Cyclone	Стальной циклон
Steel Fangs	Стальные клыки
Steel Maw	Стальная пасть
Steel Muse	Стальная муза
Steel Peak	Стальная вершина
Steeled Meditation	Закалённая медитация
Stellar Hookset	Звёздная подсечка
Stellar Steady Hand	Звёздная твёрдая рука
Sticky Tongue	Липкий язык
Stone	Камень
Storm's Eye	Око бури
Storm's Path	Путь бури
Stormbite	Укус бури
Stotram	Хвалебный гимн
Straight Shot	Прямой выстрел
Subtractive Palette	Палитра смешения
Succor	Подмога
Summon Bahamut	Призыв Бахамута
Summon Carbuncle	Призыв Карбункула
Summon Emerald	Призыв изумруда
Summon Eos	Призыв Эос
Summon Garuda	Призыв Гаруды
Summon Ifrit	Призыв Ифрита
Summon Phoenix	Призыв Феникса
Summon Ruby	Призыв рубина
Summon Seraph	Призыв Серафима
Summon Titan	Призыв Титана
Summon Topaz	Призыв топаза
Sun Sign	Солнечный знак
Superbolide	Суперболид
Surecast	Непрерываемое заклинание
Surface Slap	Удар по воде
Surpanakha	Шурпанакха
Swiftcast	Мгновенное заклинание
Swiftskin's Coil	Виток быстрой кожи
Swiftskin's Den	Логово быстрой кожи
Synastry	Синастрия
Syphon Strike	Вытягивающий удар
Tactician	Тактик
Tail Screw	Хвостовой винт
Tatami-gaeshi	Переворот татами
Taurochole	Бычья желчь
Technical Step	Технический шаг
Tempera Coat	Слой темперы
Tempera Grassa	Масляная темпера
Temperance	Умеренность
Tempered Release	Закалённое освобождение
Ten	Небо
Ten Chi Jin	Небо, земля и человек
Tenebrae Lemurum	Тьма духов
Tengentsu	Всевидящее око
Tenka Goken	Пять небесных мечей
Terminal Velocity	Предельная скорость
Testudo	Черепаший строй
Tetragrammaton	Тетраграмматон
Thaliak's Favor	Благосклонность Талиака
The Blackest Night	Темнейшая ночь
The Forbidden Chakra	Запретная чакра
The Giving Land	Щедрая земля
The Rose of Destruction	Роза разрушения
The Wanderer's Minuet	Менуэт Странника
Thin Air	Разреженный воздух
Third Battlehorn	Третий боевой рог
Third Eye	Третий глаз
Three Mudra	Три мудры
Thrill of Battle	Азарт битвы
Throwing Dagger	Метательный кинжал
Thunder	Гром
Thunderclap	Раскат грома
Tingle	Покалывание
Toad Oil	Жабье масло
Tomahawk	Томагавк
Tornado Kick	Удар торнадо
Total Eclipse	Полное затмение
Toxikon	Токсин
Trajectory	Траектория
Transfusion	Переливание
Transpose	Перестановка
Tri-disaster	Тройное бедствие
Triangulate	Поиск растений
Trick	Уловка
Trick Attack	Коварная атака
Triple Hook	Тройная подсечка
Triple Trident	Тройной трезубец
Triplecast	Тройное заклинание
Troubadour	Трубадур
True North	Истинный север
True Strike	Верный удар
True Thrust	Верный выпад
Truth of Forests	Истина лесов
Truth of Mountains	Истина гор
Truth of Oceans	Истина океанов
Tsubame-gaeshi	Возвращение ласточки
Twin Snakes	Две змеи
Twinblood	Двойная кровь
Twinfang	Двойной клык
Ultravibration	Ультравибрация
Umbral Soul	Теневая душа
Uncoiled Fury	Развёрнутая ярость
Unleash	Высвобождение
Unmend	Разлад
Upheaval	Сотрясение
Veil of the Whorl	Завеса водоворота
Vengeance	Месть
Venomous Bite	Ядовитый укус
Veraero	Алый ветер
Vercure	Алое исцеление
Verfire	Алый огонь
Verraise	Алое воскрешение
Verstone	Алый камень
Verthunder	Алый гром
Veteran Trade	Уловка ветерана
Vice of Thorns	Терновые тиски
Vicepit	Сжимающее логово
Vicewinder	Сжимающий виток
Vileskin	Скверная кожа
Vital Sight	Жизненное зрение
Vorpal Thrust	Разящий выпад
Water Cannon	Водяная пушка
Waxing Slice	Нарастающий разрез
Weapon Motif	Мотив оружия
Weapon Throw	Бросок оружия
Wheeling Thrust	Круговой выпад
Whispering Dawn	Шепчущий рассвет
Whistle	Свист
White Knight's Tour	Ход белого коня
White Wind	Белый ветер
Whorl of Death	Вихрь смерти
Wide Volley	Широкий залп
Wild Rage	Дикая ярость
Wildfire	Дикий огонь
Wind's Reply	Ответ ветра
Windbite	Укус ветра
Windmill	Ветряная мельница
Winged Glide	Крылатое скольжение
Winged Reprobation	Крылатое осуждение
Wise to the World	Мудрость мира
Wither	Увядание
World-swallower	Пожиратель миров
Writhing Snap	Извивающийся укус
Wyrmwind Thrust	Выпад драконьего ветра
Xenoglossy	Чужая речь
Yukikaze	Снежный ветер
Zanshin	Неусыпная готовность
Zantetsuken	Меч, рассекающий железо
Zoe	Жизнь
Zwerchhau	Поперечный удар
the Dragon's Voice	Голос дракона
the Look	Взгляд
the Ram's Voice	Голос барана
the Twelve's Bounty	Щедрость Двенадцати
the Warden's Paean	Пеан Хранителя
●アビサルドレイン	Поглощение бездны
●漆黒の剣	Угольно-чёрный меч
●虹色魔法	Радужная магия
Aerial Blast	Воздушный взрыв
Aerial Slash	Воздушный разрез
Away	Отпустить
Backdraft	Обратная тяга
Burning Strike	Пылающий удар
Contagion	Заражение
Curl	Свернуться
Defensive Mode	Режим защиты
Downburst	Нисходящий порыв
Earthen Fury	Гнев земли
Earthen Ward	Земная защита
Embrace	Объятие
Fey Caress	Ласка феи
Fey Covenant	Завет феи
Fey Wind	Ветер феи
Flaming Crush	Пламенное сокрушение
Gouge	Глубокий порез
Gust	Порыв
Heel	К ноге
Inferno	Пекло
Landslide	Оползень
Obey	Слушаться
Offensive Mode	Режим атаки
Place	На место
Radiant Shield	Сияющий щит
Rock Buster	Крушитель камней
Shining Emerald	Сверкающий изумруд
Shining Topaz	Сверкающий топаз
Shockwave	Ударная волна
Sic	Фас
Silent Dusk	Безмолвные сумерки
Stay	Стоять
Steady	Смирно
Storm	Буря
Wind Blade	Клинок ветра
Anden III	Анден 3
CAM-I	КАМ-1
CAM-II	КАМ-2
CHL P-0005	ЧХЛ П-0005
CHL P-0006	ЧХЛ П-0006
CHL P-0006B	ЧХЛ П-0006Б
CHL W-0001	ЧХЛ В-0001
CHL W-0002	ЧХЛ В-0002
CPD-I	ЦПД-1
Construct VI-S	Конструкт 6-С
Construct VII	Конструкт 7
Gabriel Mark III	Габриэль, модель 3
Garlond GL-II	Гарлонд ГЛ-2
Garlond GL-IIT	Гарлонд ГЛ-2Т
Garlond GL-IS	Гарлонд ГЛ-1С
air-wheeler C9	Воздушный колёсник Ц9
automatoise	Черепахоматон
magitek avenger A1	Магитехнический мститель А1
magitek avenger G1	Магитехнический мститель Г1
monowheel S1	Моноколесо С1
2B automaton	Автоматон 2Б
2P automaton	Автоматон 2П
9S automaton	Автоматон 9С
Dáinsleif F1	Даинслейф Ф1
Lalinator 5.H0	Лалинатор 5.Х0
air-wheeler M9	Воздушный колёсник М9
magitek avenger F1	Магитехнический мститель Ф1
magitek helldiver F1	Магитехнический адский ныряльщик Ф1
magitek predator F1	Магитехнический хищник Ф1
nosferatu	Носферату
page 63	Страница 63
steam-powered gobwalker G-VII	Паровой гоблиноход Г-7
tin sentry T1	Жестяной часовой Т1
tin soldier S3	Жестяной солдат С3
wind-up Red XIII	Заводной Ред 13
