Addersgall	Змеиная желчь
Addersting	Змеиное жало
Adept Assassination	Искусное убийство
Aetherdam	Эфирная плотина
Aetherfishing	Эфирная рыбалка
All Fours	На четвереньках
Angler's Art	Искусство рыболова
Arcane Mastery	Мастерство тайной магии
Aspect Mastery	Мастерство аспектов
Auto Fathom	Автоматическое определение глубины
Auto Prospect	Автоматический поиск руды
Auto Sneak	Автоматическое скрытное передвижение
Auto Triangulate	Автоматический поиск растений
Battlehorn Mastery	Мастерство боевого рога
Beast Chakra Mastery	Мастерство звериных чакр
Beastmastery	Укрощение зверей
Bite Mastery	Мастерство укусов
Blackblood	Чёрная кровь
Cartridge Charge	Заряд патрона
Charged Action Mastery	Мастерство действий с зарядами
Chivalry	Рыцарство
Cloudfishing	Облачная рыбалка
Collector's High Standard	Высокие требования коллекционера
Corruption Mastery	Мастерство порчи
Darkside	Тёмная сторона
Deep Meditation	Глубокая медитация
Divine Magic Mastery	Мастерство божественной магии
Double Mooching	Двойная ловля на живца
Double-barrel Mastery	Мастерство двойного ствола
Dripping Blades	Пропитанные клинки
Dualcast	Двойное сотворение
Dunefishing	Рыбалка в дюнах
Dynamic Dancer	Энергичный танцор
Elemental Mastery	Мастерство стихий
Emerald Summoning Mastery	Мастерство призыва изумруда
Enchanted Blade Mastery	Мастерство зачарованного клинка
Endless Toil of the Mountaineer	Неутомимый труд горняка
Endless Toil of the Pioneer	Неутомимый труд первопроходца
Enhanced Accuracy	Повышенная точность
Enhanced Artistry	Улучшенное художественное мастерство
Astral Fire	Астральный огонь
Avatar	Аватар
Blade of Valor	Клинок доблести
Enhanced Critical Hit	Повышенный критический удар
Enhanced Dexterity	Повышенная ловкость
Draw	Извлечь карту
Egi Assault	Атака эги
Enkindle	Воспламенение
Esprit	Дух
Firebird Trance	Транс огненной птицы
Fists of Fire	Кулаки огня
Fugetsu and Fuka	Лунный ветер и цветочный ветер
Enhanced GP Regeneration	Ускоренное восстановление очков сбора
Greased Lightning	Молниеносность
Enhanced Healing Magic	Усиленная целительная магия
Hissatsu	Смертельный приём
Enhanced Intelligence	Повышенный интеллект
Enhanced Mind	Повышенный дух
Multiweapon	Множественное оружие
Palette	Палитра
Pictomancy	Магия рисунка
Polyglot	Полиглот
Raiton	Искусство молнии
Serpent's Lineage	Родословная змея
Sharpcast	Усиление заклинания
Standard Finish	Обычный финал
Stealth	Незаметность
Enhanced Strength	Повышенная сила
Tackle	Таран
Technical Finish	Технический финал
Tempera	Темпера
Twelve's Bounty	Щедрость Двенадцати
Umbral Heart	Теневое сердце
Viper's Rattle	Погремушка гадюки
Enhanced Vitality	Повышенная живучесть
Eukrasian Prognosis	Эвкразийный прогноз
Expedience	Оперативность
Firestarter	Разжигание огня
Fish Whisperer	Понимающий рыб
Fisher's Instinct	Чутьё рыболова
Fleet of Foot	Быстрота ног
Flint Strike	Кремнёвый удар
Fourfold Fantasy	Четверная фантазия
Freecure	Бесплатное исцеление
Gulleye	Глаз чайки
Heavier Shot	Утяжелённый выстрел
Hellfishing	Адская рыбалка
Hellsgate	Врата ада
Hyper Lightspeed	Сверхсветовая скорость
Impulsive Appraisal	Импульсивная оценка
Increase Attack Speed	Увеличение скорости атаки
Increased Action Damage	Повышенный урон действий
Increased HP	Увеличенный запас здоровья
Instinctual Mastery	Мастерство инстинкта
Kenki Mastery	Мастерство энергии меча
Lance Mastery	Мастерство копья
Leaf Turn	Переворот листа
Learning	Обучение
Life of the Dragon	Жизнь дракона
Magick Mastery	Мастерство магии
Maim and Mend	Калечить и исцелять
Mana Stack	Накопление маны
Marksman's Mastery	Мастерство меткого стрелка
Mastering the Beast	Власть над зверем
Melee Mastery	Мастерство ближнего боя
Minstrel's Coda	Кода менестреля
Nascent Chaos	Зарождающийся хаос
Nymeia's Ward	Защита Нимейи
Oath Mastery	Мастерство клятвы
Offensive Magic Mastery	Мастерство атакующей магии
One with the Forest	Единство с лесом
One with the Mountain	Единство с горой
One with the Ocean	Единство с океаном
Palette Gauge	Шкала палитры
Practice Makes Perfect	Мастерство приходит с практикой
Promotion	Повышение
Quality Assurance	Гарантия качества
Queen's Gambit	Ферзевый гамбит
Quickened Aetherflow	Ускоренный поток эфира
Ranged Mastery	Мастерство дальнего боя
Red Magic Mastery	Мастерство красной магии
Revisit	Повторное посещение
Ruby Summoning Mastery	Мастерство призыва рубина
Saltfishing	Рыбалка в солёных водах
Secret of the Lily	Тайна лилии
Serpent's Legacy	Наследие змея
Shroud Gauge	Шкала покрова
Shukiho	Сбор энергии
Skyfishing	Небесная рыбалка
Somanoutic Oath	Клятва соманаута
Soul Gauge	Шкала души
Soul Voice	Голос души
Starfishing	Звёздная рыбалка
Stone Whisperer	Понимающий камни
Stroke of Genius	Гениальное озарение
Sword Oath	Клятва меча
Tactician's Mastery	Мастерство тактика
Tank Mastery	Мастерство защитника
Tempered Soul	Закалённая душа
The Beast Within	Зверь внутри
Thundercloud	Грозовая туча
Topaz Summoning Mastery	Мастерство призыва топаза
Transcendent Afflatus	Превосходящее вдохновение
Tree Whisperer	Понимающий деревья
Uncoiled Fangs	Раскрытые клыки
Unearth	Раскопки
Viper's Bite	Укус гадюки
Viper's Fangs	Клыки гадюки
Viper's Maw	Пасть гадюки
Viper's Thresh	Молотьба гадюки
Void Soul	Душа пустоты
Way of the Samurai	Путь самурая
White Magic Mastery	Мастерство белой магии
Wild Heart	Дикое сердце
Inner Quiet	Внутренний покой
