(仮)物理シールド(ストンスキン)	Предварительный физический щит: каменная кожа
(仮)魔法シールド(ストンスキン)	Предварительный магический щит: каменная кожа
+1 Correction	Поправка +1
+2 Correction	Поправка +2
+3 Correction	Поправка +3
+4 Correction	Поправка +4
+5 Correction	Поправка +5
A Bit Berserk	Немного в ярости
A Man's Best Friend	Лучший друг человека
ATK & DEF	Атака и защита
ATK	Атака
DEF	Защита
Abandon	Безудержность
Abandonment	Одиночество
About Face	Кругом
Abridged	Сокращение
Absolute Bind	Абсолютное обездвиживание
Absolute Protect	Абсолютный покров
Abyssal Edge	Лезвие бездны
Acceleration Bomb	Бомба ускорения
Acclaim	Признание
Accretion	Нарастание
Accuracy	Точность
Accursed Flame	Проклятое пламя
Accursed Poison	Проклятый яд
Accursed Pox	Проклятая оспа
Acting DPS	Исполнение роли атакующего
Acting Healer	Исполнение роли целителя
Acting Tank	Исполнение роли защитника
Adamant Purged	Адамант очищен
Adamant Scales	Адамантовая чешуя
Adamantinon Thelema	Адамантовая воля
Adaptation	Адаптация
Aether Rot	Эфирная гниль
Aether Rot Immunity	Невосприимчивость к эфирной гнили
Aether Sickness	Эфирная болезнь
Aetherhues	Эфирные оттенки
Aetherial Depletion	Эфирное истощение
Aetherial Enhancement	Эфирное усиление
Aetherial Exchange	Эфирный обмен
Aetherial Field	Эфирное поле
Aetherial Surge	Эфирный всплеск
Aetherial Ward	Эфирная защита
Aetherially Charged	Заряд эфира
Aetherially Primed	Эфирная подготовка
Aetheric Mimicry: DPS	Эфирное подражание: атакующий
Aetheric Mimicry: Healer	Эфирное подражание: целитель
Aetheric Mimicry: Tank	Эфирное подражание: защитник
Aetherochemical Bomb	Эфирохимическая бомба
Aetherochemical Nanospores α	Эфирохимические наноспоры альфа
Aetherochemical Nanospores β	Эфирохимические наноспоры бета
Aetheronecrosis	Эфирный некроз
Aetherstock	Запас эфира
Aethersucker	Поглотитель эфира
Aethertrail Attunement	Настройка эфирного следа
Affixed	Прикрепление
Aggravated Assault	Усугублённое нападение
Aggressive Posture	Агрессивная позиция
Aggressive Stance	Агрессивная стойка
Agitation	Возбуждение
Air Force Simulation	Имитация воздушных сил
Airbound	Поднятие в воздух
Alexandrian Barrier	Александрийский барьер
Alexandrian Swiftdodge	Александрийское быстрое уклонение
Alexandrian Swiftstep	Александрийский быстрый шаг
All Evens	Все чётные
All Odds	Все нечётные
All Prime	Все простые
All Three	Все тройки
Allagan Field	Аллаганское поле
Allagan Immunity	Аллаганская невосприимчивость
Allagan Rot	Аллаганская гниль
Allagan Venom	Аллаганский яд
Allied Arithmeticks	Союзная арифметика
Almagest	Альмагест
Alpha Target	Цель альфа
Altered States	Изменённые состояния
Ammunition Loaded	Боеприпасы заряжены
Amnesia	Амнезия
Anatman	Отсутствие самости
Ancient Circle	Древний круг
Ancient Double	Древнее удвоение
Ancient Frost	Древний мороз
Anemomorph	Облик ветра
Angler's Fortune	Удача рыболова
Anguish	Мучение
Annihilation Mode	Режим уничтожения
Anointed	Помазание
Another Victim	Ещё одна жертва
Anthropomorph	Человеческий облик
Anti-coagulant	Противосвёртывающее средство
Antiblind	Защита от слепоты
Antibody	Антитело
Anticipation	Предчувствие
Antiparalysis	Защита от паралича
Antipetrification	Защита от окаменения
Antipoison	Защита от яда
Antisleep	Защита от сна
Apathetic	Апатия
Apex Blades	Высшие клинки
Apex Wings	Высшие крылья
Apocatastasis	Всеобщее восстановление
Aquatic Conception	Водное зачатие
Arcana Breaker	Разрушитель арканов
Arcane Attraction	Тайное притяжение
Arcane Bulwark	Тайный оплот
Arcane Design	Тайный замысел
Arcane Fever	Магическая лихорадка
Arcane Stop	Магическая остановка
Arcane Triumph	Торжество тайной магии
Arcanum Blessing	Благословение аркана
Area of Influence	Область воздействия
Arm of Purgatory	Рука чистилища
Armed to the Teeth	Вооружение до зубов
Armored Scales	Бронированная чешуя
Arms Up	Оружие наготове
Army's Ethos	Боевой дух войска
Army's Muse	Муза войска
Arrow Drawn	Карта «Стрела» извлечена
Arrow Held	Карта «Стрела» сохранена
Artificial Boost	Искусственное усиление
Artificially Enhanced	Искусственное улучшение
Ascended	Вознесение
Ash Kinship	Родство пепла
Ashen	Пепельный покров
Aspected to Fire	Аспект огня
Aspected to Ice	Аспект льда
Aspected to Lightning	Аспект молнии
Aspirstrikes	Удары поглощения маны
Assassinated	Устранение
Assimilated	Ассимиляция завершена
Assimilation	Ассимиляция
Astral Ascendancy	Астральное превосходство
Astral Attenuation	Астральное ослабление
Astral Cloak	Астральный плащ
Astral Effect	Астральный эффект
Astral Essence	Астральная сущность
Astral Eye	Астральное око
Astral Realignment	Астральная перестройка
Astral Tilt	Астральный перекос
Astral Warmth	Астральное тепло
Astralbright Soul	Астрально-светлая душа
Astralstrong Soul	Астрально-сильная душа
At Death's Door	На пороге смерти
At the Limit	На пределе
Atlas	Атлас
Atmosfaction	Власть атмосферы
Atrophy	Атрофия
Attack	Атака
Attack Magic Potency	Сила атакующей магии
Attraction Reversed	Обратное притяжение
Auroral Flipper	Ласт сияния
Auspicious	Благоприятное знамение
Auspicious Trance	Благоприятный транс
Authority's Boot	Сапог власти
Authority's Expansion	Расширение власти
Authority's Gaze	Взгляд власти
Authority's Heel	Пятка власти
Authority's Hold	Хватка власти
Auto-ether	Автоматический эфир
Auto-heal Penalty	Штраф автоматического лечения
Auto-potion	Автоматическое зелье
Auto-remedy	Автоматическое лекарство
Autophysis	Самовосстановление
Avaricious Ruin	Алчное разорение
Awareness	Бдительность
Away with the Fae	Унесённый феями
Back Unseen	Незаметность сзади
Back from the Brink	Возвращение с края гибели
Back with Thee	Назад с тобой
Backward Bearing	Направление назад
Backward Fracture	Задний разлом
Backward Whimsy	Обратная прихоть
Balance Drawn	Карта «Весы» извлечена
Balance Held	Карта «Весы» сохранена
Balanced Party	Сбалансированная группа
Balanced Tactics	Сбалансированная тактика
Baleful Air	Зловещий воздух
Banner of Limitless Grace	Знамя безграничной грации
Banner of Transcendent Finesse	Знамя высшего мастерства
Banner of Unyielding Defense	Знамя несокрушимой защиты
Bardam's Price	Цена Бардама
Barofield	Поле давления
Battle Efficiency	Боевая эффективность
Battle Fever	Боевая лихорадка
Battle High	Боевой подъём
Battle's Clangor	Лязг битвы
Beast Kinship	Звериное родство
Beastking's Boon	Дар царя зверей
Beckoned	Призыв
Beckoning Dark	Манящая тьма
Bee Be Gone	Пчела прочь
Bee Be Here	Пчела здесь
Beeloved Venom: α	Медовый яд: альфа
Beeloved Venom: β	Медовый яд: бета
Begrimed	Покрытие грязью
Behelmed	В шлеме
Bemoggled	Превращение в мугла
Benoggined	Удар по голове
Beta Target	Цель бета
Bewildered	Замешательство
Beyond Beleafed	Невероятная листва
Beyond Death	За гранью смерти
Beyond Limits	За пределами возможного
Bibliotaph Simulation	Имитация Библиотафа
Big Bang	Большой взрыв
Big Bounce	Большой отскок
Bigbulge Biggerbrain	Мозговое усиление Большебрюха
Bigbulge Goblixer	Гобликсир Большебрюха
Bind	Обездвиживание
Bind Resistance	Сопротивление обездвиживанию
Bind+	Усиленное обездвиживание
Binding Dark	Сковывающая тьма
Binding Soul Snare	Ловушка, сковывающая душу
Biohacked	Биологический взлом
Biolytic	Биолитическое разложение
Bishop Active	Слон активен
Bitter Hate	Горькая ненависть
Black Hole Buffer	Защита от чёрной дыры
Black Menace	Чёрная угроза
Black Shift	Чёрный сдвиг
Black Wound	Чёрная рана
Blackest Night	Темнейшая ночь
Blackfeather Boost	Усиление чёрного пера
Bladecatcher	Перехват клинка
Blankface Goblixer	Гобликсир Пустоликого
Blaze Spikes	Пламенные шипы
Blazing Aramitama	Пылающий буйный дух
Blazing Bane	Пылающая пагуба
Bleeding	Кровотечение
Blessing of Blight	Благословение порчи
Blessing of Earth	Благословение земли
Blessing of Fire	Благословение огня
Blessing of Light	Благословение света
Blessing of the Void	Благословение пустоты
Blight	Порча
Blind	Слепота
Blind Resistance	Сопротивление слепоте
Blind to Grief	Слепота к горю
Blind to Rage	Слепота к ярости
Bloated	Вздутие
Blood Moon	Кровавая луна
Blood Price	Цена крови
Blood Rush	Прилив крови
Blood Sacrifice	Кровавая жертва
Blood for Blood	Кровь за кровь
Blood of the Br'aax	Кровь бракса
Blood of the Dragon	Кровь дракона
Blood of the Gorgon	Кровь горгоны
Bloodsown Circle	Круг кровавого посева
Bloody Ruin	Кровавое разорение
Blooming Blue	Синее цветение
Blooming Gold	Золотое цветение
Blooming Welt	Распускающийся рубец
Blown Away	Снесён ветром
Blue Noise: Easterly	Синий шум: восточный
Blue Noise: Westerly	Синий шум: западный
Bluefire	Синее пламя
Blunt Resistance	Сопротивление дробящим ударам
Bodily Manipulation	Управление телом
Boiling	Кипение
Bole Drawn	Карта «Ствол» извлечена
Bole Held	Карта «Ствол» сохранена
Bombarium	Бомбарий
Bonds of Darkness	Узы тьмы
Bonds of Flesh α	Узы плоти альфа
Bonds of Flesh β	Узы плоти бета
Bonds of Loathing	Узы отвращения
Boost	Усиление
Boosted	Усиленное состояние
Boot Camp Mode	Режим учебного лагеря
Borne Heart	Несомое сердце
Borrowed Flesh	Заимствованная плоть
Borrowed Time	Заёмное время
Bound and Determined	Связанный решимостью
Bountiful Catch	Щедрый улов
Br'aax Pulse	Пульс бракса
Braced	Готовность выдержать удар
Bracing Suds	Бодрящая пена
Brain Rot	Гниение мозга
Brand of the Fallen	Клеймо павших
Brand of the Ireful	Клеймо гневных
Brand of the Sullen	Клеймо угрюмых
Brave New World	Дивный новый мир
Bravery of the Seventh Dawn	Храбрость Седьмого рассвета
Break III Edict	Указ сокрушения 3
Breaker of Wind	Рассекатель ветра
Breath of the Gorgon	Дыхание горгоны
Breathless	Без дыхания
Briar	Шиповник
Bright Pulse	Яркий импульс
Brightwinged Fortitude	Стойкость светлых крыльев
Brightwinged Fury	Ярость светлых крыльев
Brilliant Conviction	Блистательная убеждённость
Brilliant Dynamis	Блистательный динамис
Brink of Death	Грань смерти
Briny Mirror	Солёное зеркало
Briny Veil	Солёная завеса
Brood Rage	Ярость выводка
Brotherly Love	Братская любовь
Brush with Death	Встреча со смертью
Bubble Gaol	Пузырьковая тюрьма
Bubble Net	Пузырьковая сеть
Bubble Weave	Пузырьковое плетение
Bull's-eye	В яблочко
Burgeoning Fury	Нарастающая ярость
Burn Baby Burn	Гори, детка, гори
Burning Brand	Горящее клеймо
Burning Chains	Горящие цепи
Burning Counter	Огненная контратака
Burning Soul	Пылающая душа
Burning Up	Сгорание
Burning Ward	Огненная защита
Burns	Ожоги
Burrs	Колючки
Bursting Grotesquerie	Взрывающийся гротеск
Burying Counter	Погребающая контратака
Butcher's Block	Колода мясника
Buy! Buy! Buy!	Покупай! Покупай! Покупай!
Buyer's Remorse	Сожаление покупателя
Byregot's Ward	Защита Бирегота
Cache Me if You Can	Найди мой тайник
Cake Decorator	Украшение торта
Calamity's Bite	Укус бедствия
Calamity's Bolt	Молния бедствия
Calamity's Chill	Холод бедствия
Calamity's Embers	Угли бедствия
Calamity's Flames	Пламя бедствия
Calamity's Frost	Мороз бедствия
Calamity's Fulgur	Разряд бедствия
Calamity's Inferno	Пекло бедствия
Call of the Portal	Зов портала
Capturing Interest	Привлечение интереса
Card Drawn	Карта извлечена
Card Held	Карта сохранена
Carnal Chill	Холод плоти
Carrot Power	Сила моркови
Carrot of Happiness	Морковь счастья
Cascading Latent Defect	Каскадный скрытый дефект
Casting Chlamys	Колдовская хламида
Catalyze	Катализ
Catch and Release	Поймать и отпустить
Catharsis of Corundum	Очищение корунда
Causality	Причинность
Celestial Tide	Небесный прилив
Cell Block α	Тюремный блок альфа
Cell Block β	Тюремный блок бета
Cell Block γ	Тюремный блок гамма
Cell Block δ	Тюремный блок дельта
Cemented	Цементирование
Cetaceous Speed	Скорость китообразного
Chain Deathmatch	Цепной бой насмерть
Chain of Purgatory	Цепь чистилища
Chains of Condemnation	Цепи осуждения
Chains of Everlasting Light	Цепи вечного света
Chains of Memory	Цепи памяти
Chains of Passion α	Цепи страсти альфа
Chains of Passion β	Цепи страсти бета
Chains of Resentment	Цепи обиды
Chance of Blizzards	Вероятность метели
Chance of Gale-force Winds	Вероятность штормового ветра
Chance of Hyperelectricity	Вероятность сверхэлектричества
Chance of Wildfires	Вероятность пожаров
Chanchala	Непостоянство
Chaos	Хаос
Charge	Заряд
Chelic Resistance	Сопротивление клешням
Chelomorph	Черепаший облик
Chicken	Курица
Chilled to the Bone	Холод до костей
Chilling Suds	Леденящая пена
Chimeric Soul	Душа химеры
Chiromorph	Рукокрылый облик
Chiten	Обращение земли
Choco Beak	Чококлюв
Choco Reflect	Чокоотражение
Choco Regen	Чокорегенерация
Choco Surge	Чоковсплеск
Chocobastion	Чокобастион
Chorus Aligned	Слаженный хор
Churning	Бурление
Circle of Clarity	Круг ясности
Circle of Power	Круг силы
Circle of Sacrifice	Круг жертвы
Clarifying Draw	Проясняющее извлечение
Clarity of Corundum	Ясность корунда
Clashing	Столкновение
Claw Sketch	Набросок когтя
Clawbound	Связанный когтями
Cleaner Shot	Более точный выстрел
Cleric Stance	Стойка клирика
Cloak of Death	Плащ смерти
Cloak of Waning Light	Плащ угасающего света
Cloak of Waxing Dark	Плащ нарастающей тьмы
Clockwork	Часовой механизм
Close Caloric	Близкий жар
Cloud Kinship	Облачное родство
Cloying Condensation	Душная конденсация
Cocoon of the Penitent	Кокон кающегося
Code: ****mi*	Код: ****ми*
Coeurl Form	Стойка коэрла
Cold Blade: -1	Холодный клинок: минус 1
Cold Blade: -2	Холодный клинок: минус 2
Cold Brand: -1	Холодное клеймо: минус 1
Cold Brand: -2	Холодное клеймо: минус 2
Cold Spell	Похолодание
Cold Sweats	Холодный пот
Collectable Synthesis	Синтез коллекционных предметов
Collector's Standard	Стандарт коллекционера
Collider Conductor	Проводник столкновения
Comfort Zone	Зона комфорта
Companion Attack	Атака компаньона
Companion EXP	Опыт компаньона
Companion Enmity	Угроза компаньона
Companion Healing Potency	Сила лечения компаньона
Companion Maximum HP	Максимальное здоровье компаньона
Compressed Lightning	Сжатая молния
Compressed Water	Сжатая вода
Computation Boost	Усиление вычислений
Computation Error	Ошибка вычислений
Computation Mode	Режим вычислений
Concealed	Сокрытие
Concentrated Poison	Концентрированный яд
Concentration	Сосредоточенность
Concentration Concentrate	Концентрат сосредоточенности
Conceptual Mastery	Мастерство концепций
Concussion	Сотрясение мозга
Condensed Wave Cannon Kyrios	Сжатая волновая пушка Кириос
Confession	Признание
Confused	Спутанность сознания
Conked	Оглушён ударом
Connectivity	Связанность
Consumption	Поглощение
Contact Prohibition Ordained	Предписан запрет контакта
Contact Regulation Ordained	Предписано регулирование контакта
Contractual Obligation	Договорное обязательство
Convalescence	Выздоровление
Cool Tint	Холодный оттенок
Corporeal Return	Телесное возвращение
Corrupted Crystal	Осквернённый кристалл
Covered	Под прикрытием
Crafter's Grace	Милость ремесленника
Crafter's Soul	Душа ремесленника
Crafting Facility	Ремесленная мастерская
Craniotomy	Трепанация черепа
Crater Later	Будущий кратер
Craven	Трусость
Craven Companionship	Трусливое товарищество
Creeping Poison	Ползучий яд
Crest of Time Borrowed	Герб заёмного времени
Crest of Time Returned	Герб возвращённого времени
Critical Factor	Критический фактор
Critical Overflow Bug	Критическая ошибка переполнения
Critical Performance Bug	Критическая ошибка производительности
Critical Skill	Критическое мастерство
Critical Strikes	Критические удары
Critical Synchronization Bug	Критическая ошибка синхронизации
Critical Underflow Bug	Критическая ошибка потери значимости
Critical	Критический удар
Critter Resistance	Сопротивление мелким существам
Critter Vulnerability	Уязвимость к мелким существам
Crown of the Gorgon	Корона горгоны
Crucible Item Penalty	Штраф использования предметов горнила
Crumbling Bulwark	Разрушающийся оплот
Cryomania	Ледяное безумие
Cryptic Communications	Таинственные сообщения
Crystal Burden	Кристальная ноша
Crystal Courier	Переносчик кристалла
Crystal Veil	Кристальная завеса
Crystallized	Кристаллизация
Cube	Куб
Curse of Companionship	Проклятие товарищества
Curse of Darkness	Проклятие тьмы
Curse of Everlasting Light	Проклятие вечного света
Curse of Immolation	Проклятие сожжения
Curse of Solitude	Проклятие одиночества
Curse of the Bombpyre	Проклятие бомбового костра
Curse of the Mummy	Проклятие мумии
Curse of the Ronka	Проклятие Ронки
Cursed Change	Проклятое превращение
Cursed Shriek	Проклятый вопль
Cursed Voice	Проклятый голос
Cursekeeper	Хранитель проклятия
Cutting Counter	Режущая контратака
Dadaluma Simulation	Имитация Дадалумы
Damage Barrier	Барьер от урона
Damage	Урон
Damage Over Time	Периодический урон
Dance Partner	Партнёр по танцу
Dancing Edge	Танцующее лезвие
Dangerously Doped	Опасная передозировка
Dark Arts	Тёмные искусства
Dark Damage	Урон тьмой
Dark Dance	Тёмный танец
Dark Defenses	Тёмная защита
Dark Resistance	Сопротивление тьме
Dark Vengeance	Тёмная месть
Dark Whispers	Тёмный шёпот
Dark's Accord	Согласие тьмы
Dark's Discord	Разлад тьмы
Darkened Fire	Потемневший огонь
Darkness	Тьма
Darkness's Design	Замысел тьмы
Darksight	Тёмное зрение
Dash	Рывок
Dawn's Resolve	Решимость рассвета
Daze	Ошеломление
Deactivated	Отключение
Dead Man's Overdraught	Смертельный избыток напитка
Deadly Embrace	Смертельное объятие
Deadly Phantom Aim	Смертельный призрачный прицел
Death Becomes You	Смерть тебе к лицу
Death Link	Связь смерти
Death Throes	Предсмертные судороги
Death from Above	Смерть сверху
Death from Below	Смерть снизу
Death's Design	Замысел смерти
Death's Toll	Дань смерти
Debana	Удар на опережение
Decree Nisi A	Условный указ А
Decree Nisi B	Условный указ Б
Deep Essence of the Victor	Глубокая эссенция победителя
Defamation	Клевета
Defense	Защита
Defense Kit	Защитный набор
Defenseless	Беззащитность
Defensive Optimization	Оптимизация защиты
Defensive Posture	Защитная позиция
Defensive Tactics	Защитная тактика
Defying Gravity	Преодоление гравитации
Delayed Neurotoxicity	Отложенная нейротоксичность
Delightful Revelation	Восхитительное откровение
Deliverance	Избавление
Delusions	Бредовые видения
Demiclone Penalty	Штраф полуклона
Demon Eye	Глаз демона
Designated Conductor	Назначенный проводник
Desperate Measures	Отчаянные меры
Devotion	Преданность
Devoured	Проглочен
Devouring Dark	Пожирающая тьма
Diabolic Curse	Дьявольское проклятие
Differential Diagnosis	Дифференциальный диагноз
Dig Three Graves	Выкопать три могилы
Digesting	Переваривание
Digestive Enzymes	Пищеварительные ферменты
Digestive Fluid	Пищеварительная жидкость
Direct Attack	Прямая атака
Directed Grotesquerie	Направленный гротеск
Directional Disregard	Игнорирование направления
Directional Invincibility	Направленная неуязвимость
Directional Parry	Направленное парирование
Dirty Venom	Грязный яд
Disabled	Выведение из строя
Disciplined Fist	Дисциплинированный кулак
Discomposed	Смятение
Disease	Болезнь
Dismantled	Разборка
Disseminate	Распространение
Distorted	Искажение
Distracted	Отвлечение
Diurnal Balance	Дневное равновесие
Diurnal Benefic	Дневное благодеяние
Diurnal Intersection	Дневное пересечение
Diurnal Opposition	Дневное противостояние
Diurnal Sect	Дневная секта
Dive	Пике
Diversion	Отвлекающий манёвр
Divine Aura	Божественная аура
Divine Commandment: Flee	Божественная заповедь: беги
Divine Commandment: Turn	Божественная заповедь: повернись
Divine Grace	Божественная милость
Divine Might	Божественная мощь
Divine Seal	Божественная печать
Divine Will	Божественная воля
Divining	Прорицание
Divisive Dark	Разделяющая тьма
Dizzy	Головокружение
Doped	Под действием усилителя
Doped and Detonative	Усиление и взрывоопасность
Doton Corruption	Порча искусства земли
Doton Heavy	Тяжесть искусства земли
Double	Удвоение
Doubled Dark	Удвоенная тьма
Down and Out	Полное поражение
Down for the Count	Нокаут
Downpour of Death	Ливень смерти
Draconian Fire	Драконий огонь
Draconian Gaze	Драконий взгляд
Draconian Light	Драконий свет
Dragon's Flight	Полёт дракона
Drained Fortitude	Иссушенная стойкость
Drained Power	Истощённая сила
Drainstrikes	Поглощающие удары
Draw Fortitude	Извлечение стойкости
Draw Power	Извлечение силы
Dreamwoven Mimicry	Подражание, сотканное из снов
Drenched	Промокание
Drone	Дрон
Drop and Roll	Падение и перекат
Dropsy	Водянка
Drowning	Утопление
Drowning Counter	Утопляющая контратака
Drubbed	Избиение
Drunk with Power	Опьянение силой
Duality	Двойственность
Duel or Die	Поединок или смерть
Duodæmoniac Bonds	Двойные демонические узы
Durant Heart	Стойкое сердце
Dust Poisoning	Отравление пылью
Duties as Assigned	Назначенные обязанности
Dynamic Fluid	Динамическая жидкость
Dæmoniac Bonds	Демонические узы
EP Penalty	Штраф очков эфира
EXP Bonus	Бонус опыта
Earth Resistance	Сопротивление земле
Earth Resonance	Резонанс земли
Earth and Water	Земля и вода
Earth's Resolve	Решимость земли
Earth's Rumination	Размышление земли
Earth-aspected	Аспект земли
Earthborne End	Земная погибель
Earthen Accord	Согласие земли
Earthly Dominance	Земное превосходство
East Wind of Change	Восточный ветер перемен
Easterly Reprise	Восточная реприза
Easterly Winds	Восточные ветры
Eat from the Hand	Кормление с руки
Echo of the Fallen	Эхо павших
Echoes of Befoulment	Отзвуки осквернения
Echoes of Benevolence	Отзвуки доброжелательности
Echoes of Nausea	Отзвуки тошноты
Echoes of the Future	Отзвуки будущего
Eerie Air	Жуткий воздух
Eggstreme Egg Acuity	Предельная яичная зоркость
Ekpyrosis	Вселенское воспламенение
Eldritch Heart	Колдовское сердце
Electrical Charge	Электрический заряд
Electrical Condenser	Электрический конденсатор
Electrified	Электризация
Electrified Gentleman	Наэлектризованный джентльмен
Electroconductivity	Электропроводность
Electrocution	Поражение током
Electromagnetic Field	Электромагнитное поле
Elemental Blessing	Благословение стихий
Elemental Blessing: Damage	Благословение стихий: урон
Elemental Blessing: EXP	Благословение стихий: опыт
Elemental EXP	Стихийный опыт
Elemental Harmony	Гармония стихий
Elemental Resistance	Сопротивление стихиям
Elemental Star	Стихийная звезда
Elementary Deficiency	Стихийная недостаточность
Elevated	Подъём
Elusive Jump Target	Цель ускользающего прыжка
Empowered Beast	Усиленный зверь
Empowered Ketu	Усиленный Кету
Empowered Rahu	Усиленный Раху
Enaero	Оружие ветра
Enamored	Влюблённость
Enblizzard	Оружие льда
Enchained Soul	Закованная душа
Enduring Fortitude	Непреходящая стойкость
Endwalker	Странник конца
Energy Field	Энергетическое поле
Energy Load	Энергетическая нагрузка
Enervation	Истощение
Enfeebled	Ослабление
Enfire	Оружие огня
Egg Acuity	Яичная зоркость
Royal Road	Королевская дорога
Enigma Codex	Кодекс загадок
Enlarged	Увеличение
Enliven	Оживление
Enmity	Угроза
Enshielded	Под щитом
Enshrouded	Под покровом
Ensorcelled: Aero III	Зачарование: ветер 3
Ensorcelled: Stone III	Зачарование: камень 3
Enstone	Оружие камня
Entangled Flames	Переплетённое пламя
Enthunder	Оружие грома
Entropifaction	Энтропийное преобразование
Entropy	Энтропия
Entropy Resistance	Сопротивление энтропии
Enwater	Оружие воды
Epic Echo	Эпическое эхо
Epic Hero	Эпический герой
Epic Villain	Эпический злодей
Erratic Blaster	Нестабильный бластер
Escape Detection Ordained	Предписано обнаружение побега
Escape Prohibition Ordained	Предписан запрет побега
Eternal Doom	Вечная обречённость
Eubuleus	Эвбулей
Eureka Moment	Озарение Эврики
Evasion	Уклонение
Eventide Sword	Сумеречный меч
Everburn	Вечное горение
Ewer Drawn	Карта «Кувшин» извлечена
Ewer Held	Карта «Кувшин» сохранена
Executioner	Палач
Expanded Attack	Расширенная атака
Expanded Royal Road	Расширенная королевская дорога
Extend	Продление
Extended Royal Road	Продлённая королевская дорога
Extreme Caution	Крайняя осторожность
Eye for an Eye	Око за око
Eye of the Gorgon	Око горгоны
Eyes Open	Глаза открыты
FATE Participant	Участник случайного события
Face in the Crowd	Лицо в толпе
Facility Access: Detailing	Доступ к мастерской: детализация
Facility Access: Finishing	Доступ к мастерской: отделка
Facility Access: Production	Доступ к мастерской: производство
Facility Access: Specialization	Доступ к мастерской: специализация
Faded Out	Угасание
Fading Consciousness	Угасающее сознание
Fading Fast	Быстрое угасание
Fae Cloak	Плащ феи
Fae Light	Свет феи
Falling	Падение
False Prediction	Ложное предсказание
Fang and Claw Bared	Обнажённые клык и коготь
Fangbound	Связанный клыками
Fantastical Regeneration	Сказочная регенерация
Far Shore Shackles	Оковы дальнего берега
Faraway Portent	Далёкое предзнаменование
Fast Draw	Быстрое извлечение
Fatal Attraction	Роковое влечение
Fate of the Wurm	Судьба змея
Fated Burn Mark	Ожог судьбы
Fated Hero	Предначертанный герой
Fated Villain	Предначертанный злодей
Fearless	Бесстрашие
Feather Field	Поле перьев
Featherbrained	Легкомыслие
Feelin' Hot	Чувство жара
Fellhunter's Venom	Яд свирепого охотника
Fellskin's Venom	Яд свирепой кожи
Femme Fatale	Роковая женщина
Fetters	Оковы
Fever	Лихорадка
Fever Reversed	Обратная лихорадка
Fey Fire	Огонь феи
Fey Glow	Свечение феи
Fey Light	Свет феи
Fiery Conception	Огненное зачатие
Fifth Chakra	Пятая чакра
Filthy	Загрязнение
Final Decree Nisi A	Окончательный условный указ А
Final Decree Nisi B	Окончательный условный указ Б
Final Decree Nisi α	Окончательный условный указ альфа
Final Decree Nisi β	Окончательный условный указ бета
Final Decree Nisi γ	Окончательный условный указ гамма
Final Decree Nisi δ	Окончательный условный указ дельта
Final Flight	Последний полёт
Final Judgment: Decree Nisi A	Последний суд: условный указ А
Final Judgment: Decree Nisi B	Последний суд: условный указ Б
Final Judgment: Decree Nisi α	Последний суд: условный указ альфа
Final Judgment: Decree Nisi β	Последний суд: условный указ бета
Final Judgment: Decree Nisi γ	Последний суд: условный указ гамма
Final Judgment: Decree Nisi δ	Последний суд: условный указ дельта
Final Judgment: Max HP	Последний суд: максимальное здоровье
Final Judgment: Min HP	Последний суд: минимальное здоровье
Final Judgment: Penalty	Последний суд: штраф
Final Punishment	Последнее наказание
Final Word: Contact Prohibition	Последнее слово: запрет контакта
Final Word: Contact Regulation	Последнее слово: регулирование контакта
Final Word: Escape Detection	Последнее слово: обнаружение побега
Final Word: Escape Prohibition	Последнее слово: запрет побега
Finishing Fervor	Завершающий пыл
Fire Alchemy	Алхимия огня
Fire Convergence	Схождение огня
Fire Damage	Урон огнём
Fire Loaded	Огонь заряжен
Fire Resistance	Сопротивление огню
Fire Resonance	Резонанс огня
Fire Toad	Огненная жаба
Fire Weakness	Слабость к огню
Fire's Rumination	Размышление огня
Firescorched	Опаление огнём
Firesnaking	Огненная змея
Firestream	Огненный поток
First Brand	Первое клеймо
First Chakra	Первая чакра
First Flame	Первое пламя
First Strike	Первый удар
First in Line	Первый в очереди
Firstminds' Focus	Сосредоточенность первых умов
Fisher's Intuition	Интуиция рыболова
Fission Chamber	Камера расщепления
Fists of Earth	Кулаки земли
Fists of Wind	Кулаки ветра
Fizzling Suds	Шипучая пена
Flames of Eventide	Пламя сумерек
Flamespire	Огненная башня
Flamethrower Flames	Пламя огнемёта
Flaming Arrow	Пылающая стрела
Flanksbane Venom	Губительный боковой яд
Flankstung Venom	Жалящий боковой яд
Flare Dampening	Подавление вспышки
Fleet-footed	Быстроногость
Fleetfooted	Быстроногость
Flesh Back	Плоть назад
Flesh Forward	Плоть вперёд
Flesh Wound	Телесная рана
Floating Fetters	Парящие оковы
Flourishing Cascade	Расцветающий каскад
Flourishing Fan Dance	Расцветающий танец вееров
Flourishing Finish	Расцветающий финал
Flourishing Flow	Расцветающий поток
Flourishing Fountain	Расцветающий фонтан
Flourishing Saber Dance	Расцветающий танец сабель
Flourishing Shower	Расцветающий ливень
Flourishing Starfall	Расцветающий звездопад
Flourishing Symmetry	Расцветающая симметрия
Flourishing Windmill	Расцветающая мельница
Flying High	Высокий полёт
Foamy Fetters	Пенные оковы
Foe Requiem	Реквием врагу
Fool's Figure	Фигура шута
Fool's Tightrope	Канат шута
Fool's Tumble	Кувырок шута
Forbidden Passage	Запретный проход
Force Against Magic	Сила против магии
Force Against Might	Сила против мощи
Forced March	Принудительное движение
Forced Withdrawal	Принудительное отступление
Fore Mark of the Tides	Передняя метка прилива
Foreseen Offense	Предвиденная атака
Foresight	Предвидение
Forked Lightning	Разветвлённая молния
Formless Fist	Бесформенный кулак
Formula Case	Контейнер состава
Fortified Recuperation	Укреплённое восстановление
Forward Bearing	Направление вперёд
Forward March	Движение вперёд
Forward Omen	Переднее знамение
Forward Whimsy	Прямая прихоть
Forward with Thee	Вперёд с тобой
Four-crossed Memory	Память четырёх перекрёстных ударов
Four-swipe Memory	Память четырёх взмахов
Fourfold Fan Dance	Четверной танец вееров
Fourfold-come Ruin	Четырежды грядущая погибель
Fourth Brand	Четвёртое клеймо
Fourth Chakra	Четвёртая чакра
Fourth Flame	Четвёртое пламя
Fourth in Line	Четвёртый в очереди
Fracture	Перелом
Fractured Mettle	Сломленная отвага
Frazzle	Изнурение
Freezing	Замерзание
Freezing Brand	Ледяное клеймо
Freezing Counter	Ледяная контратака
Freezing Up	Застывание
Frenzied	Неистовство
Fresh Perspective	Свежий взгляд
Frogtourage Fan	Поклонник жабьей свиты
Front Unseen	Незаметность спереди
Frontal Blaster Charge	Заряд переднего бластера
Frontline Forte	Форте передовой
Frontline March	Марш передовой
Frontliner's Forte	Форте передового бойца
Frontliner's March	Марш передового бойца
Frost Blade	Морозный клинок
Frost Bow	Морозный лук
Frost Brand	Морозное клеймо
Frostbite	Обморожение
Frowny Face	Хмурое лицо
Frozen	Заморозка
Fugetsu	Лунный ветер
Fugitive from Justice	Беглец от правосудия
Fuka	Цветочный ветер
Full Metal Machinist	Цельнометаллический механик
Full Moon	Полная луна
Full-grown	Полный рост
Fully Analyzed	Полностью проанализировано
Fully Enlarged	Предельное увеличение
Furious Welt	Яростный рубец
Further Ruin	Дальнейшая руина
Fury	Ярость
Fury's Bolt	Молния ярости
Fusefield	Поле запалов
Gadget Resistance	Сопротивление устройствам
Gale Enforcer	Властитель шквала
Gallows Oiled	Смазанная виселица
Galvanize	Гальванизация
Garrote	Удавка
Garrote Twist	Затягивание удавки
Garuda's Favor	Благосклонность Гаруды
Gatherer's Bounty	Щедрость собирателя
Gatherer's Grace	Милость собирателя
Gathering Fortune	Удача сбора
Gathering Rate	Шанс успешного сбора
Gathering Yield	Количество собранного
Gauntlet Taken	Вызов принят
Gauntlet Thrown	Вызов брошен
Gauss Barrel	Ствол Гаусса
Gelatinous	Желеобразность
Gelid Gaol	Ледяная тюрьма
Ghostly Guise	Призрачный облик
Giant Dominance	Господство гиганта
Gift of the Land	Дар земли
Gilded Fate	Позолоченная судьба
Glassy-eyed	Стеклянный взгляд
Gloam	Сумрак
Glossal Resistance	Сопротивление языку
Glossomorph	Языкоподобный облик
Gloves Off	Перчатки сняты
Glowering Dark	Грозящая тьма
Gnashing Wolf	Скрежещущий волк
Goad	Понукание
Goblixer Grumblygut	Урчание от гобликсира
Goblixer Overgulp	Перепитый гобликсир
Gold Lung	Золотое лёгкое
Gold Saucer VIP Card	Карта почётного гостя «Золотого блюдца»
Goldbile	Золотая желчь
Golden Eye	Золотой глаз
Grace of Light	Милость света
Gradual Petrification	Постепенное окаменение
Gradual Zombification	Постепенное превращение в зомби
Gravitational Anomaly	Гравитационная аномалия
Gravitational Stability	Гравитационная устойчивость
Gravity Flip	Переворот гравитации
Greatest Curse	Величайшее проклятие
Green Noise: Easterly	Зелёный шум: восточный
Green Noise: Westerly	Зелёный шум: западный
Greenwrath	Гнев леса
Grimhunter's Venom	Яд мрачного охотника
Grimskin's Venom	Яд мрачной кожи
Grip of Despair	Хватка отчаяния
Ground Support	Наземная поддержка
Grounded	На земле
Group Oriented	Ориентация на группу
Growing	Рост
Growing Conception	Растущее зачатие
Growing Dread	Нарастающий ужас
Growing Panic	Нарастающая паника
Grudge	Затаённая злоба
Guard on Duty α	Дежурный страж альфа
Guard on Duty β	Дежурный страж бета
Guard on Duty γ	Дежурный страж гамма
Guard on Duty δ	Дежурный страж дельта
Guardian Spirit	Дух-хранитель
Guardian Will	Воля стража
Guardian's Will	Воля стража
Guardians' Aegis	Эгида стражей
Guerrilla Tactics	Партизанская тактика
Guided Missile Kyrios Incoming	Приближение управляемой ракеты Кириос
Guilty as Charged	Виновен по обвинению
Guise	Обличье
Gullstorm	Буря чаек
Gungnir	Гунгнир
HP & MP Boost	Увеличение здоровья и маны
HP Boost	Увеличение здоровья
HP Penalty	Штраф здоровья
HP Recovery	Восстановление здоровья
Haimatinon	Кровяной покров
Half-asleep	Полусон
Hammer Time	Время молота
Hard Marked	Жёсткая метка
Hard Worker	Трудолюбие
Hard-boiled	Крутая закалка
Hardcore	Непреклонность
Hardened Scales	Затвердевшая чешуя
Harder Worker	Усиленное трудолюбие
Hardest Worker	Предельное трудолюбие
Harmonized	Гармонизация
Harmony of Body	Гармония тела
Harmony of Mind	Гармония разума
Harmony of Spirit	Гармония духа
Harvest	Урожай
Haste	Ускорение
Haste+	Усиленное ускорение
Hastilude	Рыцарское состязание
Hastilude Heartened	Воодушевление рыцарским состязанием
Hasty Spirit	Торопливый дух
Hated of Embers	Ненависть углей
Hated of Frost	Ненависть мороза
Hated of Levin	Ненависть молнии
Hated of the Vortex	Ненависть вихря
Hated of the Wyrm	Ненависть дракона
Haunt	Преследование призраком
Hawk's Eye	Ястребиный глаз
Head Over Heels	Кувырком через голову
Head in the Clouds	Голова в облаках
Headache	Головная боль
Headwind	Встречный ветер
Healing Glyph	Целительный знак
Healing Magic	Целительная магия
Healing Potency	Сила лечения
Heart of Dragon	Сердце дракона
Heart of Man	Сердце человека
Heart of Tural	Сердце Турала
Heart of the Mountain	Сердце горы
Heart of the Rroneek	Сердце рронека
Heartless	Бессердечность
Heat	Нагрев
Heat Wave	Волна жара
Heated Up	Накал
Heating Up	Разогрев
Heatstroke	Тепловой удар
Heavensent	Ниспослано небесами
Heavensflame Soul	Душа небесного пламени
Heavy	Тяжесть
Heavy Feet	Тяжёлые ноги
Heavy Medal	Тяжёлые медали
Heavy Resistance	Сопротивление тяжести
Heavy Soul Snare	Тяжёлая ловушка души
Heavy Thrust	Тяжёлый выпад
Heel of the Cell	Злодей клетки
Heightened Visibility	Повышенная заметность
Hell Awaits	Ад ждёт
Hell in a Cell	Ад в клетке
Hellish Conduit	Адский проводник
Hellish Earth	Адская земля
Hello, Distant World	Здравствуй, далёкий мир
Hello, Near World	Здравствуй, близкий мир
Helping Hand	Рука помощи
Herbsona	Растительная личина
Hero's Lament	Плач героя
Heroes' Fantasia	Фантазия героев
Heros's Mantle	Мантия героя
Hidden	Скрытность
High Arithmeticks	Высшая арифметика
High Jump Target	Цель высокого прыжка
High Morale	Высокий боевой дух
High Wire	Высокий канат
High and Mighty	Высокомерие
High-powered Sniper Cannon Fodder	Цель мощной снайперской пушки
Higi	Тайное искусство
Hindsbane Venom	Губительный задний яд
Hindstung Venom	Жалящий задний яд
Holosakos	Щит целостности
Holy Bonds	Святые узы
Holy Purgation	Святое очищение
Honed Eye	Намётанный глаз
Honed Reavers	Отточенные раздирающие клинки
Honed Spellblade	Отточенный зачарованный клинок
Honed Steel	Отточенная сталь
Honey Bee Mine	Медовая пчелиная мина
Honey-glazed	Медовая глазурь
Honeyed Charms	Медовые чары
Honor's Accord	Согласие чести
Hoofing It	Бег на копытах
Hopeless Devotion	Безнадёжная преданность
Horoscope Helios	Гороскоп Гелиоса
Hot Blade: +1	Горячий клинок: плюс 1
Hot Blade: +2	Горячий клинок: плюс 2
Hot Brand: +1	Горячее клеймо: плюс 1
Hot Brand: +2	Горячее клеймо: плюс 2
Hot Spell	Полоса жары
Hot-blooded	Горячая кровь
House Arrest	Домашний арест
Hover	Парение
Hubris	Гордыня
Huffy Cat	Сердитая кошка
Hundred Fists	Сотня кулаков
Hungry for Victory	Жажда победы
Hunter's Instinct	Инстинкт охотника
Hunter's Venom	Яд охотника
Hydrobullet Target	Цель водяной пули
Hydrofall Target	Цель водопада
Hypercharged	Сверхзаряд
Hypercharged Condensation	Конденсация сверхзаряда
Hyperphantasia	Гиперфантазия
Hysteria	Истерия
Ice Aegis	Ледяная эгида
Ice Alchemy	Алхимия льда
Ice Charge	Ледяной заряд
Ice Convergence	Схождение льда
Ice Loaded	Лёд заряжен
Ice Ooze	Ледяная слизь
Ice Resistance	Сопротивление льду
Ice Weakness	Слабость ко льду
Icebitten	Укус льда
Icebound Buffoonery	Ледяное шутовство
Ideal Host	Идеальный носитель
Identical Gig	Повторный удар острогой
Ifrit's Favor	Благосклонность Ифрита
Imbued Saber	Напитанная силой сабля
Immaterialized	Дематериализация
Immortal Conception	Бессмертное зачатие
Immortal Sacrifice	Бессмертная жертва
Immortal Spark	Бессмертная искра
Imp	Бес
Impact Imminent	Скорое столкновение
Impactful	Сила воздействия
Impassioned	Воодушевление
Impassioned Inputs	Воодушевлённые команды
Imperfection: Alpha	Несовершенство: альфа
Imperfection: Beta	Несовершенство: бета
Imperfection: Gamma	Несовершенство: гамма
Impervious	Непроницаемость
Imposing Figure	Внушительная фигура
In Control	Под контролем
In Costume	В костюме
In Event	В событии
In Training	На тренировке
In the Headlights	В свете фар
In the Line of Fire	На линии огня
In the Spotlight	В центре внимания
In the Weeds	В зарослях
Incapacitated	Недееспособность
Incapacitating Soul Snare	Обезвреживающая ловушка души
Incendiary Burns	Зажигательные ожоги
Incense Penalty	Штраф благовоний
Inconceivable	Непостижимость
Incorporeal	Бестелесность
Incurable	Неизлечимость
Independent Tactics	Самостоятельная тактика
Indomitable Spirit	Неукротимый дух
Inefficient Hooking	Неэффективная подсечка
Inescapable Companionship	Неизбежное товарищество
Inescapable Loneliness	Неизбежное одиночество
Infatuated	Одержимость любовью
Infernal Fetters	Адские оковы
Infernal Shroud	Адский покров
Infinite Anguish	Бесконечное мучение
Infinite Fire	Бесконечный огонь
Infinite Ice	Бесконечный лёд
Infinite Limit	Бесконечный предел
Infirmity	Немощь
Infuriated	Яростное состояние
Ingenuity	Изобретательность
Ink	Чернила
Inner Darkness	Внутренняя тьма
Inner Dragon	Внутренний дракон
Inner Strength	Внутренняя сила
Inscribed	Начертание
Insensible	Бесчувствие
Inspiration	Вдохновение
Intemperate	Невоздержанность
Intensified Wailing	Усиленный вой
Interest Captured	Внимание привлечено
Internal Release	Внутреннее высвобождение
Intersection	Пересечение
Inugami's Favor	Благосклонность Инугами
Inverse Magicks	Обратная магия
Inverse Operations	Обратные операции
Invigoration	Бодрость
Invincibility	Неуязвимость
Inviolate Winds	Неприкосновенные ветры
Invisible	Невидимость
Irmin Hedge	Изгородь Ирмина
Iron Air	Железный воздух
Iron Carrot	Железная морковь
Irons of Purgatory	Кандалы чистилища
Irradiated	Облучение
Item Penalty	Штраф использования предметов
Jackpot	Джекпот
Jealous Anaphylaxis	Анафилаксия ревности
Jester's Antics	Выходки шута
Jester's Truths	Истины шута
Jitterbugged	Под влиянием джиттербага
Jog	Лёгкий бег
Junction DPS	Сопряжение с атакующим
Junction Healer	Сопряжение с целителем
Junction Loghrif	Сопряжение с Логриф
Junction Shiva	Сопряжение с Шивой
Junction Tank	Сопряжение с защитником
Junction Titan	Сопряжение с Титаном
Just Chilling	Просто отдых
Kaiten	Вращение
Kardion	Сердечная связь
Katabasis	Нисхождение
Keen Flurry	Острый шквал
Kerakeia	Роговая защита
Kill Command	Приказ убить
King of the Skies	Король небес
Kiss of the Viper	Поцелуй гадюки
Kiss of the Wasp	Поцелуй осы
Klymenos	Климен
Knight's Benediction	Благословение рыцаря
Knight's Resolve	Решимость рыцаря
Knockback Penalty	Штраф отбрасывания
Komainu's Favor	Благосклонность комаину
Kuzushi	Нарушение равновесия
Kyoshin	Пустой разум
Lady of Crowns Drawn	Карта «Владычица корон» извлечена
Lamed	Хромота
Lament of the Close	Плач близких
Lament of the Distant	Плач далёких
Landborne	На земле
Languishing	Изнеможение
Last Kiss	Последний поцелуй
Last Vigil	Последний дозор
Latent Defect	Скрытый дефект
Latent Performance Defect	Скрытый дефект производительности
Latent Synchronization Bug	Скрытая ошибка синхронизации
Lead Shot	Свинцовый выстрел
Leaden	Свинцовая тяжесть
Leaden Fist	Свинцовый кулак
Left Arm Operational	Левая рука исправна
Left Arm	Левая рука
Left Arm Reassembly	Повторная сборка левой руки
Left Blaster Charge	Заряд левого бластера
Left Eye	Левый глаз
Left Face	Поворот влево
Left Mark of the Tides	Левая метка прилива
Left Unseen	Незаметность слева
Left Windup	Левый замах
Left with Thee	Влево с тобой
Leftward Bearing	Направление влево
Leftward Fracture	Левый разлом
Leftward Memory	Память о левом направлении
Leftward Omen	Левое знамение
Leftward Whimsy	Левая прихоть
Legendary Resolve	Легендарная решимость
Legs of the Spider	Ноги паука
Letterlocked	Буквенный замок
Levinskin	Громовая кожа
Levitate	Левитация
Levitation	Левитация
Life Drain	Поглощение жизни
Life Siphon	Вытягивание жизни
Liftoff	Взлёт
Light Beyond Darkness	Свет за пределами тьмы
Light Damage	Урон светом
Light Medal	Лёгкие медали
Light Resistance	Сопротивление свету
Light Vengeance	Светлая месть
Light Vision	Светлое зрение
Light in the Dark	Свет во тьме
Light of Ascalon	Свет Аскалона
Light's Accord	Согласие света
Light's Design	Замысел света
Light's Discord	Разлад света
Lightheaded	Лёгкое головокружение
Lighting Up	Зажигание
Lightning Chain	Цепь молний
Lightning Charge	Заряд молнии
Lightning Convergence	Схождение молний
Lightning Loaded	Молния заряжена
Lightning Resistance	Сопротивление молнии
Lightning Rod	Громоотвод
Lightning Weakness	Слабость к молнии
Lightning-aspected	Аспект молнии
Lightsteeped	Наполнение светом
Limit Breaker	Преодоление предела
Limp	Хромота
Lindwurm's Portent	Предзнаменование линдвурма
Lingering Echoes	Затяжные отзвуки
Lingering Vantage	Сохраняющееся преимущество
Liquid Constitution	Зелье выносливости
Liquid Evasion	Зелье уклонения
Liquid Intensity	Зелье напора
Liquid Magic	Зелье магии
Liquid Strength	Зелье силы
Live Brazier	Зажжённая жаровня
Live Candle	Горящая свеча
Live Wire	Провод под напряжением
Live off the Land	Жить дарами земли
Llymlaen's Ward	Защита Ллимлейн
Load-bearing	Несущая опора
Local Code Smell	Локальный дефект кода
Local Regression	Локальная регрессия
Local Resonance	Локальный резонанс
Logos-minded	Настройка на логос
Lohs Daih	Лос Дай
Long Fuse	Длинный запал
Looming Crescendo	Надвигающееся крещендо
Looper	Зацикливание
Lord Unshadowed	Владыка без тени
Lord of Crowns Drawn	Карта «Владыка корон» извлечена
Love's True Form	Истинный облик любви
Lovely Poison	Прекрасный яд
Low Arithmeticks	Низшая арифметика
Lucky Carrot	Счастливая морковь
Luminiferous Aether	Светоносный эфир
Luminous Aetheroplasm	Светящаяся эфироплазма
Lunar Defensive	Лунная защита
Lype	Скорбь
MP Boost	Увеличение маны
MP Penalty	Штраф маны
Madeen Portrait	Портрет Мадина
Magic Damage	Магический урон
Magic Defense	Магическая защита
Magic Infusion	Наполнение магией
Magic Number	Магическое число
Magic Resistance	Сопротивление магии
Magic Vulnerability	Уязвимость к магии
Magical Aversion	Отторжение магии
Magicked Swordplay	Зачарованное фехтование
Magitek Field	Магитехническое поле
Magitek Levitation	Магитехническая левитация
Magnetic Levitation	Магнитная левитация
Magnetic Lysis +	Магнитное разложение: плюс
Magnetic Lysis -	Магнитное разложение: минус
Magnetic Pull	Магнитное притяжение
Magos's Mantle	Мантия мага
Main Hull Operational	Главный корпус исправен
Main Hull Reassembly	Повторная сборка главного корпуса
Malady	Недуг
Malefic E	Пагуба: восток
Malefic E-W	Пагуба: восток, запад
Malefic N	Пагуба: север
Malefic N-E	Пагуба: север, восток
Malefic N-E-W	Пагуба: север, восток, запад
Malefic N-S	Пагуба: север, юг
Malefic N-S-E	Пагуба: север, юг, восток
Malefic N-S-E-W	Пагуба: север, юг, восток, запад
Malefic N-S-W	Пагуба: север, юг, запад
Malefic N-W	Пагуба: север, запад
Malefic S	Пагуба: юг
Malefic S-E	Пагуба: юг, восток
Malefic S-E-W	Пагуба: юг, восток, запад
Malefic S-W	Пагуба: юг, запад
Malefic W	Пагуба: запад
Malodorous	Зловоние
Mana Capacitor	Конденсатор маны
Mana Charge	Заряд маны
Mana Hypersensitivity	Сверхчувствительность к мане
Mana Medication	Лекарство маны
Mana Modulation	Модуляция маны
Mantle of the Whorl	Мантия водоворота
Manusya Berserk	Берсерк манушьи
Manusya Confuse	Замешательство манушьи
Manusya Stop	Остановка манушьи
Marching Orders	Приказ выступать
Marching Orders: A Familiar Face	Приказ выступать: знакомое лицо
Marching Orders: Feeling the Burn	Приказ выступать: почувствовать жар
Marching Orders: Here Comes the Cavalry	Приказ выступать: прибыла кавалерия
Marching Orders: Kill It with Fire	Приказ выступать: сжечь огнём
Marching Orders: Metal Fox Chaos	Приказ выступать: хаос металлической лисы
Marching Orders: Never Cry Wolf	Приказ выступать: не зови волка
Marching Orders: On Serpents' Wings	Приказ выступать: на крыльях змей
Marching Orders: Rise of the Robots	Приказ выступать: восстание роботов
Marching Orders: The Final Furlong	Приказ выступать: последний рывок
Marching Orders: The Hunt for Red Choctober	Приказ выступать: охота за красным чоктябрём
Marching Orders: Vigil for the Lost	Приказ выступать: дозор по потерянным
Marching Orders: Worn to a Shadow	Приказ выступать: истощённый до тени
Mark Up	Наценка
Mark of Easy Prey	Метка лёгкой добычи
Mark of Mortality	Метка смертности
Mark of the Depths	Метка глубин
Mark of the Tides	Метка прилива
Marked for Culling	Метка на уничтожение
Marked for Damage Down	Метка понижения урона
Marked for Healing Magic Down	Метка ослабления целительной магии
Marked for Vulnerability Up	Метка повышения уязвимости
Maw Sketch	Набросок пасти
Meat Shield	Живой щит
Meat and Mead	Мясо и медовуха
Meatily Shielded	Мясной щит
Medica II of the Seventh Dawn	Общее исцеление Седьмого рассвета 2
Medica III of the Seventh Dawn	Общее исцеление Седьмого рассвета 3
Medicated	Под действием лекарства
Meditation	Медитация
Meditative Brotherhood	Медитативное братство
Memorable	Незабываемость
Memory Degradation	Разрушение памяти
Memory Loss	Потеря памяти
Menphina's Ward	Защита Менфины
Merciful Air	Милосердный воздух
Mesmerized	Заворожённость
Miasma	Миазмы
Mid Glitch	Средний сбой
Midsummer Night's Balm	Бальзам летней ночи
Might of Crags	Мощь скал
Might of the Inferno	Мощь пекла
Might of the Vortex	Мощь вихря
Mighty Strikes	Могучие удары
Mimicry	Подражание
Mini	Уменьшение
Minimum	Минимальный размер
Mirrored Incantation	Зеркальное заклинание
Mirrored Smoke	Зеркальный дым
Miscast	Ошибочное заклинание
Misery	Страдание
Missing Link	Недостающее звено
Misty Veil	Туманная завеса
Mitotic Phase	Фаза деления
Modification	Модификация
Mogdark Resistance	Сопротивление муглской тьме
Moglight Resistance	Сопротивление муглскому свету
Monochrome Tones	Монохромные тона
Monomachy	Единоборство
Monster Resistance	Сопротивление чудовищам
Monster Vulnerability	Уязвимость к чудовищам
Monstrous	Чудовищность
Moogle Portrait	Портрет мугла
Moonlit	В лунном свете
Moonseal	Лунная печать
Moonshadowed	Под лунной тенью
Moonspore Spurred	Побуждение лунных спор
Moonstalker	Лунный охотник
Morbid Meal	Мрачная трапеза
More than Satisfied	Более чем доволен
Mortal Atonement	Смертное искупление
Mortal Powder Mark	Смертельная пороховая метка
Mortal Vow	Смертный обет
Mortared	Миномётная метка
Mortific	Умерщвление
Motion Tracker	Датчик движения
Mounted	Верхом
Mousa's Mantle	Мантия музы
Mousse Mine	Муссовая мина
Movement Edict: 2 Squares	Приказ движения: 2 клетки
Movement Edict: 3 Squares	Приказ движения: 3 клетки
Movement Edict: 4 Squares	Приказ движения: 4 клетки
Movement Speed	Скорость передвижения
Muddy	Грязевой покров
Mudra	Мудра
Multisplice	Множественное сращение
Mummification	Мумификация
Muscle Activator	Мышечный активатор
Mustard Bombproof	Защита от горчичной бомбы
Mutating Cells	Мутирующие клетки
Mutation	Мутация
Mutation α	Мутация альфа
Mutation β	Мутация бета
Mutilation	Изувечивание
Nald'thal's Ward	Защита Нальд'тала
Name of the Elements	Имя стихий
Nameless	Безымянность
Nanoparticles	Наночастицы
Nascent Glint	Зарождающийся блеск
Nasty Surprise	Неприятный сюрприз
Natural Alignment	Естественное выравнивание
Nausea	Тошнота
Neap Tide	Слабый прилив
Near Shore Shackles	Оковы ближнего берега
Nearby Portent	Близкое предзнаменование
Necrosis	Некроз
Nectar	Нектар
Needle Poised	Игла наготове
Needle Veil	Игольная завеса
Needles Out	Иглы наружу
Negative Charge	Отрицательный заряд
Negatron	Негатрон
Nereidic Gravity	Гравитация нереиды
Neurolink	Нейросвязь
New Moon	Новолуние
Nightmare	Кошмар
Nine Lives	Девять жизней
Noctoshield	Ночной щит
Nocturnal Balance	Ночное равновесие
Nocturnal Benefic	Ночное благодеяние
Nocturnal Field	Ночное поле
Nocturnal Opposition	Ночное противостояние
Nocturnal Sect	Ночная секта
Nohurts Goblixer	Обезболивающий гобликсир
Nophica's Ward	Защита Нофики
Normal	Обычное состояние
Normal Stance	Обычная стойка
Nose for Battle	Чутьё на битву
Nova Ooze	Слизь новой звезды
Now Boarding	Посадка началась
Nowhere to Run	Некуда бежать
Noxious Gnash	Ядовитый скрежет
Nuisance	Помеха
Null Black	Поглощение чёрного
Null White	Поглощение белого
Numbing Current	Оцепеняющий поток
Nymian Plague	Нимийская чума
Oasal Balm	Бальзам оазиса
Obfuscated	Сокрытие
Oblatio	Жертвенное подношение
Odder	Выдра
Odder Incarnation	Воплощение выдры
Odder Prayer	Молитва выдры
Off-balance	Потеря равновесия
Offense Kit	Набор атаки
Offensive Optimization	Оптимизация атаки
Offensive Tactics	Наступательная тактика
Oil	Масло
Old	Старость
Omega	Омега
Omega-F	Омега-женщина
Omega-M	Омега-мужчина
Ominous Wind	Зловещий ветер
On Balance	В равновесии
On Fire	В огне
On a Roll	Полоса удачи
One Mind	Единый разум
One with Nature	Единство с природой
One-two Memory	Память раз-два
Opo-opo Form	Стойка опо-опо
Opposition	Противостояние
Out of Body	Вне тела
Out of Control	Потеря контроля
Out of the Action	Вне боя
Outer Darkness	Внешняя тьма
Outsider	Чужак
Overcure	Избыточное исцеление
Overflow Code Smell	Дефект кода переполнения
Overflow Debugger	Отладчик переполнения
Overheated	Перегрев
Overload	Перегрузка
Overmedicated	Передозировка лекарства
Oversampled Wave Cannon Loading	Зарядка сверхдискретной волновой пушки
Owlet	Совёнок
Pacification	Усмирение
Packet Filter F	Фильтр пакетов: женский
Packet Filter M	Фильтр пакетов: мужской
Pain	Боль
Palisade	Частокол
Pall of Darkness	Пелена тьмы
Pall of Grief	Пелена горя
Pall of Rage	Пелена ярости
Panhaimatinon	Всеобщий кровяной покров
Panic	Паника
Paradise Found	Обретённый рай
Paradise Regained	Возвращённый рай
Paralysis	Паралич
Paralysis Resistance	Сопротивление параличу
Paralyzing Spikes	Парализующие шипы
Partygoer	Участник праздника
Passenger	Пассажир
Patience of Stone	Терпение камня
Patience of Wind	Терпение ветра
Paying the Piper	Расплата по счетам
Penance	Покаяние
Penitent's Shackles	Оковы кающегося
Pent-up Rage	Сдерживаемая ярость
Perfect Defense	Совершенная защита
Perfect Groove	Идеальный ритм
Perfectio Occulta	Скрытое совершенство
Perfectio Parata	Подготовленное совершенство
Perfection: Alpha	Совершенство: альфа
Perfection: Beta	Совершенство: бета
Perfection: Gamma	Совершенство: гамма
Performance Code Smell	Дефект кода производительности
Performance Debugger	Отладчик производительности
Perpetual Conflagration	Непрерывный пожар
Petrification	Окаменение
Petrification Resistance	Сопротивление окаменению
Phantasmal	Призрачность
Phantom Black Mage	Призрачный чёрный маг
Phantom Blue Mage	Призрачный синий маг
Phantom Dragoon	Призрачный драгун
Phantom Edge	Призрачное лезвие
Phantom Freelancer	Призрачный вольный наёмник
Phantom Mastery	Призрачное мастерство
Phantom Necromancer	Призрачный некромант
Phantom Ninja	Призрачный ниндзя
Phantom Red Mage	Призрачный красный маг
Phantom Summoner	Призрачный призыватель
Phantom White Mage	Призрачный белый маг
Philosopher's Carrot	Философская морковь
Phlebotomize	Вскрытие вены
Phobosic Gravity	Гравитация страха
Phoenix's Blessing	Благословение Феникса
Physical Attenuation	Физическое ослабление
Physical Aversion	Отторжение физических атак
Physical Damage	Физический урон
Physical Field	Физическое поле
Physical Vulnerability	Уязвимость к физическому урону
Pick Clean	Собрать дочиста
Piercing Resistance	Сопротивление колющим ударам
Plagued	Заражение чумой
Planar Imprisonment	Заточение в ином плане
Playing with Fire	Игра с огнём
Playing with Ice	Игра со льдом
Ploutonos	Плутон
Poised for Twinblood	Готовность двойной крови
Poised for Twinfang	Готовность двойного клыка
Poised to Sword Dance	Готовность к танцу мечей
Poison	Яд
Poison 'n' Pop	Яд и хлопок
Poison Resistance	Сопротивление яду
Polarizing	Поляризация
Pollen	Пыльца
Pom Sketch	Набросок помпона
Pombination	Помпонное сочетание
Popoto Skin	Картофельная кожура
Poppet Resistance	Сопротивление куклам
Poppet Vulnerability	Уязвимость к куклам
Positive Charge	Положительный заряд
Positron	Позитрон
Potent Acid	Сильная кислота
Powder Barrel	Пороховая бочка
Powder Mark	Пороховая метка
Powder Mark Trail	След пороховой метки
Power Saver Mode	Режим энергосбережения
Power Slash	Мощный разрез
Power Surge	Всплеск мощи
Powerful	Могущество
Pox	Оспа
Prayer of Light	Молитва света
Prayers of Hope	Молитвы надежды
Precision	Точность
Prediction of Blessing	Предсказание благословения
Prediction of Cleansing	Предсказание очищения
Prediction of Judgment	Предсказание суда
Prediction of Starfall	Предсказание звездопада
Preferred World Bonus	Бонус предпочтительного мира
Preoccupied	Занятость
Preparation	Подготовка
Pressure Point	Болевая точка
Prey	Добыча
Prey: Greater Axebit	Добыча: большой топор-спутник
Prey: Lancepoint	Добыча: остриё копья
Prey: Lesser Axebit	Добыча: малый топор-спутник
Pride of the Lioness	Гордость львицы
Primal Rage	Первобытная ярость
Primary Target	Основная цель
Primeval Impulse	Первозданный импульс
Primordial Crust	Первозданная кора
Priority Aetheryte Pass	Приоритетный пропуск к эфириту
Priority Seal Allowance	Приоритетная надбавка печатей
Process of Elimination A	Процесс исключения А
Process of Elimination B	Процесс исключения Б
Process of Elimination C	Процесс исключения В
Program: #000000	Программа: чёрный, код 000000
Program: #FFFFFFF	Программа: белый, код семь букв эф
Projection	Проекция
Projection Locus	Точка проекции
Proper Care	Надлежащий уход
Proximate Current	Ближний поток
Pumpkin	Тыква
Pure	Чистота
Pure Muscle	Чистая мускулатура
Purgatory Winds	Ветры чистилища
Push Back	Отталкивание
PvPロールアクション：バリア	Ролевое действие против игроков: барьер
Pyramid	Пирамида
Pyrefaction	Огненное преображение
Pyretic	Пирексия
Pyromania	Огненное безумие
Quadruple	Учетверение
Quantum Entanglement	Квантовая запутанность
Quantum Nullification	Квантовое обнуление
Quarantine	Карантин
Quartered Soul	Четвертованная душа
Queen Bee	Пчелиная королева
Quick Sketch	Быстрый набросок
Quickening Dynamis 	Пробуждающийся динамис
Quicker Nock	Ускоренная тетива
Quicker Step	Ускоренный шаг
Quintuplecast	Пятерное заклинание
Radiant Veil	Сияющая завеса
Raging Rroneek	Разъярённый рронек
Raiju	Громовой зверь
Rainbow Bright	Радужное сияние
Rampant Heart	Неистовое сердце
Rancor	Злоба
Ranged Resistance	Сопротивление дальним атакам
Ranging	Увеличение дальности
Rapid Fire	Скоростная стрельба
Rapid Recitation	Быстрое чтение наизусть
Raptor Form	Стойка раптора
Rat and Mouse	Крыса и мышь
Rationing	Нормирование
Raven Blight	Воронья порча
Ray of Fortitude	Луч стойкости
Ray of Succor	Луч подмоги
Ray of Valor	Луч доблести
Razed Earth	Выжженная земля
Ready to Blast	Готовность к взрыву
Ready to Break	Готовность к разлому
Ready to Gouge	Готовность к глубокому порезу
Ready to Raze	Готовность к разрушению
Ready to Reawaken	Готовность к повторному пробуждению
Ready to Reign	Готовность к воцарению
Ready to Rip	Готовность к разрыву
Ready to Tear	Готовность к растерзанию
Rear Blaster Charge	Заряд заднего бластера
Rear Mark of the Tides	Задняя метка прилива
Rearward Omen	Заднее знамение
Reassembled	Повторная сборка завершена
Reawakened	Повторное пробуждение
Reclaim	Возврат
Red Light	Красный свет
Redrawn Domain	Перерисованная область
Reduced Immunity	Ослабленный иммунитет
Reduced Rates	Сниженные расценки
Reforged	Перековка
Refulgent Chain	Блистающая цепь
Refulgent Fate	Блистающая судьба
Refulgent Lux	Блистающий свет
Regain	Восполнение
Rehabilitation	Реабилитация
Relentless March	Неустанный марш
Relentless Shrapnel	Неустанная шрапнель
Reminiscence	Воспоминание
Remote Code Smell	Удалённый дефект кода
Remote Current	Дальний поток
Remote Glitch	Удалённый сбой
Remote Regression	Удалённая регрессия
Remote Resonance	Удалённый резонанс
Rent Mind	Разорванный разум
Repelling Spray	Отталкивающие брызги
Repertoire	Репертуар
Requisitioned Magitek	Реквизированная магитехника
Resilience	Устойчивость
Resin	Смола
Resonant	Резонанс
Restraining Order	Запрет приближаться
Restricted Access	Ограниченный доступ
Resurrection Denied	Воскрешение запрещено
Resurrection Restricted	Воскрешение ограничено
Reusing	Повторное использование
Revelation Resistance	Сопротивление откровению
Reversal of Forces	Обращение сил
Reverse	Обращение
Revised to Blizzards	Прогноз изменён на метели
Revised to Gale-force Winds	Прогноз изменён на штормовой ветер
Revised to Hyperelectricity	Прогноз изменён на сверхэлектричество
Revised to Wildfires	Прогноз изменён на пожары
Revolutionary	Революционность
Rhythmetic Fever	Ритмическая лихорадка
Right Arm Operational	Правая рука исправна
Right Arm	Правая рука
Right Arm Reassembly	Повторная сборка правой руки
Right Blaster Charge	Заряд правого бластера
Right Eye	Правый глаз
Right Face	Поворот вправо
Right Mark of the Tides	Правая метка прилива
Right Unseen	Незаметность справа
Right Windup	Правый замах
Right of Entry: The Forked Tower	Право входа: Раздвоенная башня
Right with Thee	Вправо с тобой
Rightward Bearing	Направление вправо
Rightward Fracture	Правый разлом
Rightward Memory	Память о правом направлении
Rightward Omen	Правое знамение
Rightward Whimsy	Правая прихоть
Riled	Раздражение
Ring of Fire	Огненное кольцо
Ripe for Reaping	Готовность к жатве
Rise of the Phoenix	Возрождение Феникса
Rising Rhythm	Нарастающий ритм
Rite of Passage	Обряд посвящения
Rite of the Great Whale	Обряд великого кита
Rite of the Sea Turtle	Обряд морской черепахи
Rite of the Sparrow	Обряд воробья
Road to Toad	Путь к жабе
Roar of Conviction	Рёв убеждённости
Rodential Rebirth	Перерождение в грызуна
Role Call	Перекличка ролей
Role-playing	Исполнение роли
Rotten Honey	Гнилой мёд
Rotting Flesh	Гниющая плоть
Rotting Lungs	Гниющие лёгкие
Roundhouse Conductor	Проводник кругового удара
Rouse	Пробуждение силы
Royal Favor	Королевская благосклонность
Royal Rouse	Королевское воодушевление
Rroneek Pulse	Пульс рронека
Rroneek's Favor	Благосклонность рронека
Ruby's Glimmer	Рубиновый отблеск
Ruination	Разорение
Running Cold: -1	Охлаждение: минус 1
Running Cold: -2	Охлаждение: минус 2
Running Hot: +1	Нагрев: плюс 1
Running Hot: +2	Нагрев: плюс 2
Running Wild	Дикий разгул
Rush Edict	Приказ стремительного движения
SPD	Скорость
Sacred Claim	Священное притязание
Sacred Sight	Священное зрение
Sacrifice's Fate	Судьба жертвы
Safeguard	Охрана
Safety Lock: Aetherial Aegis	Предохранитель: эфирная эгида
Safety Lock: Pyretic Booster	Предохранитель: огненный ускоритель
Sage's Wisdom	Мудрость мудреца
Salt's Bane	Пагуба соли
Sanction	Санкция
Sandstill	Застывший песок
Sapling's Crown	Корона саженца
Satisfied	Удовлетворение
Scale Flakes	Осыпание чешуи
Scale Kinship	Чешуйчатое родство
Scalebound	Связанный чешуёй
Scattered Wailing	Рассеянный вой
Scorn	Презрение
Scourge	Бич
Scouring Waters	Очищающие воды
Scream of the Fallen	Крик павших
Seal Sweetener	Надбавка печатей
Seal of the Bell	Печать колокола
Seal of the Blade	Печать клинка
Seal of the Bow	Печать лука
Seal of the Harp	Печать арфы
Sealed Doton	Запечатанное искусство земли
Sealed Forked Raiju	Запечатанный раздвоенный громовой зверь
Sealed Goka Mekkyaku	Запечатанное испепеление адским пламенем
Sealed Huton	Запечатанное искусство ветра
Sealed Hyosho Ranryu	Запечатанная буря ледяных кристаллов
Sealed Meisui	Запечатанная чистая вода
Searing Chains	Опаляющие цепи
Searing Wind	Опаляющий ветер
Seasons of the Fleeting	Мимолётные времена года
Second Brand	Второе клеймо
Second Chakra	Вторая чакра
Second Flame	Второе пламя
Second in Line	Второй в очереди
Seduced	Соблазнение
Seed Crystals	Кристаллы-семена
Seed Kinship	Родство семян
Seed of Life	Семя жизни
Seeds Sown	Семена посеяны
Seized	Захват
Senri's Favor	Благосклонность сэнри
Sequence AB1	Последовательность АБ1
Sequence AP1	Последовательность АП1
Sequence AS1	Последовательность АС1
Seraph Flight	Полёт серафима
Servant of Shadow	Слуга тени
Seventh Heaven	Седьмое небо
Severe Damage	Тяжёлое повреждение
Shackled Abilities	Скованные способности
Shackled Apart	Раздельные оковы
Shackled Healing	Скованное лечение
Shackled Together	Общие оковы
Shackles of Companionship	Оковы товарищества
Shackles of Loneliness	Оковы одиночества
Shackles of Time	Оковы времени
Shadewalker	Теневой странник
Shadow Fang	Теневой клык
Shadow Flare	Теневая вспышка
Shadow Limb	Теневая конечность
Shadow Links	Теневые связи
Shadow Walker	Странник тени
Shadow of the Dragon	Тень дракона
Shadowed	Затенение
Shadowskin	Теневая кожа
Shake It Off (Over Time)	Стряхнуть: периодическое лечение
Shared Grotesquerie	Общий гротеск
Shared Sentence	Общий приговор
Sharpened Sights	Обострённое зрение
Sheer Will	Чистая воля
Shield Oath	Клятва щита
Shield Protocol A	Протокол щита А
Shield Protocol B	Протокол щита Б
Shield Protocol C	Протокол щита В
Shield of the Fury	Щит Яростной
Shield of the Heavens	Щит небес
Shield-bearer	Щитоносец
Shieldbearer	Щитоносец
Shining Encouragement	Сияющее ободрение
Shining Moonstone	Сияющий лунный камень
Shock Spikes	Громовые шипы
Shocked	Поражение разрядом
Shocking Conception	Громовое зачатие
Shocking Counter	Громовая контратака
Shocking Cross	Громовой крест
Short Fuse	Короткий запал
Shroud of Saints	Покров святых
Sibling Revelry	Братское веселье
Silence	Безмолвие
Silence Resistance	Сопротивление безмолвию
Silenced	Лишение голоса
Silhouette	Силуэт
Silken Flow	Шёлковый поток
Silken Symmetry	Шёлковая симметрия
Silver Sickness	Серебряная болезнь
Silvered Fate	Посеребрённая судьба
Sin Bearer	Носитель греха
Single Mind	Единая мысль
Sinking	Погружение
Siren Song	Песня сирены
Six Fulms Under	Шесть фулмов под землёй
Skewer	Нанизывание
Skill Speed	Скорость умений
Sky's the Limit	Предел — небо
Skyblind	Небесная слепота
Skyborne	В воздухе
Slashing Resistance	Сопротивление рубящим ударам
Sleep Resistance	Сопротивление сну
Sleeping Dark	Спящая тьма
Sleeping Light	Спящий свет
Sleeve Draw	Карта из рукава
Slime	Слизь
Slippery Ground	Скользкая земля
Slippery Prey	Скользкая добыча
Slippery Slope	Скользкий склон
Slipping	Скольжение
Slow	Замедление
Slow Resistance	Сопротивление замедлению
Slow+	Усиленное замедление
Sludge	Жижа
Smiley Face	Улыбающееся лицо
Smothering Waters	Удушающие воды
Snake's Bane	Пагуба змеи
Sniper Cannon Fodder	Цель снайперской пушки
Snow Fort	Снежная крепость
Snowball	Снежок
Snowman	Снеговик
Soaking Wet	Насквозь промокший
Soaring	Парение ввысь
Sole Survivor	Единственный выживший
Solemn Vow	Торжественная клятва
Solo Step	Одиночный шаг
Solosplice	Одиночное сращение
Somanoutic Barrier	Соманаутический барьер
Soul Kinship	Родство душ
Soul Reaver	Раздиратель душ
Soul Stranded	Застрявшая душа
Soul of Devotion	Душа преданности
Soul of Fire	Душа огня
Soul of Friendship	Душа дружбы
Soul of Ice	Душа льда
Soul of the Beast	Душа зверя
Soul of the Mage	Душа мага
Soul of the Martialist	Душа мастера боя
Souls in the Balance	Души на весах
Spark of Dynamis	Искра динамиса
Spark of Hope	Искра надежды
Spear Drawn	Карта «Копьё» извлечена
Spear Held	Карта «Копьё» сохранена
Spearfisher's Intuition	Интуиция подводного рыболова
Spectator	Зритель
Spell Speed	Скорость заклинаний
Spell-in-Waiting	Отложенное заклинание
Spell-in-Waiting Refrain	Повтор отложенного заклинания
Spell-in-Waiting: Dark Aero III	Отложенное заклинание: тёмный ветер 3
Spell-in-Waiting: Dark Blizzard III	Отложенное заклинание: тёмная метель 3
Spell-in-Waiting: Dark Eruption	Отложенное заклинание: тёмное извержение
Spell-in-Waiting: Dark Fire III	Отложенное заклинание: тёмный огонь 3
Spell-in-Waiting: Dark Water III	Отложенное заклинание: тёмная вода 3
Spell-in-Waiting: Flare	Отложенное заклинание: вспышка
Spell-in-Waiting: Hell Wind	Отложенное заклинание: адский ветер
Spell-in-Waiting: Quietus	Отложенное заклинание: последний покой
Spell-in-Waiting: Return	Отложенное заклинание: возвращение
Spell-in-Waiting: Return II	Отложенное заклинание: возвращение 2
Spell-in-Waiting: Return IV	Отложенное заклинание: возвращение 4
Spell-in-Waiting: Shadoweye	Отложенное заклинание: теневой глаз
Spell-in-Waiting: Unholy Darkness	Отложенное заклинание: нечестивая тьма
Spick-and-span	Идеальная чистота
Spicy Circulation I	Пряная циркуляция 1
Spicy Circulation XXII	Пряная циркуляция 22
Spineshatter Dive Target	Цель пике сокрушения хребта
Spinning	Вращение
Spinning Conductor	Вращающийся проводник
Spire Drawn	Карта «Башня» извлечена
Spire Held	Карта «Башня» сохранена
Spirit of the Aetherweaver	Дух эфироткача
Spirit of the Beast	Дух зверя
Spirit of the Bloodsucker	Дух кровопийцы
Spirit of the Breathtaker	Дух похитителя дыхания
Spirit of the Divine	Дух божества
Spirit of the Duelist	Дух дуэлянта
Spirit of the Elder	Дух старейшины
Spirit of the Fiendhunter	Дух охотника на демонов
Spirit of the Gambler	Дух игрока
Spirit of the Guardian	Дух стража
Spirit of the Indomitable	Дух неукротимого
Spirit of the Irregular	Дух вольного бойца
Spirit of the Martialist	Дух мастера боя
Spirit of the Ordained	Дух посвящённого
Spirit of the Platebearer	Дух латника
Spirit of the Profane	Дух нечестивца
Spirit of the Savior	Дух спасителя
Spirit of the Skirmisher	Дух застрельщика
Spirit of the Templar	Дух храмовника
Spirit of the Veteran	Дух ветерана
Spirit of the Watcher	Дух наблюдателя
Spiteful Flames	Злобное пламя
Spjot	Копьё
Splashing Waters	Плещущие воды
Spotlightless	Вне света прожектора
Spreading Flames	Распространяющееся пламя
Spring Tide	Сильный прилив
Sprint Penalty	Штраф спринта
Spur	Шпора
Squadron Battle Manual	Боевой учебник отряда
Squadron Engineering Manual	Инженерный учебник отряда
Squadron Enlistment Manual	Учебник набора в отряд
Squadron Gear Maintenance Manual	Учебник ухода за снаряжением отряда
Squadron Spiritbonding Manual	Учебник духовной связи отряда
Squadron Survival Manual	Учебник выживания отряда
Squirrelly Prayer	Беличья молитва
Stab Wound	Колотая рана
Stable System	Стабильная система
Staggered	Пошатывание
Standing Firm	Твёрдая позиция
Star Contributor	Звёздный участник
Starstruck	Ослепление звездой
Static Charge	Статический заряд
Static Condensation	Статическая конденсация
Steady Hand	Твёрдая рука
Steel Scales	Стальная чешуя
Stellation	Звёздное построение
Stem the Flow	Остановить поток
Stem the Tide	Остановить прилив
Sticky	Липкость
Stinging Welt	Жалящий рубец
Stock Holder	Держатель запаса
Stone Curse	Каменное проклятие
Stone Wall	Каменная стена
Stonepack	Каменный запас
Stoneskin (Magical)	Каменная кожа: магическая
Stoneskin (Physical)	Каменная кожа: физическая
Storm's Succor	Подмога бури
Strength	Сила
Strengthening Stimulant	Укрепляющий стимулятор
Strings of the Marionette	Нити марионетки
Strong of Shield	Сила щита
Strong of Spear	Сила копья
Stronger Together	Вместе сильнее
Strung Up	Подвешивание
Stun	Оглушение
Stun Resistance	Сопротивление оглушению
Stung	Ужаление
Stunstrikes	Оглушающие удары
Stygian Tendrils	Стигийские щупальца
Subtle Ruin	Скрытая погибель
Subtractive Spectrum	Спектр смешения
Subtractive Suppressor Alpha	Вычитающий подавитель альфа
Subtractive Suppressor Beta	Вычитающий подавитель бета
Subversive Stance	Подрывная стойка
Sucked In	Затягивание
Suffocated Will	Задушенная воля
Sum of All Sins	Сумма всех грехов
Summon Order	Приказ призыва
Sundering Waters	Раскалывающие воды
Sunseal	Солнечная печать
Sunstrider	Солнечный странник
Suntouched	Касание солнца
Super Sprint	Сверхспринт
Superfluid	Сверхтекучесть
Supernal Guard	Небесная защита
Supersplice	Сверхсращение
Supplementary Formula	Дополнительный состав
Suppuration	Нагноение
Surge Protection	Защита от скачков
Surge Vector	Направление всплеска
Surging Tempest	Нарастающая буря
Surging Waters	Вздымающиеся воды
Surpanakha's Fury	Ярость Шурпанакхи
Sustain	Поддержание
Sustained Damage	Продолжающийся урон
Sustained Dark Damage	Продолжающийся урон тьмой
Sustained Light Damage	Продолжающийся урон светом
Swarmed	Окружение роем
Sweeping Waters	Сметающие воды
Swelling	Набухание
Sweltering	Изнуряющая жара
Swift Sprint	Быстрый спринт
Swiftkicks Goblixer	Гобликсир быстрых ног
Swiftscaled	Быстрая чешуя
Swiftskin's Venom	Яд быстрой кожи
Swiftsong	Песня быстроты
Swirling Waters	Кружащиеся воды
Sword of the Heavens	Меч небес
Sword-bearer	Меченосец
Swordbearer	Меченосец
Synchronization Code Smell	Дефект кода синхронизации
Synchronization Debugger	Отладчик синхронизации
Synchronized Firesnaking	Синхронная огненная змея
Synchronized Watersnaking	Синхронная водяная змея
System Error	Системная ошибка
System Lock	Блокировка системы
System Shock	Системный шок
TP Bleed	Утечка очков тактики
Tailwind	Попутный ветер
Tangled	Опутывание
Target Left	Цель слева
Target Right	Цель справа
Targeting	Наведение
Tartarus Mode	Режим Тартара
Tele-portent	Предзнаменование перемещения
Tempered Will	Закалённая воля
Temporal Barrier	Временной барьер
Temporal Displacement	Смещение во времени
Temporary Insanity	Временное безумие
Temporary Misdirection	Временная дезориентация
Tempted to Tango	Соблазн танго
Tender Anaphylaxis	Нежная анафилаксия
Tendo	Небесный путь
Tenebrous Grasp	Мрачная хватка
Tengentsu's Foresight	Предвидение всевидящего ока
Terrestrial Chains	Земные цепи
Terror	Ужас
Tetradæmoniac Bonds	Четверные демонические узы
Thaliak's Ward	Защита Талиака
That Which Binds Us	То, что нас связывает
The Deceiver	Обманщик
The Dragon's Curse	Проклятие дракона
The Echo	Эхо
The Gentleman Fantastick	Фантастический джентльмен
The Heat of Battle	Пыл битвы
The Narwhal's Lullaby	Колыбельная нарвала
The One Dragon	Единственный дракон
The Unforgotten	Незабытый
The Upholder	Защитник устоев
The Weight of Light	Бремя света
The Worm's Curse	Проклятие червя
Thermal High	Высокая температура
Thermal Low	Низкая температура
Thin Ice	Тонкий лёд
Third Brand	Третье клеймо
Third Chakra	Третья чакра
Third Flame	Третье пламя
Third in Line	Третий в очереди
Thorned Flourish	Колючий расцвет
Thornpricked	Укол шипом
Thorns of Death	Шипы смерти
Thorny Vine	Колючая лоза
Threatened	Под угрозой
Threefold Fan Dance	Тройной танец вееров
Threshold	Порог
Thrice-come Ruin	Трижды грядущая погибель
Thrill of War	Азарт войны
Throttle	Удушение
Through Earth	Сквозь землю
Through Fire	Сквозь огонь
Through Ice	Сквозь лёд
Through Thunder	Сквозь гром
Through Water	Сквозь воду
Through Wind	Сквозь ветер
Thrown for a Loop	Выведение из равновесия
Thunder Alchemy	Алхимия грома
Thunder of the Rroneek	Гром рронека
Thunderhead	Грозовая туча
Thunderous Echo	Громовой отзвук
Thunderous Memory	Громовая память
Thunderstruck	Поражение громом
Tidalspout Target	Цель приливного столба
Time and Tide	Время и прилив
Time's Up	Время вышло
Times Five	Умножение на пять
Times Three	Умножение на три
Tingling	Покалывание
Tireless	Неутомимость
Titan's Favor	Благосклонность Титана
Tizona's Bastion	Бастион Тисоны
To the Dungeons	В темницы
Token Benefits	Бонус жетонов
Top of the Hive	Вершина улья
Tornado Edict	Указ торнадо
Torrential Ruin	Ливневая погибель
Touch of Death	Касание смерти
Touch of Frost	Касание мороза
Tough Skin	Прочная кожа
Tower Defense	Защита башни
Toxic Alchemy	Алхимия яда
Toxic Conception	Ядовитое зачатие
Toxic Minerals	Ядовитые минералы
Toxicosis	Токсикоз
Trailblazing	Прокладывание пути
Transcendent	Превосхождение
Transfiguration	Преображение
Transparent	Прозрачность
Trapper	Ловец
Trauma	Травма
Trickle of Fire	Струйка огня
Triple	Утроение
Tritonic Gravity	Гравитация тритона
Troubadour's Ballad	Баллада трубадура
Troubadour's Minuet	Менуэт трубадура
Troubadour's Paeon	Пеан трубадура
True Benison	Истинное благословение
True Bravery	Истинная храбрость
True Finish	Истинный финал
True Hallowed Ground	Истинная святая земля
True Medica II	Истинное общее исцеление 2
True Rampart	Истинный защитный вал
True Reprisal	Истинное возмездие
True Sentinel	Истинный часовой
True Sight	Истинное зрение
True Step	Истинный шаг
True Stoneskin	Истинная каменная кожа
True Virtue	Истинная добродетель
True Walking Dead	Истинный ходячий мертвец
Truly Berserk	Истинное неистовство
Trusty Shield	Надёжный щит
Tural's Embrace	Объятие Турала
Turali Will	Воля Турала
Turbulence	Турбулентность
Turret Reset	Сброс турели
Twice-come Ruin	Дважды грядущая погибель
Twin Fates	Двойные судьбы
Twist of Fate	Поворот судьбы
Twisted Tongue	Спутанный язык
Twisting Viper	Извивающаяся гадюка
Two-swipe Memory	Память двух взмахов
Ultros Simulation	Имитация Ультроса
Umbral Ascendancy	Теневое превосходство
Umbral Attenuation	Теневое ослабление
Umbral Cloak	Теневой плащ
Umbral Effect	Теневой эффект
Umbral Essence	Теневая сущность
Umbral Freeze	Теневая заморозка
Umbral Ice	Теневой лёд
Umbral Rays	Теневые лучи
Umbral Tilt	Теневой перекос
Umbralbright Soul	Тенево-светлая душа
Umbralstrong Soul	Тенево-сильная душа
Unbecoming	Утрата облика
Unbreakable Flesh α	Несокрушимая плоть альфа
Unbreakable Flesh β	Несокрушимая плоть бета
Unbridled	Необузданность
Unbroken Mettle	Несломленная отвага
Unchained	Без оков
Uncontrollable	Неуправляемость
Undead Rebirth	Возрождение нежити
Undead Redemption	Искупление нежити
Underflow Code Smell	Дефект кода потери значимости
Underflow Debugger	Отладчик потери значимости
Undying Flame	Неугасимое пламя
Unfooled	Обман раскрыт
Unforgotten	Незабытость
Unguarded	Без защиты
Uninterrupted	Непрерывность
Unlimited	Безграничность
Unmagicked	Лишение магии
Unnerved	Потеря самообладания
Unrelenting Anguish	Неослабевающее мучение
Unrelenting Counter	Неослабевающая контратака
Unsealed	Распечатывание
Unsealed Seiton Tenchu	Распечатанное бегство звёзд: небесная кара
Unseen Force	Невидимая сила
Unshakable Loyalty	Непоколебимая верность
Unstable	Нестабильность
Unstable Factor	Нестабильный фактор
Unstable Gravity	Нестабильная гравитация
Unveiled	Снятый покров
Unwavering Will	Непоколебимая воля
Unwilling Host	Невольный носитель
Utmost Caution	Предельная осторожность
Valued Customer	Ценный клиент
Vanished	Исчезновение
Variant Cure Set	Выбрано вариативное исцеление
Variant Eagle Eye Shot Set	Выбран вариативный выстрел орлиного глаза
Variant Raise Set	Выбрано вариативное воскрешение
Variant Rampart Set	Выбран вариативный защитный вал
Variant Spirit Dart Set	Выбран вариативный духовный дротик
Variant Ultimatum Set	Выбран вариативный ультиматум
Vaunted Hero	Прославленный герой
Vaunted Villain	Прославленный злодей
Vauthry's Blessing	Благословение Вотри
Vegetal Vapours	Растительные пары
Veil of Darkness	Завеса тьмы
Veil of Gukumatz	Завеса Гукумаца
Veil of Light	Завеса света
Veil of Shadow	Завеса тени
Vengeful Flame	Мстительное пламя
Vengeful Pyre	Костёр мести
Vermedica II	Алое общее исцеление 2
Vermilion Radiance	Киноварное сияние
Vertigo	Головокружение
Vigilant	Бдительность
Vile Kinship	Скверное родство
Virus	Вирус
Viscous Aetheroplasm	Вязкая эфироплазма
Vital Sign	Признак жизни
Vitality	Живучесть
Vitalized	Наполнение жизнью
Voice of Fortitude	Голос стойкости
Voice of Valor	Голос доблести
Voidblood	Кровь пустоты
Voidbound	Связанный пустотой
Volant Heart	Крылатое сердце
Vortex Barrier	Вихревой барьер
Vulnerability	Уязвимость
Walking Dead	Ходячий мертвец
Wanderer's Fate	Судьба странника
Wanderer's Minuet	Менуэт Странника
Wandering Eyes	Блуждающий взгляд
Waning Nocturne	Убывающий ноктюрн
Warden's Grace	Милость Хранителя
Warding Scale	Защитная чешуя
Warm Tint	Тёплый оттенок
Warmonger	Разжигатель войны
Water Resistance	Сопротивление воде
Watersnaking	Водяная змея
Watery Grave	Водяная могила
Wave Kinship	Родство волн
Wavelength α	Длина волны альфа
Wavelength β	Длина волны бета
Wavering Heart	Колеблющееся сердце
Waxen Flesh	Восковая плоть
Waxing Nocturne	Нарастающий ноктюрн
Waymark	Указатель
Weak Magitek Field	Слабое магитехническое поле
Weakness	Слабость
Weapon Pilfered	Оружие похищено
Well-done, Steak	Хорошо прожаренный стейк
West Wind of Change	Западный ветер перемен
Westerly Reprise	Западная реприза
Westerly Winds	Западные ветры
Wet Plate	Мокрая пластина
Whaleback	Китовая спина
What You See	То, что ты видишь
Wheel in Motion	Колесо в движении
Wheel of Fortune	Колесо фортуны
Whispered Incantation	Прошептанное заклинание
Whispers Manifest	Воплощение шёпота
White Shift	Белый сдвиг
White Wound	Белая рана
Who Is She	Кто она
Wicked Water	Зловещая вода
Wicked Whim	Злая прихоть
Wide Awake	Полное бодрствование
Wide-eyed	Широко раскрытые глаза
Will of the Water	Воля воды
Will of the Wind	Воля ветра
Will to Live	Воля к жизни
Willful	Своеволие
Willing to Waltz	Желание вальсировать
Wind Resistance	Сопротивление ветру
Wind Resonance	Резонанс ветра
Wind Weakness	Слабость к ветру
Wind's Rumination	Размышление ветра
Wind-aspected	Аспект ветра
Windborne End	Ветреная погибель
Windburn	Ветровой ожог
Windpack	Запас ветра
Windwall	Стена ветра
Wing Sketch	Набросок крыла
Winged Conception	Крылатое зачатие
Winged Redemption	Крылатое искупление
Winged Shield	Крылатый щит
Wingmark	Метка крыла
Wings of the Raptor	Крылья раптора
Winners Keepers	Победитель забирает всё
Wit's End	Предел разума
Withering	Увядание
Without Sin	Без греха
Woken	Пробуждение
Wolf's Heart Kit	Набор волчьего сердца
Wounded	Ранение
Wrath	Гнев
Wrathful	Гневное состояние
Wrathful Revelation	Гневное откровение
Wyrmclaw	Драконий коготь
Wyrmfang	Драконий клык
X Marks the Shock	Крест отмечает разряд
X-marked Soul	Душа, отмеченная крестом
Xtreme Firesnaking	Предельная огненная змея
Xtreme Watersnaking	Предельная водяная змея
Your Move: 2 Squares	Твой ход: 2 клетки
Your Move: 3 Squares	Твой ход: 3 клетки
Your Move: 4 Squares	Твой ход: 4 клетки
Zombie-proof	Защита от зомбификации
Zombification	Превращение в зомби
●ぶんどる：自身	Ограбление: собственный эффект
●ゾーエ	Жизнь
●ターゲット	Цель
●ターゲット対象外	Вне списка целей
●デプラスマン実行可	Готовность отступления
●トキシコンII	Токсин 2
●ブラッドウェポン	Кровавое оружие
●プライマルレンド実行可	Готовность первобытного разрыва
●プランジカット	Погружение
●ホーリー・シェルトロン：追撃	Священная стена щитов: дополнительный удар
●ポーション	Зелье
●偽神獣の猛毒	Сильный яд ложного божественного зверя
●女神の加護	Покровительство богини
●弱点：雷属性	Слабость: молния
●強制稼働	Принудительная активация
●必滅の炎	Неотвратимое пламя гибели
●攻撃回想	Воспоминание об атаке
アクション実行不可	Невозможно выполнять действия
アルティメイタム	Ультиматум
アルティメイタム[被]	Под действием ультиматума
アンガジェマン実行可	Готовность вступления в бой
インペイルメント実行可	Готовность пронзания
カルディア[被]	Получатель сердечной связи
クリムゾンサイクロン	Багровый циклон
クワイタス	Последний покой
シャーク	Передача угрозы
シャーク[被]	Получение угрозы
ストンスキン	Каменная кожа
スリル・オブ・ウォー：効果	Азарт войны: эффект
スロウ	Замедление
ダーククローク	Тёмный плащ
ドレッドセンチネル	Ужасающий часовой
ドロー[1]	Извлечение карты 1
ドロー[2]	Извлечение карты 2
ドロー[3]	Извлечение карты 3
ドロー[4]	Извлечение карты 4
ドロー[5]	Извлечение карты 5
ドロー[6]	Извлечение карты 6
ナルザルの天秤：死	Весы Нальд'тала: смерть
ナルザルの天秤：生	Весы Нальд'тала: жизнь
ナーヴトキシン：前	Нейротоксин: спереди
ナーヴトキシン：右	Нейротоксин: справа
ナーヴトキシン：左	Нейротоксин: слева
ナーヴトキシン：後	Нейротоксин: сзади
ハイドロエーテル	Водный эфир
ハートコンボ実行可	Готовность сердечной комбинации
ハート・オブ・ミゼリ	Сердце страдания
バインド	Обездвиживание
バーストストライク	Разрывной удар
パニック	Паника
フェイテッドサークル	Круг судьбы
ブラッドスピラー	Пролитие крови
ブラッドドロー	Извлечение крови
プシュケー	Душа
ホーリースピリット効果アップ	Усиление святого духа
ホールドブレス	Задержка дыхания
マジカルブレス：氷	Магическое дыхание: лёд
マジカルブレス：火	Магическое дыхание: огонь
マジカルブレス：雷	Магическое дыхание: молния
メテオドライヴ	Метеорный натиск
ライトクローク	Светлый плащ
ラフディバイド	Грубое рассечение
ロスト・ウェポンブレイク	Забытое действие: разрушение оружия
ヴァルエアロ	Алый ветер
ヴァルサンダー	Алый гром
三連魔	Тройное заклинание
不浄の侵食	Нечестивое разъедание
不浄の恐怖	Нечестивый ужас
削除予定	Предназначено для удаления
反転プログラム	Программа обращения
吸魔	Поглощение маны
回転角2倍	Удвоенный угол вращения
回転角4倍	Учетверённый угол вращения
孤独感	Чувство одиночества
拘束	Сковывание
星遁天誅	Бегство звёзд: небесная кара
時限呪詛・北風	Отложенное проклятие: северный ветер
時限呪詛・南風	Отложенное проклятие: южный ветер
毒素保持	Удержание токсина
無敵	Неуязвимость
爆身変化	Взрывное превращение
石化の呪い	Проклятие окаменения
突属性耐性低下［強］	Сильное снижение сопротивления колющим ударам
第一の事象記録	Первая запись события
第三の事象記録	Третья запись события
第二の事象記録	Вторая запись события
精霊の加護	Покровительство духов
絶空拳	Кулак рассечения небес
綻び：前	Разрыв спереди
英雄のファンタジア［戦］	Фантазия героя: воин
英雄のファンタジア［魔］	Фантазия героя: маг
被物理ダメージ増加	Повышение получаемого физического урона
被物理ダメージ軽減	Снижение получаемого физического урона
被魔法ダメージ軽減	Снижение получаемого магического урона
連環細胞	Связанные клетки
連環細胞［害］	Вредоносные связанные клетки
闇の攻勢	Наступление тьмы
風属性耐性低下［強］	Сильное снижение сопротивления ветру
魔力汚染	Магическое загрязнение
ＨＰ自然回復無効	Естественное восстановление здоровья отключено
